<?xml version='1.0' encoding='UTF-8' standalone='yes' ?>
<gpx xsi:schemaLocation="http://www.topografix.com/GPX/1/1 http://www.topografix.com/GPX/1/1/gpx.xsd" xmlns="http://www.topografix.com/GPX/1/1" xmlns:xsi="http://www.w3.org/2001/XMLSchema-instance" xmlns:ns3="http://www.garmin.com/xmlschemas/TrackPointExtension/v1" xmlns:ns2="http://www.garmin.com/xmlschemas/GpxExtensions/v3" xmlns:ns1="http://www.cluetrust.com/XML/GPXDATA/1/0" creator="Amazfit Balance" version="1.1">
	<trk>
		<name><![CDATA[20251205 Marche]]></name>
		<trkseg>
			<trkpt lat="48.97726708" lon="2.32755781">
				<ele>45.51</ele>
				<time>2025-12-05T10:53:17Z</time>
				<extensions>
					<ns3:TrackPointExtension>
						<ns3:speed>0.69</ns3:speed>
						<ns3:cad>44.0</ns3:cad>
						<ns3:hr>101</ns3:hr>
					</ns3:TrackPointExtension>
				</extensions>
			</trkpt>
			<trkpt lat="48.97727307" lon="2.32754415">
				<ele>45.51</ele>
				<time>2025-12-05T10:53:18Z</time>
				<extensions>
					<ns3:TrackPointExtension>
						<ns3:speed>0.68</ns3:speed>
						<ns3:cad>52.0</ns3:cad>
						<ns3:hr>100</ns3:hr>
					</ns3:TrackPointExtension>
				</extensions>
			</trkpt>
			<trkpt lat="48.9772784" lon="2.32752916">
				<ele>45.53</ele>
				<time>2025-12-05T10:53:19Z</time>
				<extensions>
					<ns3:TrackPointExtension>
						<ns3:speed>0.73</ns3:speed>
						<ns3:cad>53.0</ns3:cad>
						<ns3:hr>99</ns3:hr>
					</ns3:TrackPointExtension>
				</extensions>
			</trkpt>
			<trkpt lat="48.97728406" lon="2.32751383">
				<ele>45.54</ele>
				<time>2025-12-05T10:53:20Z</time>
				<extensions>
					<ns3:TrackPointExtension>
						<ns3:speed>0.79</ns3:speed>
						<ns3:cad>53.0</ns3:cad>
						<ns3:hr>99</ns3:hr>
					</ns3:TrackPointExtension>
				</extensions>
			</trkpt>
			<trkpt lat="48.97729072" lon="2.3275005">
				<ele>45.55</ele>
				<time>2025-12-05T10:53:21Z</time>
				<extensions>
					<ns3:TrackPointExtension>
						<ns3:speed>0.86</ns3:speed>
						<ns3:cad>53.0</ns3:cad>
						<ns3:hr>99</ns3:hr>
					</ns3:TrackPointExtension>
				</extensions>
			</trkpt>
			<trkpt lat="48.97729738" lon="2.32748684">
				<ele>45.56</ele>
				<time>2025-12-05T10:53:22Z</time>
				<extensions>
					<ns3:TrackPointExtension>
						<ns3:speed>1.01</ns3:speed>
						<ns3:cad>53.0</ns3:cad>
						<ns3:hr>101</ns3:hr>
					</ns3:TrackPointExtension>
				</extensions>
			</trkpt>
			<trkpt lat="48.97730471" lon="2.32747418">
				<ele>45.56</ele>
				<time>2025-12-05T10:53:23Z</time>
				<extensions>
					<ns3:TrackPointExtension>
						<ns3:speed>1.13</ns3:speed>
						<ns3:cad>53.0</ns3:cad>
						<ns3:hr>102</ns3:hr>
					</ns3:TrackPointExtension>
				</extensions>
			</trkpt>
			<trkpt lat="48.97731337" lon="2.32746285">
				<ele>45.56</ele>
				<time>2025-12-05T10:53:24Z</time>
				<extensions>
					<ns3:TrackPointExtension>
						<ns3:speed>1.17</ns3:speed>
						<ns3:cad>54.0</ns3:cad>
						<ns3:hr>102</ns3:hr>
					</ns3:TrackPointExtension>
				</extensions>
			</trkpt>
			<trkpt lat="48.97732236" lon="2.32745219">
				<ele>45.58</ele>
				<time>2025-12-05T10:53:25Z</time>
				<extensions>
					<ns3:TrackPointExtension>
						<ns3:speed>1.19</ns3:speed>
						<ns3:cad>54.0</ns3:cad>
						<ns3:hr>103</ns3:hr>
					</ns3:TrackPointExtension>
				</extensions>
			</trkpt>
			<trkpt lat="48.97732969" lon="2.32744219">
				<ele>45.6</ele>
				<time>2025-12-05T10:53:26Z</time>
				<extensions>
					<ns3:TrackPointExtension>
						<ns3:speed>1.22</ns3:speed>
						<ns3:cad>56.0</ns3:cad>
						<ns3:hr>103</ns3:hr>
					</ns3:TrackPointExtension>
				</extensions>
			</trkpt>
			<trkpt lat="48.97733535" lon="2.32742953">
				<ele>45.63</ele>
				<time>2025-12-05T10:53:27Z</time>
				<extensions>
					<ns3:TrackPointExtension>
						<ns3:speed>1.23</ns3:speed>
						<ns3:cad>57.0</ns3:cad>
						<ns3:hr>103</ns3:hr>
					</ns3:TrackPointExtension>
				</extensions>
			</trkpt>
			<trkpt lat="48.97734234" lon="2.32741787">
				<ele>45.65</ele>
				<time>2025-12-05T10:53:28Z</time>
				<extensions>
					<ns3:TrackPointExtension>
						<ns3:speed>1.22</ns3:speed>
						<ns3:cad>58.0</ns3:cad>
						<ns3:hr>104</ns3:hr>
					</ns3:TrackPointExtension>
				</extensions>
			</trkpt>
			<trkpt lat="48.97734967" lon="2.32740554">
				<ele>45.7</ele>
				<time>2025-12-05T10:53:29Z</time>
				<extensions>
					<ns3:TrackPointExtension>
						<ns3:speed>1.21</ns3:speed>
						<ns3:cad>59.0</ns3:cad>
						<ns3:hr>104</ns3:hr>
					</ns3:TrackPointExtension>
				</extensions>
			</trkpt>
			<trkpt lat="48.97735666" lon="2.32739221">
				<ele>45.74</ele>
				<time>2025-12-05T10:53:30Z</time>
				<extensions>
					<ns3:TrackPointExtension>
						<ns3:speed>1.21</ns3:speed>
						<ns3:cad>60.0</ns3:cad>
						<ns3:hr>104</ns3:hr>
					</ns3:TrackPointExtension>
				</extensions>
			</trkpt>
			<trkpt lat="48.97736366" lon="2.32737888">
				<ele>45.77</ele>
				<time>2025-12-05T10:53:31Z</time>
				<extensions>
					<ns3:TrackPointExtension>
						<ns3:speed>1.24</ns3:speed>
						<ns3:cad>60.0</ns3:cad>
						<ns3:hr>105</ns3:hr>
					</ns3:TrackPointExtension>
				</extensions>
			</trkpt>
			<trkpt lat="48.97737332" lon="2.32736722">
				<ele>45.8</ele>
				<time>2025-12-05T10:53:32Z</time>
				<extensions>
					<ns3:TrackPointExtension>
						<ns3:speed>1.27</ns3:speed>
						<ns3:cad>60.0</ns3:cad>
						<ns3:hr>106</ns3:hr>
					</ns3:TrackPointExtension>
				</extensions>
			</trkpt>
			<trkpt lat="48.97738698" lon="2.32736056">
				<ele>45.81</ele>
				<time>2025-12-05T10:53:33Z</time>
				<extensions>
					<ns3:TrackPointExtension>
						<ns3:speed>1.29</ns3:speed>
						<ns3:cad>59.0</ns3:cad>
						<ns3:hr>106</ns3:hr>
					</ns3:TrackPointExtension>
				</extensions>
			</trkpt>
			<trkpt lat="48.97740298" lon="2.3273569">
				<ele>45.86</ele>
				<time>2025-12-05T10:53:34Z</time>
				<extensions>
					<ns3:TrackPointExtension>
						<ns3:speed>1.34</ns3:speed>
						<ns3:cad>58.0</ns3:cad>
						<ns3:hr>107</ns3:hr>
					</ns3:TrackPointExtension>
				</extensions>
			</trkpt>
			<trkpt lat="48.97741831" lon="2.32735756">
				<ele>45.88</ele>
				<time>2025-12-05T10:53:35Z</time>
				<extensions>
					<ns3:TrackPointExtension>
						<ns3:speed>1.42</ns3:speed>
						<ns3:cad>58.0</ns3:cad>
						<ns3:hr>106</ns3:hr>
					</ns3:TrackPointExtension>
				</extensions>
			</trkpt>
			<trkpt lat="48.97743297" lon="2.32736089">
				<ele>45.92</ele>
				<time>2025-12-05T10:53:36Z</time>
				<extensions>
					<ns3:TrackPointExtension>
						<ns3:speed>1.51</ns3:speed>
						<ns3:cad>57.0</ns3:cad>
						<ns3:hr>107</ns3:hr>
					</ns3:TrackPointExtension>
				</extensions>
			</trkpt>
			<trkpt lat="48.97744763" lon="2.32736522">
				<ele>45.96</ele>
				<time>2025-12-05T10:53:37Z</time>
				<extensions>
					<ns3:TrackPointExtension>
						<ns3:speed>1.56</ns3:speed>
						<ns3:cad>57.0</ns3:cad>
						<ns3:hr>107</ns3:hr>
					</ns3:TrackPointExtension>
				</extensions>
			</trkpt>
			<trkpt lat="48.97746163" lon="2.32737055">
				<ele>45.97</ele>
				<time>2025-12-05T10:53:38Z</time>
				<extensions>
					<ns3:TrackPointExtension>
						<ns3:speed>1.55</ns3:speed>
						<ns3:cad>57.0</ns3:cad>
						<ns3:hr>106</ns3:hr>
					</ns3:TrackPointExtension>
				</extensions>
			</trkpt>
			<trkpt lat="48.97747362" lon="2.32737721">
				<ele>46.0</ele>
				<time>2025-12-05T10:53:39Z</time>
				<extensions>
					<ns3:TrackPointExtension>
						<ns3:speed>1.52</ns3:speed>
						<ns3:cad>56.0</ns3:cad>
						<ns3:hr>106</ns3:hr>
					</ns3:TrackPointExtension>
				</extensions>
			</trkpt>
			<trkpt lat="48.97748695" lon="2.32738254">
				<ele>46.02</ele>
				<time>2025-12-05T10:53:40Z</time>
				<extensions>
					<ns3:TrackPointExtension>
						<ns3:speed>1.48</ns3:speed>
						<ns3:cad>56.0</ns3:cad>
						<ns3:hr>106</ns3:hr>
					</ns3:TrackPointExtension>
				</extensions>
			</trkpt>
			<trkpt lat="48.97750061" lon="2.32738687">
				<ele>46.04</ele>
				<time>2025-12-05T10:53:41Z</time>
				<extensions>
					<ns3:TrackPointExtension>
						<ns3:speed>1.44</ns3:speed>
						<ns3:cad>55.0</ns3:cad>
						<ns3:hr>106</ns3:hr>
					</ns3:TrackPointExtension>
				</extensions>
			</trkpt>
			<trkpt lat="48.97751327" lon="2.32739287">
				<ele>46.05</ele>
				<time>2025-12-05T10:53:42Z</time>
				<extensions>
					<ns3:TrackPointExtension>
						<ns3:speed>1.41</ns3:speed>
						<ns3:cad>55.0</ns3:cad>
						<ns3:hr>106</ns3:hr>
					</ns3:TrackPointExtension>
				</extensions>
			</trkpt>
			<trkpt lat="48.9775256" lon="2.32739786">
				<ele>46.06</ele>
				<time>2025-12-05T10:53:43Z</time>
				<extensions>
					<ns3:TrackPointExtension>
						<ns3:speed>1.41</ns3:speed>
						<ns3:cad>55.0</ns3:cad>
						<ns3:hr>105</ns3:hr>
					</ns3:TrackPointExtension>
				</extensions>
			</trkpt>
			<trkpt lat="48.97753826" lon="2.32740285">
				<ele>46.11</ele>
				<time>2025-12-05T10:53:44Z</time>
				<extensions>
					<ns3:TrackPointExtension>
						<ns3:speed>1.39</ns3:speed>
						<ns3:cad>55.0</ns3:cad>
						<ns3:hr>104</ns3:hr>
					</ns3:TrackPointExtension>
				</extensions>
			</trkpt>
			<trkpt lat="48.97755192" lon="2.32740651">
				<ele>46.15</ele>
				<time>2025-12-05T10:53:45Z</time>
				<extensions>
					<ns3:TrackPointExtension>
						<ns3:speed>1.36</ns3:speed>
						<ns3:cad>55.0</ns3:cad>
						<ns3:hr>103</ns3:hr>
					</ns3:TrackPointExtension>
				</extensions>
			</trkpt>
			<trkpt lat="48.97756491" lon="2.32741084">
				<ele>46.18</ele>
				<time>2025-12-05T10:53:46Z</time>
				<extensions>
					<ns3:TrackPointExtension>
						<ns3:speed>1.34</ns3:speed>
						<ns3:cad>55.0</ns3:cad>
						<ns3:hr>103</ns3:hr>
					</ns3:TrackPointExtension>
				</extensions>
			</trkpt>
			<trkpt lat="48.97757657" lon="2.32741517">
				<ele>46.22</ele>
				<time>2025-12-05T10:53:47Z</time>
				<extensions>
					<ns3:TrackPointExtension>
						<ns3:speed>1.35</ns3:speed>
						<ns3:cad>55.0</ns3:cad>
						<ns3:hr>102</ns3:hr>
					</ns3:TrackPointExtension>
				</extensions>
			</trkpt>
			<trkpt lat="48.9775889" lon="2.3274185">
				<ele>46.25</ele>
				<time>2025-12-05T10:53:48Z</time>
				<extensions>
					<ns3:TrackPointExtension>
						<ns3:speed>1.35</ns3:speed>
						<ns3:cad>54.0</ns3:cad>
						<ns3:hr>102</ns3:hr>
					</ns3:TrackPointExtension>
				</extensions>
			</trkpt>
			<trkpt lat="48.97760023" lon="2.32742183">
				<ele>46.3</ele>
				<time>2025-12-05T10:53:49Z</time>
				<extensions>
					<ns3:TrackPointExtension>
						<ns3:speed>1.34</ns3:speed>
						<ns3:cad>54.0</ns3:cad>
						<ns3:hr>102</ns3:hr>
					</ns3:TrackPointExtension>
				</extensions>
			</trkpt>
			<trkpt lat="48.97761189" lon="2.32742516">
				<ele>46.34</ele>
				<time>2025-12-05T10:53:50Z</time>
				<extensions>
					<ns3:TrackPointExtension>
						<ns3:speed>1.34</ns3:speed>
						<ns3:cad>54.0</ns3:cad>
						<ns3:hr>102</ns3:hr>
					</ns3:TrackPointExtension>
				</extensions>
			</trkpt>
			<trkpt lat="48.97762388" lon="2.32742849">
				<ele>46.37</ele>
				<time>2025-12-05T10:53:51Z</time>
				<extensions>
					<ns3:TrackPointExtension>
						<ns3:speed>1.33</ns3:speed>
						<ns3:cad>53.0</ns3:cad>
						<ns3:hr>102</ns3:hr>
					</ns3:TrackPointExtension>
				</extensions>
			</trkpt>
			<trkpt lat="48.97763721" lon="2.32743249">
				<ele>46.38</ele>
				<time>2025-12-05T10:53:52Z</time>
				<extensions>
					<ns3:TrackPointExtension>
						<ns3:speed>1.32</ns3:speed>
						<ns3:cad>53.0</ns3:cad>
						<ns3:hr>103</ns3:hr>
					</ns3:TrackPointExtension>
				</extensions>
			</trkpt>
			<trkpt lat="48.97765187" lon="2.32743582">
				<ele>46.42</ele>
				<time>2025-12-05T10:53:53Z</time>
				<extensions>
					<ns3:TrackPointExtension>
						<ns3:speed>1.32</ns3:speed>
						<ns3:cad>53.0</ns3:cad>
						<ns3:hr>103</ns3:hr>
					</ns3:TrackPointExtension>
				</extensions>
			</trkpt>
			<trkpt lat="48.9776682" lon="2.32743682">
				<ele>46.44</ele>
				<time>2025-12-05T10:53:54Z</time>
				<extensions>
					<ns3:TrackPointExtension>
						<ns3:speed>1.32</ns3:speed>
						<ns3:cad>54.0</ns3:cad>
						<ns3:hr>102</ns3:hr>
					</ns3:TrackPointExtension>
				</extensions>
			</trkpt>
			<trkpt lat="48.97768386" lon="2.32743881">
				<ele>46.47</ele>
				<time>2025-12-05T10:53:55Z</time>
				<extensions>
					<ns3:TrackPointExtension>
						<ns3:speed>1.32</ns3:speed>
						<ns3:cad>55.0</ns3:cad>
						<ns3:hr>102</ns3:hr>
					</ns3:TrackPointExtension>
				</extensions>
			</trkpt>
			<trkpt lat="48.97769852" lon="2.32744214">
				<ele>46.49</ele>
				<time>2025-12-05T10:53:56Z</time>
				<extensions>
					<ns3:TrackPointExtension>
						<ns3:speed>1.31</ns3:speed>
						<ns3:cad>56.0</ns3:cad>
						<ns3:hr>102</ns3:hr>
					</ns3:TrackPointExtension>
				</extensions>
			</trkpt>
			<trkpt lat="48.97771185" lon="2.32744647">
				<ele>46.51</ele>
				<time>2025-12-05T10:53:57Z</time>
				<extensions>
					<ns3:TrackPointExtension>
						<ns3:speed>1.31</ns3:speed>
						<ns3:cad>56.0</ns3:cad>
						<ns3:hr>103</ns3:hr>
					</ns3:TrackPointExtension>
				</extensions>
			</trkpt>
			<trkpt lat="48.97772318" lon="2.32745246">
				<ele>46.53</ele>
				<time>2025-12-05T10:53:58Z</time>
				<extensions>
					<ns3:TrackPointExtension>
						<ns3:speed>1.31</ns3:speed>
						<ns3:cad>57.0</ns3:cad>
						<ns3:hr>103</ns3:hr>
					</ns3:TrackPointExtension>
				</extensions>
			</trkpt>
			<trkpt lat="48.97773418" lon="2.32746045">
				<ele>46.54</ele>
				<time>2025-12-05T10:53:59Z</time>
				<extensions>
					<ns3:TrackPointExtension>
						<ns3:speed>1.32</ns3:speed>
						<ns3:cad>57.0</ns3:cad>
						<ns3:hr>102</ns3:hr>
					</ns3:TrackPointExtension>
				</extensions>
			</trkpt>
			<trkpt lat="48.97774551" lon="2.32746745">
				<ele>46.55</ele>
				<time>2025-12-05T10:54:00Z</time>
				<extensions>
					<ns3:TrackPointExtension>
						<ns3:speed>1.32</ns3:speed>
						<ns3:cad>57.0</ns3:cad>
						<ns3:hr>102</ns3:hr>
					</ns3:TrackPointExtension>
				</extensions>
			</trkpt>
			<trkpt lat="48.9777575" lon="2.32747278">
				<ele>46.56</ele>
				<time>2025-12-05T10:54:01Z</time>
				<extensions>
					<ns3:TrackPointExtension>
						<ns3:speed>1.32</ns3:speed>
						<ns3:cad>56.0</ns3:cad>
						<ns3:hr>103</ns3:hr>
					</ns3:TrackPointExtension>
				</extensions>
			</trkpt>
			<trkpt lat="48.97776949" lon="2.32747844">
				<ele>46.58</ele>
				<time>2025-12-05T10:54:02Z</time>
				<extensions>
					<ns3:TrackPointExtension>
						<ns3:speed>1.33</ns3:speed>
						<ns3:cad>56.0</ns3:cad>
						<ns3:hr>103</ns3:hr>
					</ns3:TrackPointExtension>
				</extensions>
			</trkpt>
			<trkpt lat="48.97778182" lon="2.32748443">
				<ele>46.6</ele>
				<time>2025-12-05T10:54:03Z</time>
				<extensions>
					<ns3:TrackPointExtension>
						<ns3:speed>1.33</ns3:speed>
						<ns3:cad>57.0</ns3:cad>
						<ns3:hr>103</ns3:hr>
					</ns3:TrackPointExtension>
				</extensions>
			</trkpt>
			<trkpt lat="48.97779415" lon="2.32749042">
				<ele>46.63</ele>
				<time>2025-12-05T10:54:04Z</time>
				<extensions>
					<ns3:TrackPointExtension>
						<ns3:speed>1.33</ns3:speed>
						<ns3:cad>57.0</ns3:cad>
						<ns3:hr>103</ns3:hr>
					</ns3:TrackPointExtension>
				</extensions>
			</trkpt>
			<trkpt lat="48.97780614" lon="2.32749708">
				<ele>46.65</ele>
				<time>2025-12-05T10:54:05Z</time>
				<extensions>
					<ns3:TrackPointExtension>
						<ns3:speed>1.33</ns3:speed>
						<ns3:cad>57.0</ns3:cad>
						<ns3:hr>102</ns3:hr>
					</ns3:TrackPointExtension>
				</extensions>
			</trkpt>
			<trkpt lat="48.97781847" lon="2.32750374">
				<ele>46.68</ele>
				<time>2025-12-05T10:54:06Z</time>
				<extensions>
					<ns3:TrackPointExtension>
						<ns3:speed>1.34</ns3:speed>
						<ns3:cad>57.0</ns3:cad>
						<ns3:hr>103</ns3:hr>
					</ns3:TrackPointExtension>
				</extensions>
			</trkpt>
			<trkpt lat="48.97783113" lon="2.32751007">
				<ele>46.7</ele>
				<time>2025-12-05T10:54:07Z</time>
				<extensions>
					<ns3:TrackPointExtension>
						<ns3:speed>1.34</ns3:speed>
						<ns3:cad>57.0</ns3:cad>
						<ns3:hr>104</ns3:hr>
					</ns3:TrackPointExtension>
				</extensions>
			</trkpt>
			<trkpt lat="48.97784379" lon="2.32751673">
				<ele>46.71</ele>
				<time>2025-12-05T10:54:08Z</time>
				<extensions>
					<ns3:TrackPointExtension>
						<ns3:speed>1.34</ns3:speed>
						<ns3:cad>57.0</ns3:cad>
						<ns3:hr>104</ns3:hr>
					</ns3:TrackPointExtension>
				</extensions>
			</trkpt>
			<trkpt lat="48.97785712" lon="2.32752139">
				<ele>46.72</ele>
				<time>2025-12-05T10:54:09Z</time>
				<extensions>
					<ns3:TrackPointExtension>
						<ns3:speed>1.35</ns3:speed>
						<ns3:cad>58.0</ns3:cad>
						<ns3:hr>105</ns3:hr>
					</ns3:TrackPointExtension>
				</extensions>
			</trkpt>
			<trkpt lat="48.97787112" lon="2.32752572">
				<ele>46.74</ele>
				<time>2025-12-05T10:54:10Z</time>
				<extensions>
					<ns3:TrackPointExtension>
						<ns3:speed>1.35</ns3:speed>
						<ns3:cad>58.0</ns3:cad>
						<ns3:hr>106</ns3:hr>
					</ns3:TrackPointExtension>
				</extensions>
			</trkpt>
			<trkpt lat="48.97788512" lon="2.32752805">
				<ele>46.76</ele>
				<time>2025-12-05T10:54:11Z</time>
				<extensions>
					<ns3:TrackPointExtension>
						<ns3:speed>1.35</ns3:speed>
						<ns3:cad>58.0</ns3:cad>
						<ns3:hr>105</ns3:hr>
					</ns3:TrackPointExtension>
				</extensions>
			</trkpt>
			<trkpt lat="48.97790045" lon="2.32752838">
				<ele>46.8</ele>
				<time>2025-12-05T10:54:12Z</time>
				<extensions>
					<ns3:TrackPointExtension>
						<ns3:speed>1.36</ns3:speed>
						<ns3:cad>58.0</ns3:cad>
						<ns3:hr>105</ns3:hr>
					</ns3:TrackPointExtension>
				</extensions>
			</trkpt>
			<trkpt lat="48.97791378" lon="2.32753238">
				<ele>46.81</ele>
				<time>2025-12-05T10:54:13Z</time>
				<extensions>
					<ns3:TrackPointExtension>
						<ns3:speed>1.36</ns3:speed>
						<ns3:cad>58.0</ns3:cad>
						<ns3:hr>106</ns3:hr>
					</ns3:TrackPointExtension>
				</extensions>
			</trkpt>
			<trkpt lat="48.97792511" lon="2.32753804">
				<ele>46.87</ele>
				<time>2025-12-05T10:54:14Z</time>
				<extensions>
					<ns3:TrackPointExtension>
						<ns3:speed>1.37</ns3:speed>
						<ns3:cad>58.0</ns3:cad>
						<ns3:hr>106</ns3:hr>
					</ns3:TrackPointExtension>
				</extensions>
			</trkpt>
			<trkpt lat="48.97793744" lon="2.32754103">
				<ele>46.92</ele>
				<time>2025-12-05T10:54:15Z</time>
				<extensions>
					<ns3:TrackPointExtension>
						<ns3:speed>1.37</ns3:speed>
						<ns3:cad>58.0</ns3:cad>
						<ns3:hr>106</ns3:hr>
					</ns3:TrackPointExtension>
				</extensions>
			</trkpt>
			<trkpt lat="48.97795043" lon="2.32754136">
				<ele>46.97</ele>
				<time>2025-12-05T10:54:16Z</time>
				<extensions>
					<ns3:TrackPointExtension>
						<ns3:speed>1.37</ns3:speed>
						<ns3:cad>58.0</ns3:cad>
						<ns3:hr>107</ns3:hr>
					</ns3:TrackPointExtension>
				</extensions>
			</trkpt>
			<trkpt lat="48.97796243" lon="2.32754202">
				<ele>47.02</ele>
				<time>2025-12-05T10:54:17Z</time>
				<extensions>
					<ns3:TrackPointExtension>
						<ns3:speed>1.38</ns3:speed>
						<ns3:cad>59.0</ns3:cad>
						<ns3:hr>107</ns3:hr>
					</ns3:TrackPointExtension>
				</extensions>
			</trkpt>
			<trkpt lat="48.97797476" lon="2.32754136">
				<ele>47.06</ele>
				<time>2025-12-05T10:54:18Z</time>
				<extensions>
					<ns3:TrackPointExtension>
						<ns3:speed>1.38</ns3:speed>
						<ns3:cad>59.0</ns3:cad>
						<ns3:hr>107</ns3:hr>
					</ns3:TrackPointExtension>
				</extensions>
			</trkpt>
			<trkpt lat="48.97798709" lon="2.32754136">
				<ele>47.12</ele>
				<time>2025-12-05T10:54:19Z</time>
				<extensions>
					<ns3:TrackPointExtension>
						<ns3:speed>1.37</ns3:speed>
						<ns3:cad>59.0</ns3:cad>
						<ns3:hr>107</ns3:hr>
					</ns3:TrackPointExtension>
				</extensions>
			</trkpt>
			<trkpt lat="48.97799975" lon="2.32754302">
				<ele>47.17</ele>
				<time>2025-12-05T10:54:20Z</time>
				<extensions>
					<ns3:TrackPointExtension>
						<ns3:speed>1.37</ns3:speed>
						<ns3:cad>59.0</ns3:cad>
						<ns3:hr>107</ns3:hr>
					</ns3:TrackPointExtension>
				</extensions>
			</trkpt>
			<trkpt lat="48.97801341" lon="2.32754435">
				<ele>47.22</ele>
				<time>2025-12-05T10:54:21Z</time>
				<extensions>
					<ns3:TrackPointExtension>
						<ns3:speed>1.37</ns3:speed>
						<ns3:cad>59.0</ns3:cad>
						<ns3:hr>108</ns3:hr>
					</ns3:TrackPointExtension>
				</extensions>
			</trkpt>
			<trkpt lat="48.9780284" lon="2.32754468">
				<ele>47.28</ele>
				<time>2025-12-05T10:54:22Z</time>
				<extensions>
					<ns3:TrackPointExtension>
						<ns3:speed>1.37</ns3:speed>
						<ns3:cad>59.0</ns3:cad>
						<ns3:hr>108</ns3:hr>
					</ns3:TrackPointExtension>
				</extensions>
			</trkpt>
			<trkpt lat="48.97804306" lon="2.32754501">
				<ele>47.35</ele>
				<time>2025-12-05T10:54:23Z</time>
				<extensions>
					<ns3:TrackPointExtension>
						<ns3:speed>1.37</ns3:speed>
						<ns3:cad>59.0</ns3:cad>
						<ns3:hr>108</ns3:hr>
					</ns3:TrackPointExtension>
				</extensions>
			</trkpt>
			<trkpt lat="48.97806072" lon="2.32754368">
				<ele>47.4</ele>
				<time>2025-12-05T10:54:24Z</time>
				<extensions>
					<ns3:TrackPointExtension>
						<ns3:speed>1.37</ns3:speed>
						<ns3:cad>59.0</ns3:cad>
						<ns3:hr>108</ns3:hr>
					</ns3:TrackPointExtension>
				</extensions>
			</trkpt>
			<trkpt lat="48.97807871" lon="2.32754169">
				<ele>47.46</ele>
				<time>2025-12-05T10:54:25Z</time>
				<extensions>
					<ns3:TrackPointExtension>
						<ns3:speed>1.38</ns3:speed>
						<ns3:cad>59.0</ns3:cad>
						<ns3:hr>108</ns3:hr>
					</ns3:TrackPointExtension>
				</extensions>
			</trkpt>
			<trkpt lat="48.9780907" lon="2.32755102">
				<ele>47.51</ele>
				<time>2025-12-05T10:54:26Z</time>
				<extensions>
					<ns3:TrackPointExtension>
						<ns3:speed>1.38</ns3:speed>
						<ns3:cad>59.0</ns3:cad>
						<ns3:hr>108</ns3:hr>
					</ns3:TrackPointExtension>
				</extensions>
			</trkpt>
			<trkpt lat="48.9781027" lon="2.32755535">
				<ele>47.56</ele>
				<time>2025-12-05T10:54:27Z</time>
				<extensions>
					<ns3:TrackPointExtension>
						<ns3:speed>1.39</ns3:speed>
						<ns3:cad>59.0</ns3:cad>
						<ns3:hr>108</ns3:hr>
					</ns3:TrackPointExtension>
				</extensions>
			</trkpt>
			<trkpt lat="48.97811103" lon="2.32755601">
				<ele>47.6</ele>
				<time>2025-12-05T10:54:28Z</time>
				<extensions>
					<ns3:TrackPointExtension>
						<ns3:speed>1.39</ns3:speed>
						<ns3:cad>59.0</ns3:cad>
						<ns3:hr>109</ns3:hr>
					</ns3:TrackPointExtension>
				</extensions>
			</trkpt>
			<trkpt lat="48.97811802" lon="2.32755568">
				<ele>47.62</ele>
				<time>2025-12-05T10:54:29Z</time>
				<extensions>
					<ns3:TrackPointExtension>
						<ns3:speed>1.39</ns3:speed>
						<ns3:cad>58.0</ns3:cad>
						<ns3:hr>109</ns3:hr>
					</ns3:TrackPointExtension>
				</extensions>
			</trkpt>
			<trkpt lat="48.97812701" lon="2.32756268">
				<ele>47.63</ele>
				<time>2025-12-05T10:54:30Z</time>
				<extensions>
					<ns3:TrackPointExtension>
						<ns3:speed>1.37</ns3:speed>
						<ns3:cad>58.0</ns3:cad>
						<ns3:hr>109</ns3:hr>
					</ns3:TrackPointExtension>
				</extensions>
			</trkpt>
			<trkpt lat="48.97813767" lon="2.32757234">
				<ele>47.63</ele>
				<time>2025-12-05T10:54:31Z</time>
				<extensions>
					<ns3:TrackPointExtension>
						<ns3:speed>0.9</ns3:speed>
						<ns3:cad>57.0</ns3:cad>
						<ns3:hr>110</ns3:hr>
					</ns3:TrackPointExtension>
				</extensions>
			</trkpt>
			<trkpt lat="48.978147" lon="2.32758067">
				<ele>47.69</ele>
				<time>2025-12-05T10:54:32Z</time>
				<extensions>
					<ns3:TrackPointExtension>
						<ns3:speed>0.59</ns3:speed>
						<ns3:cad>55.0</ns3:cad>
						<ns3:hr>110</ns3:hr>
					</ns3:TrackPointExtension>
				</extensions>
			</trkpt>
			<trkpt lat="48.97815766" lon="2.32758567">
				<ele>47.72</ele>
				<time>2025-12-05T10:54:33Z</time>
				<extensions>
					<ns3:TrackPointExtension>
						<ns3:speed>0.94</ns3:speed>
						<ns3:cad>54.0</ns3:cad>
						<ns3:hr>111</ns3:hr>
					</ns3:TrackPointExtension>
				</extensions>
			</trkpt>
			<trkpt lat="48.97816866" lon="2.327588">
				<ele>47.77</ele>
				<time>2025-12-05T10:54:34Z</time>
				<extensions>
					<ns3:TrackPointExtension>
						<ns3:speed>1.18</ns3:speed>
						<ns3:cad>55.0</ns3:cad>
						<ns3:hr>111</ns3:hr>
					</ns3:TrackPointExtension>
				</extensions>
			</trkpt>
			<trkpt lat="48.97817866" lon="2.32758866">
				<ele>47.81</ele>
				<time>2025-12-05T10:54:35Z</time>
				<extensions>
					<ns3:TrackPointExtension>
						<ns3:speed>1.22</ns3:speed>
						<ns3:cad>55.0</ns3:cad>
						<ns3:hr>111</ns3:hr>
					</ns3:TrackPointExtension>
				</extensions>
			</trkpt>
			<trkpt lat="48.97819065" lon="2.32758866">
				<ele>47.85</ele>
				<time>2025-12-05T10:54:36Z</time>
				<extensions>
					<ns3:TrackPointExtension>
						<ns3:speed>1.23</ns3:speed>
						<ns3:cad>56.0</ns3:cad>
						<ns3:hr>112</ns3:hr>
					</ns3:TrackPointExtension>
				</extensions>
			</trkpt>
			<trkpt lat="48.97820398" lon="2.32758733">
				<ele>47.88</ele>
				<time>2025-12-05T10:54:37Z</time>
				<extensions>
					<ns3:TrackPointExtension>
						<ns3:speed>1.23</ns3:speed>
						<ns3:cad>57.0</ns3:cad>
						<ns3:hr>111</ns3:hr>
					</ns3:TrackPointExtension>
				</extensions>
			</trkpt>
			<trkpt lat="48.97821798" lon="2.32758567">
				<ele>47.94</ele>
				<time>2025-12-05T10:54:38Z</time>
				<extensions>
					<ns3:TrackPointExtension>
						<ns3:speed>1.25</ns3:speed>
						<ns3:cad>57.0</ns3:cad>
						<ns3:hr>110</ns3:hr>
					</ns3:TrackPointExtension>
				</extensions>
			</trkpt>
			<trkpt lat="48.97823297" lon="2.32758501">
				<ele>47.98</ele>
				<time>2025-12-05T10:54:39Z</time>
				<extensions>
					<ns3:TrackPointExtension>
						<ns3:speed>1.31</ns3:speed>
						<ns3:cad>57.0</ns3:cad>
						<ns3:hr>110</ns3:hr>
					</ns3:TrackPointExtension>
				</extensions>
			</trkpt>
			<trkpt lat="48.97824796" lon="2.32758435">
				<ele>48.02</ele>
				<time>2025-12-05T10:54:40Z</time>
				<extensions>
					<ns3:TrackPointExtension>
						<ns3:speed>1.4</ns3:speed>
						<ns3:cad>57.0</ns3:cad>
						<ns3:hr>109</ns3:hr>
					</ns3:TrackPointExtension>
				</extensions>
			</trkpt>
			<trkpt lat="48.97826296" lon="2.32758468">
				<ele>48.06</ele>
				<time>2025-12-05T10:54:41Z</time>
				<extensions>
					<ns3:TrackPointExtension>
						<ns3:speed>1.48</ns3:speed>
						<ns3:cad>58.0</ns3:cad>
						<ns3:hr>109</ns3:hr>
					</ns3:TrackPointExtension>
				</extensions>
			</trkpt>
			<trkpt lat="48.97827729" lon="2.32758568">
				<ele>48.1</ele>
				<time>2025-12-05T10:54:42Z</time>
				<extensions>
					<ns3:TrackPointExtension>
						<ns3:speed>1.54</ns3:speed>
						<ns3:cad>58.0</ns3:cad>
						<ns3:hr>109</ns3:hr>
					</ns3:TrackPointExtension>
				</extensions>
			</trkpt>
			<trkpt lat="48.97829062" lon="2.32758668">
				<ele>48.14</ele>
				<time>2025-12-05T10:54:43Z</time>
				<extensions>
					<ns3:TrackPointExtension>
						<ns3:speed>1.56</ns3:speed>
						<ns3:cad>58.0</ns3:cad>
						<ns3:hr>109</ns3:hr>
					</ns3:TrackPointExtension>
				</extensions>
			</trkpt>
			<trkpt lat="48.97830362" lon="2.32758801">
				<ele>48.2</ele>
				<time>2025-12-05T10:54:44Z</time>
				<extensions>
					<ns3:TrackPointExtension>
						<ns3:speed>1.55</ns3:speed>
						<ns3:cad>58.0</ns3:cad>
						<ns3:hr>109</ns3:hr>
					</ns3:TrackPointExtension>
				</extensions>
			</trkpt>
			<trkpt lat="48.97831628" lon="2.32758867">
				<ele>48.24</ele>
				<time>2025-12-05T10:54:45Z</time>
				<extensions>
					<ns3:TrackPointExtension>
						<ns3:speed>1.51</ns3:speed>
						<ns3:cad>58.0</ns3:cad>
						<ns3:hr>109</ns3:hr>
					</ns3:TrackPointExtension>
				</extensions>
			</trkpt>
			<trkpt lat="48.97832927" lon="2.327589">
				<ele>48.29</ele>
				<time>2025-12-05T10:54:46Z</time>
				<extensions>
					<ns3:TrackPointExtension>
						<ns3:speed>1.48</ns3:speed>
						<ns3:cad>58.0</ns3:cad>
						<ns3:hr>109</ns3:hr>
					</ns3:TrackPointExtension>
				</extensions>
			</trkpt>
			<trkpt lat="48.9783416" lon="2.32759033">
				<ele>48.33</ele>
				<time>2025-12-05T10:54:47Z</time>
				<extensions>
					<ns3:TrackPointExtension>
						<ns3:speed>1.45</ns3:speed>
						<ns3:cad>58.0</ns3:cad>
						<ns3:hr>109</ns3:hr>
					</ns3:TrackPointExtension>
				</extensions>
			</trkpt>
			<trkpt lat="48.97835459" lon="2.32759133">
				<ele>48.37</ele>
				<time>2025-12-05T10:54:48Z</time>
				<extensions>
					<ns3:TrackPointExtension>
						<ns3:speed>1.43</ns3:speed>
						<ns3:cad>58.0</ns3:cad>
						<ns3:hr>109</ns3:hr>
					</ns3:TrackPointExtension>
				</extensions>
			</trkpt>
			<trkpt lat="48.97836825" lon="2.32759166">
				<ele>48.41</ele>
				<time>2025-12-05T10:54:49Z</time>
				<extensions>
					<ns3:TrackPointExtension>
						<ns3:speed>1.41</ns3:speed>
						<ns3:cad>58.0</ns3:cad>
						<ns3:hr>109</ns3:hr>
					</ns3:TrackPointExtension>
				</extensions>
			</trkpt>
			<trkpt lat="48.97838158" lon="2.32759166">
				<ele>48.46</ele>
				<time>2025-12-05T10:54:50Z</time>
				<extensions>
					<ns3:TrackPointExtension>
						<ns3:speed>1.42</ns3:speed>
						<ns3:cad>58.0</ns3:cad>
						<ns3:hr>110</ns3:hr>
					</ns3:TrackPointExtension>
				</extensions>
			</trkpt>
			<trkpt lat="48.97839491" lon="2.327591">
				<ele>48.5</ele>
				<time>2025-12-05T10:54:51Z</time>
				<extensions>
					<ns3:TrackPointExtension>
						<ns3:speed>1.43</ns3:speed>
						<ns3:cad>58.0</ns3:cad>
						<ns3:hr>110</ns3:hr>
					</ns3:TrackPointExtension>
				</extensions>
			</trkpt>
			<trkpt lat="48.97840991" lon="2.32758634">
				<ele>48.54</ele>
				<time>2025-12-05T10:54:52Z</time>
				<extensions>
					<ns3:TrackPointExtension>
						<ns3:speed>1.44</ns3:speed>
						<ns3:cad>59.0</ns3:cad>
						<ns3:hr>111</ns3:hr>
					</ns3:TrackPointExtension>
				</extensions>
			</trkpt>
			<trkpt lat="48.9784249" lon="2.32758134">
				<ele>48.56</ele>
				<time>2025-12-05T10:54:53Z</time>
				<extensions>
					<ns3:TrackPointExtension>
						<ns3:speed>1.46</ns3:speed>
						<ns3:cad>59.0</ns3:cad>
						<ns3:hr>111</ns3:hr>
					</ns3:TrackPointExtension>
				</extensions>
			</trkpt>
			<trkpt lat="48.9784389" lon="2.32757935">
				<ele>48.59</ele>
				<time>2025-12-05T10:54:54Z</time>
				<extensions>
					<ns3:TrackPointExtension>
						<ns3:speed>1.5</ns3:speed>
						<ns3:cad>58.0</ns3:cad>
						<ns3:hr>111</ns3:hr>
					</ns3:TrackPointExtension>
				</extensions>
			</trkpt>
			<trkpt lat="48.97845156" lon="2.32758101">
				<ele>48.62</ele>
				<time>2025-12-05T10:54:55Z</time>
				<extensions>
					<ns3:TrackPointExtension>
						<ns3:speed>1.53</ns3:speed>
						<ns3:cad>58.0</ns3:cad>
						<ns3:hr>111</ns3:hr>
					</ns3:TrackPointExtension>
				</extensions>
			</trkpt>
			<trkpt lat="48.97846455" lon="2.32758601">
				<ele>48.66</ele>
				<time>2025-12-05T10:54:56Z</time>
				<extensions>
					<ns3:TrackPointExtension>
						<ns3:speed>1.51</ns3:speed>
						<ns3:cad>58.0</ns3:cad>
						<ns3:hr>110</ns3:hr>
					</ns3:TrackPointExtension>
				</extensions>
			</trkpt>
			<trkpt lat="48.97847688" lon="2.32759301">
				<ele>48.74</ele>
				<time>2025-12-05T10:54:57Z</time>
				<extensions>
					<ns3:TrackPointExtension>
						<ns3:speed>1.47</ns3:speed>
						<ns3:cad>57.0</ns3:cad>
						<ns3:hr>110</ns3:hr>
					</ns3:TrackPointExtension>
				</extensions>
			</trkpt>
			<trkpt lat="48.97848887" lon="2.32759967">
				<ele>48.82</ele>
				<time>2025-12-05T10:54:58Z</time>
				<extensions>
					<ns3:TrackPointExtension>
						<ns3:speed>1.45</ns3:speed>
						<ns3:cad>57.0</ns3:cad>
						<ns3:hr>110</ns3:hr>
					</ns3:TrackPointExtension>
				</extensions>
			</trkpt>
			<trkpt lat="48.97850086" lon="2.32760733">
				<ele>48.9</ele>
				<time>2025-12-05T10:54:59Z</time>
				<extensions>
					<ns3:TrackPointExtension>
						<ns3:speed>1.44</ns3:speed>
						<ns3:cad>57.0</ns3:cad>
						<ns3:hr>110</ns3:hr>
					</ns3:TrackPointExtension>
				</extensions>
			</trkpt>
			<trkpt lat="48.97851386" lon="2.32761366">
				<ele>48.99</ele>
				<time>2025-12-05T10:55:00Z</time>
				<extensions>
					<ns3:TrackPointExtension>
						<ns3:speed>1.43</ns3:speed>
						<ns3:cad>56.0</ns3:cad>
						<ns3:hr>110</ns3:hr>
					</ns3:TrackPointExtension>
				</extensions>
			</trkpt>
			<trkpt lat="48.97852752" lon="2.32761832">
				<ele>49.1</ele>
				<time>2025-12-05T10:55:01Z</time>
				<extensions>
					<ns3:TrackPointExtension>
						<ns3:speed>1.42</ns3:speed>
						<ns3:cad>56.0</ns3:cad>
						<ns3:hr>109</ns3:hr>
					</ns3:TrackPointExtension>
				</extensions>
			</trkpt>
			<trkpt lat="48.97854218" lon="2.32762231">
				<ele>49.2</ele>
				<time>2025-12-05T10:55:02Z</time>
				<extensions>
					<ns3:TrackPointExtension>
						<ns3:speed>1.42</ns3:speed>
						<ns3:cad>57.0</ns3:cad>
						<ns3:hr>109</ns3:hr>
					</ns3:TrackPointExtension>
				</extensions>
			</trkpt>
			<trkpt lat="48.97855618" lon="2.32762731">
				<ele>49.3</ele>
				<time>2025-12-05T10:55:03Z</time>
				<extensions>
					<ns3:TrackPointExtension>
						<ns3:speed>1.42</ns3:speed>
						<ns3:cad>57.0</ns3:cad>
						<ns3:hr>109</ns3:hr>
					</ns3:TrackPointExtension>
				</extensions>
			</trkpt>
			<trkpt lat="48.97857117" lon="2.32762864">
				<ele>49.39</ele>
				<time>2025-12-05T10:55:04Z</time>
				<extensions>
					<ns3:TrackPointExtension>
						<ns3:speed>1.43</ns3:speed>
						<ns3:cad>57.0</ns3:cad>
						<ns3:hr>110</ns3:hr>
					</ns3:TrackPointExtension>
				</extensions>
			</trkpt>
			<trkpt lat="48.97858683" lon="2.3276293">
				<ele>49.47</ele>
				<time>2025-12-05T10:55:05Z</time>
				<extensions>
					<ns3:TrackPointExtension>
						<ns3:speed>1.43</ns3:speed>
						<ns3:cad>58.0</ns3:cad>
						<ns3:hr>111</ns3:hr>
					</ns3:TrackPointExtension>
				</extensions>
			</trkpt>
			<trkpt lat="48.97860216" lon="2.32762797">
				<ele>49.55</ele>
				<time>2025-12-05T10:55:06Z</time>
				<extensions>
					<ns3:TrackPointExtension>
						<ns3:speed>1.44</ns3:speed>
						<ns3:cad>58.0</ns3:cad>
						<ns3:hr>113</ns3:hr>
					</ns3:TrackPointExtension>
				</extensions>
			</trkpt>
			<trkpt lat="48.97861682" lon="2.32762896">
				<ele>49.63</ele>
				<time>2025-12-05T10:55:07Z</time>
				<extensions>
					<ns3:TrackPointExtension>
						<ns3:speed>1.45</ns3:speed>
						<ns3:cad>58.0</ns3:cad>
						<ns3:hr>114</ns3:hr>
					</ns3:TrackPointExtension>
				</extensions>
			</trkpt>
			<trkpt lat="48.97862948" lon="2.32763129">
				<ele>49.73</ele>
				<time>2025-12-05T10:55:08Z</time>
				<extensions>
					<ns3:TrackPointExtension>
						<ns3:speed>1.45</ns3:speed>
						<ns3:cad>58.0</ns3:cad>
						<ns3:hr>114</ns3:hr>
					</ns3:TrackPointExtension>
				</extensions>
			</trkpt>
			<trkpt lat="48.97864114" lon="2.32763562">
				<ele>49.85</ele>
				<time>2025-12-05T10:55:09Z</time>
				<extensions>
					<ns3:TrackPointExtension>
						<ns3:speed>1.46</ns3:speed>
						<ns3:cad>58.0</ns3:cad>
						<ns3:hr>116</ns3:hr>
					</ns3:TrackPointExtension>
				</extensions>
			</trkpt>
			<trkpt lat="48.97865347" lon="2.32763728">
				<ele>49.97</ele>
				<time>2025-12-05T10:55:10Z</time>
				<extensions>
					<ns3:TrackPointExtension>
						<ns3:speed>1.46</ns3:speed>
						<ns3:cad>58.0</ns3:cad>
						<ns3:hr>118</ns3:hr>
					</ns3:TrackPointExtension>
				</extensions>
			</trkpt>
			<trkpt lat="48.97866547" lon="2.32763927">
				<ele>50.09</ele>
				<time>2025-12-05T10:55:11Z</time>
				<extensions>
					<ns3:TrackPointExtension>
						<ns3:speed>1.46</ns3:speed>
						<ns3:cad>58.0</ns3:cad>
						<ns3:hr>118</ns3:hr>
					</ns3:TrackPointExtension>
				</extensions>
			</trkpt>
			<trkpt lat="48.97867746" lon="2.3276406">
				<ele>50.21</ele>
				<time>2025-12-05T10:55:12Z</time>
				<extensions>
					<ns3:TrackPointExtension>
						<ns3:speed>1.46</ns3:speed>
						<ns3:cad>58.0</ns3:cad>
						<ns3:hr>118</ns3:hr>
					</ns3:TrackPointExtension>
				</extensions>
			</trkpt>
			<trkpt lat="48.97868712" lon="2.32764559">
				<ele>50.32</ele>
				<time>2025-12-05T10:55:13Z</time>
				<extensions>
					<ns3:TrackPointExtension>
						<ns3:speed>1.46</ns3:speed>
						<ns3:cad>58.0</ns3:cad>
						<ns3:hr>118</ns3:hr>
					</ns3:TrackPointExtension>
				</extensions>
			</trkpt>
			<trkpt lat="48.97869778" lon="2.32764792">
				<ele>50.42</ele>
				<time>2025-12-05T10:55:14Z</time>
				<extensions>
					<ns3:TrackPointExtension>
						<ns3:speed>1.46</ns3:speed>
						<ns3:cad>57.0</ns3:cad>
						<ns3:hr>118</ns3:hr>
					</ns3:TrackPointExtension>
				</extensions>
			</trkpt>
			<trkpt lat="48.97871011" lon="2.32764992">
				<ele>50.51</ele>
				<time>2025-12-05T10:55:15Z</time>
				<extensions>
					<ns3:TrackPointExtension>
						<ns3:speed>1.46</ns3:speed>
						<ns3:cad>57.0</ns3:cad>
						<ns3:hr>118</ns3:hr>
					</ns3:TrackPointExtension>
				</extensions>
			</trkpt>
			<trkpt lat="48.9787221" lon="2.32765058">
				<ele>50.64</ele>
				<time>2025-12-05T10:55:16Z</time>
				<extensions>
					<ns3:TrackPointExtension>
						<ns3:speed>1.45</ns3:speed>
						<ns3:cad>58.0</ns3:cad>
						<ns3:hr>117</ns3:hr>
					</ns3:TrackPointExtension>
				</extensions>
			</trkpt>
			<trkpt lat="48.97873476" lon="2.32765091">
				<ele>50.78</ele>
				<time>2025-12-05T10:55:17Z</time>
				<extensions>
					<ns3:TrackPointExtension>
						<ns3:speed>1.45</ns3:speed>
						<ns3:cad>58.0</ns3:cad>
						<ns3:hr>117</ns3:hr>
					</ns3:TrackPointExtension>
				</extensions>
			</trkpt>
			<trkpt lat="48.97874842" lon="2.32765058">
				<ele>50.89</ele>
				<time>2025-12-05T10:55:18Z</time>
				<extensions>
					<ns3:TrackPointExtension>
						<ns3:speed>1.45</ns3:speed>
						<ns3:cad>58.0</ns3:cad>
						<ns3:hr>118</ns3:hr>
					</ns3:TrackPointExtension>
				</extensions>
			</trkpt>
			<trkpt lat="48.97876041" lon="2.32765158">
				<ele>50.99</ele>
				<time>2025-12-05T10:55:19Z</time>
				<extensions>
					<ns3:TrackPointExtension>
						<ns3:speed>1.45</ns3:speed>
						<ns3:cad>58.0</ns3:cad>
						<ns3:hr>118</ns3:hr>
					</ns3:TrackPointExtension>
				</extensions>
			</trkpt>
			<trkpt lat="48.97877307" lon="2.32765224">
				<ele>51.09</ele>
				<time>2025-12-05T10:55:20Z</time>
				<extensions>
					<ns3:TrackPointExtension>
						<ns3:speed>1.45</ns3:speed>
						<ns3:cad>58.0</ns3:cad>
						<ns3:hr>118</ns3:hr>
					</ns3:TrackPointExtension>
				</extensions>
			</trkpt>
			<trkpt lat="48.97878573" lon="2.32765124">
				<ele>51.16</ele>
				<time>2025-12-05T10:55:21Z</time>
				<extensions>
					<ns3:TrackPointExtension>
						<ns3:speed>1.45</ns3:speed>
						<ns3:cad>58.0</ns3:cad>
						<ns3:hr>120</ns3:hr>
					</ns3:TrackPointExtension>
				</extensions>
			</trkpt>
			<trkpt lat="48.97879973" lon="2.32765025">
				<ele>51.24</ele>
				<time>2025-12-05T10:55:22Z</time>
				<extensions>
					<ns3:TrackPointExtension>
						<ns3:speed>1.45</ns3:speed>
						<ns3:cad>58.0</ns3:cad>
						<ns3:hr>121</ns3:hr>
					</ns3:TrackPointExtension>
				</extensions>
			</trkpt>
			<trkpt lat="48.97881373" lon="2.32764892">
				<ele>51.31</ele>
				<time>2025-12-05T10:55:23Z</time>
				<extensions>
					<ns3:TrackPointExtension>
						<ns3:speed>1.45</ns3:speed>
						<ns3:cad>58.0</ns3:cad>
						<ns3:hr>121</ns3:hr>
					</ns3:TrackPointExtension>
				</extensions>
			</trkpt>
			<trkpt lat="48.97882839" lon="2.32764859">
				<ele>51.37</ele>
				<time>2025-12-05T10:55:24Z</time>
				<extensions>
					<ns3:TrackPointExtension>
						<ns3:speed>1.45</ns3:speed>
						<ns3:cad>58.0</ns3:cad>
						<ns3:hr>121</ns3:hr>
					</ns3:TrackPointExtension>
				</extensions>
			</trkpt>
			<trkpt lat="48.97884305" lon="2.32764726">
				<ele>51.43</ele>
				<time>2025-12-05T10:55:25Z</time>
				<extensions>
					<ns3:TrackPointExtension>
						<ns3:speed>1.46</ns3:speed>
						<ns3:cad>58.0</ns3:cad>
						<ns3:hr>122</ns3:hr>
					</ns3:TrackPointExtension>
				</extensions>
			</trkpt>
			<trkpt lat="48.97885838" lon="2.3276456">
				<ele>51.49</ele>
				<time>2025-12-05T10:55:26Z</time>
				<extensions>
					<ns3:TrackPointExtension>
						<ns3:speed>1.46</ns3:speed>
						<ns3:cad>58.0</ns3:cad>
						<ns3:hr>121</ns3:hr>
					</ns3:TrackPointExtension>
				</extensions>
			</trkpt>
			<trkpt lat="48.97887504" lon="2.32764061">
				<ele>51.57</ele>
				<time>2025-12-05T10:55:27Z</time>
				<extensions>
					<ns3:TrackPointExtension>
						<ns3:speed>1.46</ns3:speed>
						<ns3:cad>58.0</ns3:cad>
						<ns3:hr>120</ns3:hr>
					</ns3:TrackPointExtension>
				</extensions>
			</trkpt>
			<trkpt lat="48.97889104" lon="2.32763661">
				<ele>51.65</ele>
				<time>2025-12-05T10:55:28Z</time>
				<extensions>
					<ns3:TrackPointExtension>
						<ns3:speed>1.47</ns3:speed>
						<ns3:cad>59.0</ns3:cad>
						<ns3:hr>119</ns3:hr>
					</ns3:TrackPointExtension>
				</extensions>
			</trkpt>
			<trkpt lat="48.97890737" lon="2.32763195">
				<ele>51.75</ele>
				<time>2025-12-05T10:55:29Z</time>
				<extensions>
					<ns3:TrackPointExtension>
						<ns3:speed>1.47</ns3:speed>
						<ns3:cad>59.0</ns3:cad>
						<ns3:hr>119</ns3:hr>
					</ns3:TrackPointExtension>
				</extensions>
			</trkpt>
			<trkpt lat="48.97892303" lon="2.32762762">
				<ele>51.84</ele>
				<time>2025-12-05T10:55:30Z</time>
				<extensions>
					<ns3:TrackPointExtension>
						<ns3:speed>1.48</ns3:speed>
						<ns3:cad>59.0</ns3:cad>
						<ns3:hr>119</ns3:hr>
					</ns3:TrackPointExtension>
				</extensions>
			</trkpt>
			<trkpt lat="48.97893869" lon="2.32762329">
				<ele>51.93</ele>
				<time>2025-12-05T10:55:31Z</time>
				<extensions>
					<ns3:TrackPointExtension>
						<ns3:speed>1.49</ns3:speed>
						<ns3:cad>59.0</ns3:cad>
						<ns3:hr>119</ns3:hr>
					</ns3:TrackPointExtension>
				</extensions>
			</trkpt>
			<trkpt lat="48.97895468" lon="2.32761863">
				<ele>52.03</ele>
				<time>2025-12-05T10:55:32Z</time>
				<extensions>
					<ns3:TrackPointExtension>
						<ns3:speed>1.5</ns3:speed>
						<ns3:cad>59.0</ns3:cad>
						<ns3:hr>119</ns3:hr>
					</ns3:TrackPointExtension>
				</extensions>
			</trkpt>
			<trkpt lat="48.97897001" lon="2.32761397">
				<ele>52.12</ele>
				<time>2025-12-05T10:55:33Z</time>
				<extensions>
					<ns3:TrackPointExtension>
						<ns3:speed>1.5</ns3:speed>
						<ns3:cad>59.0</ns3:cad>
						<ns3:hr>119</ns3:hr>
					</ns3:TrackPointExtension>
				</extensions>
			</trkpt>
			<trkpt lat="48.97898534" lon="2.32760831">
				<ele>52.21</ele>
				<time>2025-12-05T10:55:34Z</time>
				<extensions>
					<ns3:TrackPointExtension>
						<ns3:speed>1.51</ns3:speed>
						<ns3:cad>59.0</ns3:cad>
						<ns3:hr>119</ns3:hr>
					</ns3:TrackPointExtension>
				</extensions>
			</trkpt>
			<trkpt lat="48.97899934" lon="2.32760365">
				<ele>52.28</ele>
				<time>2025-12-05T10:55:35Z</time>
				<extensions>
					<ns3:TrackPointExtension>
						<ns3:speed>1.51</ns3:speed>
						<ns3:cad>58.0</ns3:cad>
						<ns3:hr>119</ns3:hr>
					</ns3:TrackPointExtension>
				</extensions>
			</trkpt>
			<trkpt lat="48.97901334" lon="2.32759899">
				<ele>52.35</ele>
				<time>2025-12-05T10:55:36Z</time>
				<extensions>
					<ns3:TrackPointExtension>
						<ns3:speed>1.52</ns3:speed>
						<ns3:cad>58.0</ns3:cad>
						<ns3:hr>120</ns3:hr>
					</ns3:TrackPointExtension>
				</extensions>
			</trkpt>
			<trkpt lat="48.979028" lon="2.32759466">
				<ele>52.44</ele>
				<time>2025-12-05T10:55:37Z</time>
				<extensions>
					<ns3:TrackPointExtension>
						<ns3:speed>1.52</ns3:speed>
						<ns3:cad>58.0</ns3:cad>
						<ns3:hr>119</ns3:hr>
					</ns3:TrackPointExtension>
				</extensions>
			</trkpt>
			<trkpt lat="48.97904266" lon="2.32759233">
				<ele>52.54</ele>
				<time>2025-12-05T10:55:38Z</time>
				<extensions>
					<ns3:TrackPointExtension>
						<ns3:speed>1.53</ns3:speed>
						<ns3:cad>58.0</ns3:cad>
						<ns3:hr>119</ns3:hr>
					</ns3:TrackPointExtension>
				</extensions>
			</trkpt>
			<trkpt lat="48.97905765" lon="2.32759067">
				<ele>52.61</ele>
				<time>2025-12-05T10:55:39Z</time>
				<extensions>
					<ns3:TrackPointExtension>
						<ns3:speed>1.53</ns3:speed>
						<ns3:cad>58.0</ns3:cad>
						<ns3:hr>119</ns3:hr>
					</ns3:TrackPointExtension>
				</extensions>
			</trkpt>
			<trkpt lat="48.97906931" lon="2.327598">
				<ele>52.67</ele>
				<time>2025-12-05T10:55:40Z</time>
				<extensions>
					<ns3:TrackPointExtension>
						<ns3:speed>1.53</ns3:speed>
						<ns3:cad>58.0</ns3:cad>
						<ns3:hr>120</ns3:hr>
					</ns3:TrackPointExtension>
				</extensions>
			</trkpt>
			<trkpt lat="48.97908231" lon="2.32760266">
				<ele>52.72</ele>
				<time>2025-12-05T10:55:41Z</time>
				<extensions>
					<ns3:TrackPointExtension>
						<ns3:speed>1.54</ns3:speed>
						<ns3:cad>59.0</ns3:cad>
						<ns3:hr>120</ns3:hr>
					</ns3:TrackPointExtension>
				</extensions>
			</trkpt>
			<trkpt lat="48.97909664" lon="2.32760699">
				<ele>52.78</ele>
				<time>2025-12-05T10:55:42Z</time>
				<extensions>
					<ns3:TrackPointExtension>
						<ns3:speed>1.54</ns3:speed>
						<ns3:cad>59.0</ns3:cad>
						<ns3:hr>120</ns3:hr>
					</ns3:TrackPointExtension>
				</extensions>
			</trkpt>
			<trkpt lat="48.97911197" lon="2.32761032">
				<ele>52.86</ele>
				<time>2025-12-05T10:55:43Z</time>
				<extensions>
					<ns3:TrackPointExtension>
						<ns3:speed>1.54</ns3:speed>
						<ns3:cad>59.0</ns3:cad>
						<ns3:hr>121</ns3:hr>
					</ns3:TrackPointExtension>
				</extensions>
			</trkpt>
			<trkpt lat="48.97912863" lon="2.32761298">
				<ele>52.93</ele>
				<time>2025-12-05T10:55:44Z</time>
				<extensions>
					<ns3:TrackPointExtension>
						<ns3:speed>1.54</ns3:speed>
						<ns3:cad>59.0</ns3:cad>
						<ns3:hr>122</ns3:hr>
					</ns3:TrackPointExtension>
				</extensions>
			</trkpt>
			<trkpt lat="48.97914463" lon="2.32761364">
				<ele>53.0</ele>
				<time>2025-12-05T10:55:45Z</time>
				<extensions>
					<ns3:TrackPointExtension>
						<ns3:speed>1.54</ns3:speed>
						<ns3:cad>59.0</ns3:cad>
						<ns3:hr>123</ns3:hr>
					</ns3:TrackPointExtension>
				</extensions>
			</trkpt>
			<trkpt lat="48.97915929" lon="2.32761298">
				<ele>53.06</ele>
				<time>2025-12-05T10:55:46Z</time>
				<extensions>
					<ns3:TrackPointExtension>
						<ns3:speed>1.55</ns3:speed>
						<ns3:cad>59.0</ns3:cad>
						<ns3:hr>123</ns3:hr>
					</ns3:TrackPointExtension>
				</extensions>
			</trkpt>
			<trkpt lat="48.97917362" lon="2.32761364">
				<ele>53.16</ele>
				<time>2025-12-05T10:55:47Z</time>
				<extensions>
					<ns3:TrackPointExtension>
						<ns3:speed>1.55</ns3:speed>
						<ns3:cad>59.0</ns3:cad>
						<ns3:hr>123</ns3:hr>
					</ns3:TrackPointExtension>
				</extensions>
			</trkpt>
			<trkpt lat="48.97918828" lon="2.32761497">
				<ele>53.27</ele>
				<time>2025-12-05T10:55:48Z</time>
				<extensions>
					<ns3:TrackPointExtension>
						<ns3:speed>1.55</ns3:speed>
						<ns3:cad>58.0</ns3:cad>
						<ns3:hr>123</ns3:hr>
					</ns3:TrackPointExtension>
				</extensions>
			</trkpt>
			<trkpt lat="48.97920361" lon="2.3276163">
				<ele>53.38</ele>
				<time>2025-12-05T10:55:49Z</time>
				<extensions>
					<ns3:TrackPointExtension>
						<ns3:speed>1.56</ns3:speed>
						<ns3:cad>58.0</ns3:cad>
						<ns3:hr>124</ns3:hr>
					</ns3:TrackPointExtension>
				</extensions>
			</trkpt>
			<trkpt lat="48.97921894" lon="2.32761763">
				<ele>53.47</ele>
				<time>2025-12-05T10:55:50Z</time>
				<extensions>
					<ns3:TrackPointExtension>
						<ns3:speed>1.56</ns3:speed>
						<ns3:cad>58.0</ns3:cad>
						<ns3:hr>124</ns3:hr>
					</ns3:TrackPointExtension>
				</extensions>
			</trkpt>
			<trkpt lat="48.97923394" lon="2.32761796">
				<ele>53.56</ele>
				<time>2025-12-05T10:55:51Z</time>
				<extensions>
					<ns3:TrackPointExtension>
						<ns3:speed>1.56</ns3:speed>
						<ns3:cad>58.0</ns3:cad>
						<ns3:hr>125</ns3:hr>
					</ns3:TrackPointExtension>
				</extensions>
			</trkpt>
			<trkpt lat="48.97924927" lon="2.32761763">
				<ele>53.64</ele>
				<time>2025-12-05T10:55:52Z</time>
				<extensions>
					<ns3:TrackPointExtension>
						<ns3:speed>1.56</ns3:speed>
						<ns3:cad>58.0</ns3:cad>
						<ns3:hr>125</ns3:hr>
					</ns3:TrackPointExtension>
				</extensions>
			</trkpt>
			<trkpt lat="48.97926427" lon="2.32761597">
				<ele>53.71</ele>
				<time>2025-12-05T10:55:53Z</time>
				<extensions>
					<ns3:TrackPointExtension>
						<ns3:speed>1.56</ns3:speed>
						<ns3:cad>58.0</ns3:cad>
						<ns3:hr>125</ns3:hr>
					</ns3:TrackPointExtension>
				</extensions>
			</trkpt>
			<trkpt lat="48.97927926" lon="2.32761398">
				<ele>53.79</ele>
				<time>2025-12-05T10:55:54Z</time>
				<extensions>
					<ns3:TrackPointExtension>
						<ns3:speed>1.56</ns3:speed>
						<ns3:cad>58.0</ns3:cad>
						<ns3:hr>125</ns3:hr>
					</ns3:TrackPointExtension>
				</extensions>
			</trkpt>
			<trkpt lat="48.97929359" lon="2.32761298">
				<ele>53.85</ele>
				<time>2025-12-05T10:55:55Z</time>
				<extensions>
					<ns3:TrackPointExtension>
						<ns3:speed>1.57</ns3:speed>
						<ns3:cad>58.0</ns3:cad>
						<ns3:hr>126</ns3:hr>
					</ns3:TrackPointExtension>
				</extensions>
			</trkpt>
			<trkpt lat="48.97930792" lon="2.32761331">
				<ele>53.91</ele>
				<time>2025-12-05T10:55:56Z</time>
				<extensions>
					<ns3:TrackPointExtension>
						<ns3:speed>1.57</ns3:speed>
						<ns3:cad>58.0</ns3:cad>
						<ns3:hr>125</ns3:hr>
					</ns3:TrackPointExtension>
				</extensions>
			</trkpt>
			<trkpt lat="48.97932192" lon="2.32761265">
				<ele>53.97</ele>
				<time>2025-12-05T10:55:57Z</time>
				<extensions>
					<ns3:TrackPointExtension>
						<ns3:speed>1.57</ns3:speed>
						<ns3:cad>58.0</ns3:cad>
						<ns3:hr>125</ns3:hr>
					</ns3:TrackPointExtension>
				</extensions>
			</trkpt>
			<trkpt lat="48.97933592" lon="2.32761298">
				<ele>54.03</ele>
				<time>2025-12-05T10:55:58Z</time>
				<extensions>
					<ns3:TrackPointExtension>
						<ns3:speed>1.57</ns3:speed>
						<ns3:cad>58.0</ns3:cad>
						<ns3:hr>126</ns3:hr>
					</ns3:TrackPointExtension>
				</extensions>
			</trkpt>
			<trkpt lat="48.97934958" lon="2.32761298">
				<ele>54.09</ele>
				<time>2025-12-05T10:55:59Z</time>
				<extensions>
					<ns3:TrackPointExtension>
						<ns3:speed>1.57</ns3:speed>
						<ns3:cad>58.0</ns3:cad>
						<ns3:hr>126</ns3:hr>
					</ns3:TrackPointExtension>
				</extensions>
			</trkpt>
			<trkpt lat="48.97936324" lon="2.32761398">
				<ele>54.16</ele>
				<time>2025-12-05T10:56:00Z</time>
				<extensions>
					<ns3:TrackPointExtension>
						<ns3:speed>1.57</ns3:speed>
						<ns3:cad>57.0</ns3:cad>
						<ns3:hr>127</ns3:hr>
					</ns3:TrackPointExtension>
				</extensions>
			</trkpt>
			<trkpt lat="48.9793759" lon="2.32761498">
				<ele>54.23</ele>
				<time>2025-12-05T10:56:01Z</time>
				<extensions>
					<ns3:TrackPointExtension>
						<ns3:speed>1.57</ns3:speed>
						<ns3:cad>57.0</ns3:cad>
						<ns3:hr>126</ns3:hr>
					</ns3:TrackPointExtension>
				</extensions>
			</trkpt>
			<trkpt lat="48.97938756" lon="2.32761764">
				<ele>54.31</ele>
				<time>2025-12-05T10:56:02Z</time>
				<extensions>
					<ns3:TrackPointExtension>
						<ns3:speed>1.57</ns3:speed>
						<ns3:cad>57.0</ns3:cad>
						<ns3:hr>126</ns3:hr>
					</ns3:TrackPointExtension>
				</extensions>
			</trkpt>
			<trkpt lat="48.97940056" lon="2.32761997">
				<ele>54.41</ele>
				<time>2025-12-05T10:56:03Z</time>
				<extensions>
					<ns3:TrackPointExtension>
						<ns3:speed>1.56</ns3:speed>
						<ns3:cad>57.0</ns3:cad>
						<ns3:hr>126</ns3:hr>
					</ns3:TrackPointExtension>
				</extensions>
			</trkpt>
			<trkpt lat="48.97941356" lon="2.32762063">
				<ele>54.49</ele>
				<time>2025-12-05T10:56:04Z</time>
				<extensions>
					<ns3:TrackPointExtension>
						<ns3:speed>1.56</ns3:speed>
						<ns3:cad>57.0</ns3:cad>
						<ns3:hr>126</ns3:hr>
					</ns3:TrackPointExtension>
				</extensions>
			</trkpt>
			<trkpt lat="48.97942555" lon="2.32762096">
				<ele>54.58</ele>
				<time>2025-12-05T10:56:05Z</time>
				<extensions>
					<ns3:TrackPointExtension>
						<ns3:speed>1.56</ns3:speed>
						<ns3:cad>57.0</ns3:cad>
						<ns3:hr>126</ns3:hr>
					</ns3:TrackPointExtension>
				</extensions>
			</trkpt>
			<trkpt lat="48.97943854" lon="2.32762129">
				<ele>54.66</ele>
				<time>2025-12-05T10:56:06Z</time>
				<extensions>
					<ns3:TrackPointExtension>
						<ns3:speed>1.55</ns3:speed>
						<ns3:cad>57.0</ns3:cad>
						<ns3:hr>125</ns3:hr>
					</ns3:TrackPointExtension>
				</extensions>
			</trkpt>
			<trkpt lat="48.97945187" lon="2.32762129">
				<ele>54.74</ele>
				<time>2025-12-05T10:56:07Z</time>
				<extensions>
					<ns3:TrackPointExtension>
						<ns3:speed>1.55</ns3:speed>
						<ns3:cad>57.0</ns3:cad>
						<ns3:hr>126</ns3:hr>
					</ns3:TrackPointExtension>
				</extensions>
			</trkpt>
			<trkpt lat="48.97946587" lon="2.32762063">
				<ele>54.83</ele>
				<time>2025-12-05T10:56:08Z</time>
				<extensions>
					<ns3:TrackPointExtension>
						<ns3:speed>1.55</ns3:speed>
						<ns3:cad>58.0</ns3:cad>
						<ns3:hr>126</ns3:hr>
					</ns3:TrackPointExtension>
				</extensions>
			</trkpt>
			<trkpt lat="48.9794802" lon="2.32762096">
				<ele>54.93</ele>
				<time>2025-12-05T10:56:09Z</time>
				<extensions>
					<ns3:TrackPointExtension>
						<ns3:speed>1.55</ns3:speed>
						<ns3:cad>58.0</ns3:cad>
						<ns3:hr>126</ns3:hr>
					</ns3:TrackPointExtension>
				</extensions>
			</trkpt>
			<trkpt lat="48.97949386" lon="2.32762129">
				<ele>55.01</ele>
				<time>2025-12-05T10:56:10Z</time>
				<extensions>
					<ns3:TrackPointExtension>
						<ns3:speed>1.55</ns3:speed>
						<ns3:cad>58.0</ns3:cad>
						<ns3:hr>127</ns3:hr>
					</ns3:TrackPointExtension>
				</extensions>
			</trkpt>
			<trkpt lat="48.97950786" lon="2.32762262">
				<ele>55.09</ele>
				<time>2025-12-05T10:56:11Z</time>
				<extensions>
					<ns3:TrackPointExtension>
						<ns3:speed>1.55</ns3:speed>
						<ns3:cad>58.0</ns3:cad>
						<ns3:hr>126</ns3:hr>
					</ns3:TrackPointExtension>
				</extensions>
			</trkpt>
			<trkpt lat="48.97952119" lon="2.32762695">
				<ele>55.16</ele>
				<time>2025-12-05T10:56:12Z</time>
				<extensions>
					<ns3:TrackPointExtension>
						<ns3:speed>1.55</ns3:speed>
						<ns3:cad>59.0</ns3:cad>
						<ns3:hr>127</ns3:hr>
					</ns3:TrackPointExtension>
				</extensions>
			</trkpt>
			<trkpt lat="48.97953452" lon="2.32763161">
				<ele>55.23</ele>
				<time>2025-12-05T10:56:13Z</time>
				<extensions>
					<ns3:TrackPointExtension>
						<ns3:speed>1.55</ns3:speed>
						<ns3:cad>59.0</ns3:cad>
						<ns3:hr>127</ns3:hr>
					</ns3:TrackPointExtension>
				</extensions>
			</trkpt>
			<trkpt lat="48.97954885" lon="2.32763627">
				<ele>55.29</ele>
				<time>2025-12-05T10:56:14Z</time>
				<extensions>
					<ns3:TrackPointExtension>
						<ns3:speed>1.55</ns3:speed>
						<ns3:cad>58.0</ns3:cad>
						<ns3:hr>126</ns3:hr>
					</ns3:TrackPointExtension>
				</extensions>
			</trkpt>
			<trkpt lat="48.97956184" lon="2.3276416">
				<ele>55.37</ele>
				<time>2025-12-05T10:56:15Z</time>
				<extensions>
					<ns3:TrackPointExtension>
						<ns3:speed>1.55</ns3:speed>
						<ns3:cad>58.0</ns3:cad>
						<ns3:hr>126</ns3:hr>
					</ns3:TrackPointExtension>
				</extensions>
			</trkpt>
			<trkpt lat="48.97957517" lon="2.32764826">
				<ele>55.46</ele>
				<time>2025-12-05T10:56:16Z</time>
				<extensions>
					<ns3:TrackPointExtension>
						<ns3:speed>1.55</ns3:speed>
						<ns3:cad>58.0</ns3:cad>
						<ns3:hr>126</ns3:hr>
					</ns3:TrackPointExtension>
				</extensions>
			</trkpt>
			<trkpt lat="48.9795885" lon="2.32765559">
				<ele>55.57</ele>
				<time>2025-12-05T10:56:17Z</time>
				<extensions>
					<ns3:TrackPointExtension>
						<ns3:speed>1.55</ns3:speed>
						<ns3:cad>58.0</ns3:cad>
						<ns3:hr>126</ns3:hr>
					</ns3:TrackPointExtension>
				</extensions>
			</trkpt>
			<trkpt lat="48.9796025" lon="2.32766725">
				<ele>55.7</ele>
				<time>2025-12-05T10:56:18Z</time>
				<extensions>
					<ns3:TrackPointExtension>
						<ns3:speed>1.55</ns3:speed>
						<ns3:cad>58.0</ns3:cad>
						<ns3:hr>126</ns3:hr>
					</ns3:TrackPointExtension>
				</extensions>
			</trkpt>
			<trkpt lat="48.97961683" lon="2.32767991">
				<ele>55.84</ele>
				<time>2025-12-05T10:56:19Z</time>
				<extensions>
					<ns3:TrackPointExtension>
						<ns3:speed>1.55</ns3:speed>
						<ns3:cad>58.0</ns3:cad>
						<ns3:hr>127</ns3:hr>
					</ns3:TrackPointExtension>
				</extensions>
			</trkpt>
			<trkpt lat="48.97963083" lon="2.3276919">
				<ele>55.96</ele>
				<time>2025-12-05T10:56:20Z</time>
				<extensions>
					<ns3:TrackPointExtension>
						<ns3:speed>1.55</ns3:speed>
						<ns3:cad>58.0</ns3:cad>
						<ns3:hr>126</ns3:hr>
					</ns3:TrackPointExtension>
				</extensions>
			</trkpt>
			<trkpt lat="48.97964382" lon="2.32770256">
				<ele>56.07</ele>
				<time>2025-12-05T10:56:21Z</time>
				<extensions>
					<ns3:TrackPointExtension>
						<ns3:speed>1.55</ns3:speed>
						<ns3:cad>57.0</ns3:cad>
						<ns3:hr>125</ns3:hr>
					</ns3:TrackPointExtension>
				</extensions>
			</trkpt>
			<trkpt lat="48.97965615" lon="2.32771189">
				<ele>56.15</ele>
				<time>2025-12-05T10:56:22Z</time>
				<extensions>
					<ns3:TrackPointExtension>
						<ns3:speed>1.56</ns3:speed>
						<ns3:cad>57.0</ns3:cad>
						<ns3:hr>125</ns3:hr>
					</ns3:TrackPointExtension>
				</extensions>
			</trkpt>
			<trkpt lat="48.97966848" lon="2.32772189">
				<ele>56.25</ele>
				<time>2025-12-05T10:56:23Z</time>
				<extensions>
					<ns3:TrackPointExtension>
						<ns3:speed>1.56</ns3:speed>
						<ns3:cad>57.0</ns3:cad>
						<ns3:hr>125</ns3:hr>
					</ns3:TrackPointExtension>
				</extensions>
			</trkpt>
			<trkpt lat="48.97968047" lon="2.32773122">
				<ele>56.37</ele>
				<time>2025-12-05T10:56:24Z</time>
				<extensions>
					<ns3:TrackPointExtension>
						<ns3:speed>1.56</ns3:speed>
						<ns3:cad>58.0</ns3:cad>
						<ns3:hr>126</ns3:hr>
					</ns3:TrackPointExtension>
				</extensions>
			</trkpt>
			<trkpt lat="48.9796928" lon="2.32774055">
				<ele>56.47</ele>
				<time>2025-12-05T10:56:25Z</time>
				<extensions>
					<ns3:TrackPointExtension>
						<ns3:speed>1.55</ns3:speed>
						<ns3:cad>58.0</ns3:cad>
						<ns3:hr>126</ns3:hr>
					</ns3:TrackPointExtension>
				</extensions>
			</trkpt>
			<trkpt lat="48.97970546" lon="2.32774954">
				<ele>56.58</ele>
				<time>2025-12-05T10:56:26Z</time>
				<extensions>
					<ns3:TrackPointExtension>
						<ns3:speed>1.55</ns3:speed>
						<ns3:cad>58.0</ns3:cad>
						<ns3:hr>125</ns3:hr>
					</ns3:TrackPointExtension>
				</extensions>
			</trkpt>
			<trkpt lat="48.97971812" lon="2.32775853">
				<ele>56.68</ele>
				<time>2025-12-05T10:56:27Z</time>
				<extensions>
					<ns3:TrackPointExtension>
						<ns3:speed>1.55</ns3:speed>
						<ns3:cad>58.0</ns3:cad>
						<ns3:hr>125</ns3:hr>
					</ns3:TrackPointExtension>
				</extensions>
			</trkpt>
			<trkpt lat="48.97973078" lon="2.32776619">
				<ele>56.78</ele>
				<time>2025-12-05T10:56:28Z</time>
				<extensions>
					<ns3:TrackPointExtension>
						<ns3:speed>1.55</ns3:speed>
						<ns3:cad>58.0</ns3:cad>
						<ns3:hr>127</ns3:hr>
					</ns3:TrackPointExtension>
				</extensions>
			</trkpt>
			<trkpt lat="48.97974378" lon="2.32777319">
				<ele>56.87</ele>
				<time>2025-12-05T10:56:29Z</time>
				<extensions>
					<ns3:TrackPointExtension>
						<ns3:speed>1.55</ns3:speed>
						<ns3:cad>58.0</ns3:cad>
						<ns3:hr>126</ns3:hr>
					</ns3:TrackPointExtension>
				</extensions>
			</trkpt>
			<trkpt lat="48.97975678" lon="2.32778052">
				<ele>56.98</ele>
				<time>2025-12-05T10:56:30Z</time>
				<extensions>
					<ns3:TrackPointExtension>
						<ns3:speed>1.55</ns3:speed>
						<ns3:cad>58.0</ns3:cad>
						<ns3:hr>127</ns3:hr>
					</ns3:TrackPointExtension>
				</extensions>
			</trkpt>
			<trkpt lat="48.97976944" lon="2.32778752">
				<ele>57.11</ele>
				<time>2025-12-05T10:56:31Z</time>
				<extensions>
					<ns3:TrackPointExtension>
						<ns3:speed>1.55</ns3:speed>
						<ns3:cad>58.0</ns3:cad>
						<ns3:hr>127</ns3:hr>
					</ns3:TrackPointExtension>
				</extensions>
			</trkpt>
			<trkpt lat="48.9797831" lon="2.32779518">
				<ele>57.25</ele>
				<time>2025-12-05T10:56:32Z</time>
				<extensions>
					<ns3:TrackPointExtension>
						<ns3:speed>1.55</ns3:speed>
						<ns3:cad>58.0</ns3:cad>
						<ns3:hr>126</ns3:hr>
					</ns3:TrackPointExtension>
				</extensions>
			</trkpt>
			<trkpt lat="48.97979643" lon="2.32780317">
				<ele>57.38</ele>
				<time>2025-12-05T10:56:33Z</time>
				<extensions>
					<ns3:TrackPointExtension>
						<ns3:speed>1.55</ns3:speed>
						<ns3:cad>58.0</ns3:cad>
						<ns3:hr>125</ns3:hr>
					</ns3:TrackPointExtension>
				</extensions>
			</trkpt>
			<trkpt lat="48.97980976" lon="2.32780983">
				<ele>57.51</ele>
				<time>2025-12-05T10:56:34Z</time>
				<extensions>
					<ns3:TrackPointExtension>
						<ns3:speed>1.55</ns3:speed>
						<ns3:cad>58.0</ns3:cad>
						<ns3:hr>124</ns3:hr>
					</ns3:TrackPointExtension>
				</extensions>
			</trkpt>
			<trkpt lat="48.97982242" lon="2.32781516">
				<ele>57.65</ele>
				<time>2025-12-05T10:56:35Z</time>
				<extensions>
					<ns3:TrackPointExtension>
						<ns3:speed>1.55</ns3:speed>
						<ns3:cad>58.0</ns3:cad>
						<ns3:hr>124</ns3:hr>
					</ns3:TrackPointExtension>
				</extensions>
			</trkpt>
			<trkpt lat="48.97983542" lon="2.32782049">
				<ele>57.78</ele>
				<time>2025-12-05T10:56:36Z</time>
				<extensions>
					<ns3:TrackPointExtension>
						<ns3:speed>1.55</ns3:speed>
						<ns3:cad>58.0</ns3:cad>
						<ns3:hr>124</ns3:hr>
					</ns3:TrackPointExtension>
				</extensions>
			</trkpt>
			<trkpt lat="48.97984941" lon="2.32782682">
				<ele>57.92</ele>
				<time>2025-12-05T10:56:37Z</time>
				<extensions>
					<ns3:TrackPointExtension>
						<ns3:speed>1.55</ns3:speed>
						<ns3:cad>58.0</ns3:cad>
						<ns3:hr>124</ns3:hr>
					</ns3:TrackPointExtension>
				</extensions>
			</trkpt>
			<trkpt lat="48.97986274" lon="2.32783348">
				<ele>58.04</ele>
				<time>2025-12-05T10:56:38Z</time>
				<extensions>
					<ns3:TrackPointExtension>
						<ns3:speed>1.55</ns3:speed>
						<ns3:cad>57.0</ns3:cad>
						<ns3:hr>124</ns3:hr>
					</ns3:TrackPointExtension>
				</extensions>
			</trkpt>
			<trkpt lat="48.97987674" lon="2.32784081">
				<ele>58.16</ele>
				<time>2025-12-05T10:56:39Z</time>
				<extensions>
					<ns3:TrackPointExtension>
						<ns3:speed>1.55</ns3:speed>
						<ns3:cad>57.0</ns3:cad>
						<ns3:hr>125</ns3:hr>
					</ns3:TrackPointExtension>
				</extensions>
			</trkpt>
			<trkpt lat="48.97989074" lon="2.32784847">
				<ele>58.28</ele>
				<time>2025-12-05T10:56:40Z</time>
				<extensions>
					<ns3:TrackPointExtension>
						<ns3:speed>1.55</ns3:speed>
						<ns3:cad>57.0</ns3:cad>
						<ns3:hr>124</ns3:hr>
					</ns3:TrackPointExtension>
				</extensions>
			</trkpt>
			<trkpt lat="48.9799044" lon="2.32785647">
				<ele>58.37</ele>
				<time>2025-12-05T10:56:41Z</time>
				<extensions>
					<ns3:TrackPointExtension>
						<ns3:speed>1.55</ns3:speed>
						<ns3:cad>57.0</ns3:cad>
						<ns3:hr>124</ns3:hr>
					</ns3:TrackPointExtension>
				</extensions>
			</trkpt>
			<trkpt lat="48.97991873" lon="2.3278638">
				<ele>58.48</ele>
				<time>2025-12-05T10:56:42Z</time>
				<extensions>
					<ns3:TrackPointExtension>
						<ns3:speed>1.55</ns3:speed>
						<ns3:cad>57.0</ns3:cad>
						<ns3:hr>124</ns3:hr>
					</ns3:TrackPointExtension>
				</extensions>
			</trkpt>
			<trkpt lat="48.97993239" lon="2.3278708">
				<ele>58.6</ele>
				<time>2025-12-05T10:56:43Z</time>
				<extensions>
					<ns3:TrackPointExtension>
						<ns3:speed>1.55</ns3:speed>
						<ns3:cad>57.0</ns3:cad>
						<ns3:hr>124</ns3:hr>
					</ns3:TrackPointExtension>
				</extensions>
			</trkpt>
			<trkpt lat="48.97994605" lon="2.32787846">
				<ele>58.75</ele>
				<time>2025-12-05T10:56:44Z</time>
				<extensions>
					<ns3:TrackPointExtension>
						<ns3:speed>1.55</ns3:speed>
						<ns3:cad>57.0</ns3:cad>
						<ns3:hr>124</ns3:hr>
					</ns3:TrackPointExtension>
				</extensions>
			</trkpt>
			<trkpt lat="48.97995971" lon="2.32788545">
				<ele>58.91</ele>
				<time>2025-12-05T10:56:45Z</time>
				<extensions>
					<ns3:TrackPointExtension>
						<ns3:speed>1.55</ns3:speed>
						<ns3:cad>57.0</ns3:cad>
						<ns3:hr>124</ns3:hr>
					</ns3:TrackPointExtension>
				</extensions>
			</trkpt>
			<trkpt lat="48.97997237" lon="2.32789311">
				<ele>59.05</ele>
				<time>2025-12-05T10:56:46Z</time>
				<extensions>
					<ns3:TrackPointExtension>
						<ns3:speed>1.55</ns3:speed>
						<ns3:cad>57.0</ns3:cad>
						<ns3:hr>125</ns3:hr>
					</ns3:TrackPointExtension>
				</extensions>
			</trkpt>
			<trkpt lat="48.9799847" lon="2.32789844">
				<ele>59.18</ele>
				<time>2025-12-05T10:56:47Z</time>
				<extensions>
					<ns3:TrackPointExtension>
						<ns3:speed>1.55</ns3:speed>
						<ns3:cad>57.0</ns3:cad>
						<ns3:hr>125</ns3:hr>
					</ns3:TrackPointExtension>
				</extensions>
			</trkpt>
			<trkpt lat="48.97999803" lon="2.32790077">
				<ele>59.28</ele>
				<time>2025-12-05T10:56:48Z</time>
				<extensions>
					<ns3:TrackPointExtension>
						<ns3:speed>1.55</ns3:speed>
						<ns3:cad>57.0</ns3:cad>
						<ns3:hr>125</ns3:hr>
					</ns3:TrackPointExtension>
				</extensions>
			</trkpt>
			<trkpt lat="48.98001136" lon="2.32790243">
				<ele>59.38</ele>
				<time>2025-12-05T10:56:49Z</time>
				<extensions>
					<ns3:TrackPointExtension>
						<ns3:speed>1.54</ns3:speed>
						<ns3:cad>57.0</ns3:cad>
						<ns3:hr>125</ns3:hr>
					</ns3:TrackPointExtension>
				</extensions>
			</trkpt>
			<trkpt lat="48.98002469" lon="2.32790476">
				<ele>59.5</ele>
				<time>2025-12-05T10:56:50Z</time>
				<extensions>
					<ns3:TrackPointExtension>
						<ns3:speed>1.54</ns3:speed>
						<ns3:cad>57.0</ns3:cad>
						<ns3:hr>124</ns3:hr>
					</ns3:TrackPointExtension>
				</extensions>
			</trkpt>
			<trkpt lat="48.98003802" lon="2.32790742">
				<ele>59.62</ele>
				<time>2025-12-05T10:56:51Z</time>
				<extensions>
					<ns3:TrackPointExtension>
						<ns3:speed>1.54</ns3:speed>
						<ns3:cad>57.0</ns3:cad>
						<ns3:hr>123</ns3:hr>
					</ns3:TrackPointExtension>
				</extensions>
			</trkpt>
			<trkpt lat="48.98005068" lon="2.32791108">
				<ele>59.72</ele>
				<time>2025-12-05T10:56:52Z</time>
				<extensions>
					<ns3:TrackPointExtension>
						<ns3:speed>1.54</ns3:speed>
						<ns3:cad>57.0</ns3:cad>
						<ns3:hr>123</ns3:hr>
					</ns3:TrackPointExtension>
				</extensions>
			</trkpt>
			<trkpt lat="48.98006301" lon="2.32791508">
				<ele>59.83</ele>
				<time>2025-12-05T10:56:53Z</time>
				<extensions>
					<ns3:TrackPointExtension>
						<ns3:speed>1.53</ns3:speed>
						<ns3:cad>57.0</ns3:cad>
						<ns3:hr>122</ns3:hr>
					</ns3:TrackPointExtension>
				</extensions>
			</trkpt>
			<trkpt lat="48.98007501" lon="2.32791908">
				<ele>59.97</ele>
				<time>2025-12-05T10:56:54Z</time>
				<extensions>
					<ns3:TrackPointExtension>
						<ns3:speed>1.53</ns3:speed>
						<ns3:cad>57.0</ns3:cad>
						<ns3:hr>122</ns3:hr>
					</ns3:TrackPointExtension>
				</extensions>
			</trkpt>
			<trkpt lat="48.98008767" lon="2.32792274">
				<ele>60.1</ele>
				<time>2025-12-05T10:56:55Z</time>
				<extensions>
					<ns3:TrackPointExtension>
						<ns3:speed>1.53</ns3:speed>
						<ns3:cad>57.0</ns3:cad>
						<ns3:hr>122</ns3:hr>
					</ns3:TrackPointExtension>
				</extensions>
			</trkpt>
			<trkpt lat="48.9801" lon="2.32792673">
				<ele>60.24</ele>
				<time>2025-12-05T10:56:56Z</time>
				<extensions>
					<ns3:TrackPointExtension>
						<ns3:speed>1.53</ns3:speed>
						<ns3:cad>57.0</ns3:cad>
						<ns3:hr>122</ns3:hr>
					</ns3:TrackPointExtension>
				</extensions>
			</trkpt>
			<trkpt lat="48.98011199" lon="2.32793206">
				<ele>60.38</ele>
				<time>2025-12-05T10:56:57Z</time>
				<extensions>
					<ns3:TrackPointExtension>
						<ns3:speed>1.52</ns3:speed>
						<ns3:cad>57.0</ns3:cad>
						<ns3:hr>122</ns3:hr>
					</ns3:TrackPointExtension>
				</extensions>
			</trkpt>
			<trkpt lat="48.98012365" lon="2.32793772">
				<ele>60.51</ele>
				<time>2025-12-05T10:56:58Z</time>
				<extensions>
					<ns3:TrackPointExtension>
						<ns3:speed>1.52</ns3:speed>
						<ns3:cad>57.0</ns3:cad>
						<ns3:hr>122</ns3:hr>
					</ns3:TrackPointExtension>
				</extensions>
			</trkpt>
			<trkpt lat="48.98013465" lon="2.32794338">
				<ele>60.64</ele>
				<time>2025-12-05T10:56:59Z</time>
				<extensions>
					<ns3:TrackPointExtension>
						<ns3:speed>1.52</ns3:speed>
						<ns3:cad>57.0</ns3:cad>
						<ns3:hr>122</ns3:hr>
					</ns3:TrackPointExtension>
				</extensions>
			</trkpt>
			<trkpt lat="48.98014598" lon="2.32794771">
				<ele>60.77</ele>
				<time>2025-12-05T10:57:00Z</time>
				<extensions>
					<ns3:TrackPointExtension>
						<ns3:speed>1.51</ns3:speed>
						<ns3:cad>57.0</ns3:cad>
						<ns3:hr>122</ns3:hr>
					</ns3:TrackPointExtension>
				</extensions>
			</trkpt>
			<trkpt lat="48.98015731" lon="2.3279527">
				<ele>60.87</ele>
				<time>2025-12-05T10:57:01Z</time>
				<extensions>
					<ns3:TrackPointExtension>
						<ns3:speed>1.51</ns3:speed>
						<ns3:cad>57.0</ns3:cad>
						<ns3:hr>123</ns3:hr>
					</ns3:TrackPointExtension>
				</extensions>
			</trkpt>
			<trkpt lat="48.98016897" lon="2.32795736">
				<ele>60.97</ele>
				<time>2025-12-05T10:57:02Z</time>
				<extensions>
					<ns3:TrackPointExtension>
						<ns3:speed>1.51</ns3:speed>
						<ns3:cad>57.0</ns3:cad>
						<ns3:hr>123</ns3:hr>
					</ns3:TrackPointExtension>
				</extensions>
			</trkpt>
			<trkpt lat="48.9801813" lon="2.32796235">
				<ele>61.05</ele>
				<time>2025-12-05T10:57:03Z</time>
				<extensions>
					<ns3:TrackPointExtension>
						<ns3:speed>1.5</ns3:speed>
						<ns3:cad>58.0</ns3:cad>
						<ns3:hr>123</ns3:hr>
					</ns3:TrackPointExtension>
				</extensions>
			</trkpt>
			<trkpt lat="48.98019463" lon="2.32796735">
				<ele>61.14</ele>
				<time>2025-12-05T10:57:04Z</time>
				<extensions>
					<ns3:TrackPointExtension>
						<ns3:speed>1.5</ns3:speed>
						<ns3:cad>58.0</ns3:cad>
						<ns3:hr>123</ns3:hr>
					</ns3:TrackPointExtension>
				</extensions>
			</trkpt>
			<trkpt lat="48.98020796" lon="2.32797168">
				<ele>61.25</ele>
				<time>2025-12-05T10:57:05Z</time>
				<extensions>
					<ns3:TrackPointExtension>
						<ns3:speed>1.5</ns3:speed>
						<ns3:cad>57.0</ns3:cad>
						<ns3:hr>123</ns3:hr>
					</ns3:TrackPointExtension>
				</extensions>
			</trkpt>
			<trkpt lat="48.98022062" lon="2.32797634">
				<ele>61.4</ele>
				<time>2025-12-05T10:57:06Z</time>
				<extensions>
					<ns3:TrackPointExtension>
						<ns3:speed>1.5</ns3:speed>
						<ns3:cad>57.0</ns3:cad>
						<ns3:hr>123</ns3:hr>
					</ns3:TrackPointExtension>
				</extensions>
			</trkpt>
			<trkpt lat="48.98023428" lon="2.32798233">
				<ele>61.55</ele>
				<time>2025-12-05T10:57:07Z</time>
				<extensions>
					<ns3:TrackPointExtension>
						<ns3:speed>1.5</ns3:speed>
						<ns3:cad>57.0</ns3:cad>
						<ns3:hr>123</ns3:hr>
					</ns3:TrackPointExtension>
				</extensions>
			</trkpt>
			<trkpt lat="48.98024861" lon="2.32798933">
				<ele>61.69</ele>
				<time>2025-12-05T10:57:08Z</time>
				<extensions>
					<ns3:TrackPointExtension>
						<ns3:speed>1.5</ns3:speed>
						<ns3:cad>57.0</ns3:cad>
						<ns3:hr>123</ns3:hr>
					</ns3:TrackPointExtension>
				</extensions>
			</trkpt>
			<trkpt lat="48.98026294" lon="2.32799532">
				<ele>61.83</ele>
				<time>2025-12-05T10:57:09Z</time>
				<extensions>
					<ns3:TrackPointExtension>
						<ns3:speed>1.5</ns3:speed>
						<ns3:cad>57.0</ns3:cad>
						<ns3:hr>123</ns3:hr>
					</ns3:TrackPointExtension>
				</extensions>
			</trkpt>
			<trkpt lat="48.98027894" lon="2.32799965">
				<ele>61.95</ele>
				<time>2025-12-05T10:57:10Z</time>
				<extensions>
					<ns3:TrackPointExtension>
						<ns3:speed>1.5</ns3:speed>
						<ns3:cad>57.0</ns3:cad>
						<ns3:hr>123</ns3:hr>
					</ns3:TrackPointExtension>
				</extensions>
			</trkpt>
			<trkpt lat="48.98029527" lon="2.32800298">
				<ele>62.06</ele>
				<time>2025-12-05T10:57:11Z</time>
				<extensions>
					<ns3:TrackPointExtension>
						<ns3:speed>1.51</ns3:speed>
						<ns3:cad>57.0</ns3:cad>
						<ns3:hr>123</ns3:hr>
					</ns3:TrackPointExtension>
				</extensions>
			</trkpt>
			<trkpt lat="48.98030993" lon="2.32800831">
				<ele>62.17</ele>
				<time>2025-12-05T10:57:12Z</time>
				<extensions>
					<ns3:TrackPointExtension>
						<ns3:speed>1.51</ns3:speed>
						<ns3:cad>57.0</ns3:cad>
						<ns3:hr>123</ns3:hr>
					</ns3:TrackPointExtension>
				</extensions>
			</trkpt>
			<trkpt lat="48.98032326" lon="2.32801297">
				<ele>62.28</ele>
				<time>2025-12-05T10:57:13Z</time>
				<extensions>
					<ns3:TrackPointExtension>
						<ns3:speed>1.52</ns3:speed>
						<ns3:cad>57.0</ns3:cad>
						<ns3:hr>124</ns3:hr>
					</ns3:TrackPointExtension>
				</extensions>
			</trkpt>
			<trkpt lat="48.98033459" lon="2.32801763">
				<ele>62.38</ele>
				<time>2025-12-05T10:57:14Z</time>
				<extensions>
					<ns3:TrackPointExtension>
						<ns3:speed>1.52</ns3:speed>
						<ns3:cad>57.0</ns3:cad>
						<ns3:hr>124</ns3:hr>
					</ns3:TrackPointExtension>
				</extensions>
			</trkpt>
			<trkpt lat="48.98034459" lon="2.32802096">
				<ele>62.48</ele>
				<time>2025-12-05T10:57:15Z</time>
				<extensions>
					<ns3:TrackPointExtension>
						<ns3:speed>1.52</ns3:speed>
						<ns3:cad>57.0</ns3:cad>
						<ns3:hr>124</ns3:hr>
					</ns3:TrackPointExtension>
				</extensions>
			</trkpt>
			<trkpt lat="48.98035525" lon="2.32802462">
				<ele>62.62</ele>
				<time>2025-12-05T10:57:16Z</time>
				<extensions>
					<ns3:TrackPointExtension>
						<ns3:speed>1.51</ns3:speed>
						<ns3:cad>56.0</ns3:cad>
						<ns3:hr>124</ns3:hr>
					</ns3:TrackPointExtension>
				</extensions>
			</trkpt>
			<trkpt lat="48.98036625" lon="2.32802661">
				<ele>62.76</ele>
				<time>2025-12-05T10:57:17Z</time>
				<extensions>
					<ns3:TrackPointExtension>
						<ns3:speed>1.51</ns3:speed>
						<ns3:cad>56.0</ns3:cad>
						<ns3:hr>123</ns3:hr>
					</ns3:TrackPointExtension>
				</extensions>
			</trkpt>
			<trkpt lat="48.98037758" lon="2.32802794">
				<ele>62.9</ele>
				<time>2025-12-05T10:57:18Z</time>
				<extensions>
					<ns3:TrackPointExtension>
						<ns3:speed>1.5</ns3:speed>
						<ns3:cad>56.0</ns3:cad>
						<ns3:hr>123</ns3:hr>
					</ns3:TrackPointExtension>
				</extensions>
			</trkpt>
			<trkpt lat="48.98038991" lon="2.32802993">
				<ele>62.9</ele>
				<time>2025-12-05T10:57:19Z</time>
				<extensions>
					<ns3:TrackPointExtension>
						<ns3:speed>1.5</ns3:speed>
						<ns3:cad>56.0</ns3:cad>
						<ns3:hr>123</ns3:hr>
					</ns3:TrackPointExtension>
				</extensions>
			</trkpt>
			<trkpt lat="48.98040324" lon="2.32803259">
				<ele>63.04</ele>
				<time>2025-12-05T10:57:20Z</time>
				<extensions>
					<ns3:TrackPointExtension>
						<ns3:speed>1.5</ns3:speed>
						<ns3:cad>56.0</ns3:cad>
						<ns3:hr>123</ns3:hr>
					</ns3:TrackPointExtension>
				</extensions>
			</trkpt>
			<trkpt lat="48.9804139" lon="2.32803858">
				<ele>63.27</ele>
				<time>2025-12-05T10:57:21Z</time>
				<extensions>
					<ns3:TrackPointExtension>
						<ns3:speed>1.49</ns3:speed>
						<ns3:cad>56.0</ns3:cad>
						<ns3:hr>124</ns3:hr>
					</ns3:TrackPointExtension>
				</extensions>
			</trkpt>
			<trkpt lat="48.98042423" lon="2.32804424">
				<ele>63.46</ele>
				<time>2025-12-05T10:57:22Z</time>
				<extensions>
					<ns3:TrackPointExtension>
						<ns3:speed>1.48</ns3:speed>
						<ns3:cad>56.0</ns3:cad>
						<ns3:hr>123</ns3:hr>
					</ns3:TrackPointExtension>
				</extensions>
			</trkpt>
			<trkpt lat="48.98043356" lon="2.3280529">
				<ele>63.67</ele>
				<time>2025-12-05T10:57:23Z</time>
				<extensions>
					<ns3:TrackPointExtension>
						<ns3:speed>1.48</ns3:speed>
						<ns3:cad>56.0</ns3:cad>
						<ns3:hr>124</ns3:hr>
					</ns3:TrackPointExtension>
				</extensions>
			</trkpt>
			<trkpt lat="48.98044189" lon="2.32806356">
				<ele>63.67</ele>
				<time>2025-12-05T10:57:24Z</time>
				<extensions>
					<ns3:TrackPointExtension>
						<ns3:speed>1.48</ns3:speed>
						<ns3:cad>56.0</ns3:cad>
						<ns3:hr>124</ns3:hr>
					</ns3:TrackPointExtension>
				</extensions>
			</trkpt>
			<trkpt lat="48.98045255" lon="2.32807289">
				<ele>63.86</ele>
				<time>2025-12-05T10:57:25Z</time>
				<extensions>
					<ns3:TrackPointExtension>
						<ns3:speed>1.47</ns3:speed>
						<ns3:cad>56.0</ns3:cad>
						<ns3:hr>124</ns3:hr>
					</ns3:TrackPointExtension>
				</extensions>
			</trkpt>
			<trkpt lat="48.98046388" lon="2.32808155">
				<ele>64.01</ele>
				<time>2025-12-05T10:57:26Z</time>
				<extensions>
					<ns3:TrackPointExtension>
						<ns3:speed>1.37</ns3:speed>
						<ns3:cad>56.0</ns3:cad>
						<ns3:hr>124</ns3:hr>
					</ns3:TrackPointExtension>
				</extensions>
			</trkpt>
			<trkpt lat="48.98047554" lon="2.32808954">
				<ele>64.16</ele>
				<time>2025-12-05T10:57:27Z</time>
				<extensions>
					<ns3:TrackPointExtension>
						<ns3:speed>1.28</ns3:speed>
						<ns3:cad>56.0</ns3:cad>
						<ns3:hr>123</ns3:hr>
					</ns3:TrackPointExtension>
				</extensions>
			</trkpt>
			<trkpt lat="48.9804892" lon="2.32809887">
				<ele>64.16</ele>
				<time>2025-12-05T10:57:28Z</time>
				<extensions>
					<ns3:TrackPointExtension>
						<ns3:speed>1.32</ns3:speed>
						<ns3:cad>56.0</ns3:cad>
						<ns3:hr>122</ns3:hr>
					</ns3:TrackPointExtension>
				</extensions>
			</trkpt>
			<trkpt lat="48.98050353" lon="2.32810853">
				<ele>64.46</ele>
				<time>2025-12-05T10:57:29Z</time>
				<extensions>
					<ns3:TrackPointExtension>
						<ns3:speed>1.37</ns3:speed>
						<ns3:cad>56.0</ns3:cad>
						<ns3:hr>123</ns3:hr>
					</ns3:TrackPointExtension>
				</extensions>
			</trkpt>
			<trkpt lat="48.98051719" lon="2.32811886">
				<ele>64.6</ele>
				<time>2025-12-05T10:57:30Z</time>
				<extensions>
					<ns3:TrackPointExtension>
						<ns3:speed>1.45</ns3:speed>
						<ns3:cad>56.0</ns3:cad>
						<ns3:hr>125</ns3:hr>
					</ns3:TrackPointExtension>
				</extensions>
			</trkpt>
			<trkpt lat="48.98053018" lon="2.32812719">
				<ele>64.75</ele>
				<time>2025-12-05T10:57:31Z</time>
				<extensions>
					<ns3:TrackPointExtension>
						<ns3:speed>1.52</ns3:speed>
						<ns3:cad>56.0</ns3:cad>
						<ns3:hr>126</ns3:hr>
					</ns3:TrackPointExtension>
				</extensions>
			</trkpt>
			<trkpt lat="48.98054318" lon="2.32813618">
				<ele>64.89</ele>
				<time>2025-12-05T10:57:32Z</time>
				<extensions>
					<ns3:TrackPointExtension>
						<ns3:speed>1.55</ns3:speed>
						<ns3:cad>56.0</ns3:cad>
						<ns3:hr>126</ns3:hr>
					</ns3:TrackPointExtension>
				</extensions>
			</trkpt>
			<trkpt lat="48.98055718" lon="2.32814418">
				<ele>65.04</ele>
				<time>2025-12-05T10:57:33Z</time>
				<extensions>
					<ns3:TrackPointExtension>
						<ns3:speed>1.55</ns3:speed>
						<ns3:cad>58.0</ns3:cad>
						<ns3:hr>127</ns3:hr>
					</ns3:TrackPointExtension>
				</extensions>
			</trkpt>
			<trkpt lat="48.98057084" lon="2.32815184">
				<ele>65.19</ele>
				<time>2025-12-05T10:57:34Z</time>
				<extensions>
					<ns3:TrackPointExtension>
						<ns3:speed>1.54</ns3:speed>
						<ns3:cad>58.0</ns3:cad>
						<ns3:hr>128</ns3:hr>
					</ns3:TrackPointExtension>
				</extensions>
			</trkpt>
			<trkpt lat="48.98058384" lon="2.32815817">
				<ele>65.33</ele>
				<time>2025-12-05T10:57:35Z</time>
				<extensions>
					<ns3:TrackPointExtension>
						<ns3:speed>1.55</ns3:speed>
						<ns3:cad>58.0</ns3:cad>
						<ns3:hr>128</ns3:hr>
					</ns3:TrackPointExtension>
				</extensions>
			</trkpt>
			<trkpt lat="48.9805975" lon="2.3281635">
				<ele>65.48</ele>
				<time>2025-12-05T10:57:36Z</time>
				<extensions>
					<ns3:TrackPointExtension>
						<ns3:speed>1.55</ns3:speed>
						<ns3:cad>58.0</ns3:cad>
						<ns3:hr>128</ns3:hr>
					</ns3:TrackPointExtension>
				</extensions>
			</trkpt>
			<trkpt lat="48.9806115" lon="2.32816649">
				<ele>65.65</ele>
				<time>2025-12-05T10:57:37Z</time>
				<extensions>
					<ns3:TrackPointExtension>
						<ns3:speed>1.53</ns3:speed>
						<ns3:cad>58.0</ns3:cad>
						<ns3:hr>128</ns3:hr>
					</ns3:TrackPointExtension>
				</extensions>
			</trkpt>
			<trkpt lat="48.9806255" lon="2.32816848">
				<ele>65.82</ele>
				<time>2025-12-05T10:57:38Z</time>
				<extensions>
					<ns3:TrackPointExtension>
						<ns3:speed>1.51</ns3:speed>
						<ns3:cad>56.0</ns3:cad>
						<ns3:hr>129</ns3:hr>
					</ns3:TrackPointExtension>
				</extensions>
			</trkpt>
			<trkpt lat="48.9806385" lon="2.32817081">
				<ele>66.0</ele>
				<time>2025-12-05T10:57:39Z</time>
				<extensions>
					<ns3:TrackPointExtension>
						<ns3:speed>1.51</ns3:speed>
						<ns3:cad>55.0</ns3:cad>
						<ns3:hr>129</ns3:hr>
					</ns3:TrackPointExtension>
				</extensions>
			</trkpt>
			<trkpt lat="48.9806515" lon="2.3281718">
				<ele>66.17</ele>
				<time>2025-12-05T10:57:40Z</time>
				<extensions>
					<ns3:TrackPointExtension>
						<ns3:speed>1.51</ns3:speed>
						<ns3:cad>55.0</ns3:cad>
						<ns3:hr>130</ns3:hr>
					</ns3:TrackPointExtension>
				</extensions>
			</trkpt>
			<trkpt lat="48.98066416" lon="2.3281728">
				<ele>66.33</ele>
				<time>2025-12-05T10:57:41Z</time>
				<extensions>
					<ns3:TrackPointExtension>
						<ns3:speed>1.49</ns3:speed>
						<ns3:cad>55.0</ns3:cad>
						<ns3:hr>130</ns3:hr>
					</ns3:TrackPointExtension>
				</extensions>
			</trkpt>
			<trkpt lat="48.98067615" lon="2.32817346">
				<ele>66.5</ele>
				<time>2025-12-05T10:57:42Z</time>
				<extensions>
					<ns3:TrackPointExtension>
						<ns3:speed>1.47</ns3:speed>
						<ns3:cad>55.0</ns3:cad>
						<ns3:hr>130</ns3:hr>
					</ns3:TrackPointExtension>
				</extensions>
			</trkpt>
			<trkpt lat="48.98068881" lon="2.32817445">
				<ele>66.69</ele>
				<time>2025-12-05T10:57:43Z</time>
				<extensions>
					<ns3:TrackPointExtension>
						<ns3:speed>1.44</ns3:speed>
						<ns3:cad>55.0</ns3:cad>
						<ns3:hr>131</ns3:hr>
					</ns3:TrackPointExtension>
				</extensions>
			</trkpt>
			<trkpt lat="48.98070047" lon="2.32817445">
				<ele>66.89</ele>
				<time>2025-12-05T10:57:44Z</time>
				<extensions>
					<ns3:TrackPointExtension>
						<ns3:speed>1.42</ns3:speed>
						<ns3:cad>55.0</ns3:cad>
						<ns3:hr>131</ns3:hr>
					</ns3:TrackPointExtension>
				</extensions>
			</trkpt>
			<trkpt lat="48.98071147" lon="2.32817511">
				<ele>67.07</ele>
				<time>2025-12-05T10:57:45Z</time>
				<extensions>
					<ns3:TrackPointExtension>
						<ns3:speed>1.4</ns3:speed>
						<ns3:cad>55.0</ns3:cad>
						<ns3:hr>131</ns3:hr>
					</ns3:TrackPointExtension>
				</extensions>
			</trkpt>
			<trkpt lat="48.9807228" lon="2.32817677">
				<ele>67.29</ele>
				<time>2025-12-05T10:57:46Z</time>
				<extensions>
					<ns3:TrackPointExtension>
						<ns3:speed>1.38</ns3:speed>
						<ns3:cad>55.0</ns3:cad>
						<ns3:hr>131</ns3:hr>
					</ns3:TrackPointExtension>
				</extensions>
			</trkpt>
			<trkpt lat="48.98073279" lon="2.32817577">
				<ele>67.5</ele>
				<time>2025-12-05T10:57:47Z</time>
				<extensions>
					<ns3:TrackPointExtension>
						<ns3:speed>1.36</ns3:speed>
						<ns3:cad>55.0</ns3:cad>
						<ns3:hr>131</ns3:hr>
					</ns3:TrackPointExtension>
				</extensions>
			</trkpt>
			<trkpt lat="48.98074279" lon="2.32817743">
				<ele>67.73</ele>
				<time>2025-12-05T10:57:48Z</time>
				<extensions>
					<ns3:TrackPointExtension>
						<ns3:speed>1.28</ns3:speed>
						<ns3:cad>54.0</ns3:cad>
						<ns3:hr>132</ns3:hr>
					</ns3:TrackPointExtension>
				</extensions>
			</trkpt>
			<trkpt lat="48.98075412" lon="2.32818076">
				<ele>67.97</ele>
				<time>2025-12-05T10:57:49Z</time>
				<extensions>
					<ns3:TrackPointExtension>
						<ns3:speed>1.27</ns3:speed>
						<ns3:cad>54.0</ns3:cad>
						<ns3:hr>132</ns3:hr>
					</ns3:TrackPointExtension>
				</extensions>
			</trkpt>
			<trkpt lat="48.98076578" lon="2.32818142">
				<ele>68.22</ele>
				<time>2025-12-05T10:57:50Z</time>
				<extensions>
					<ns3:TrackPointExtension>
						<ns3:speed>1.28</ns3:speed>
						<ns3:cad>54.0</ns3:cad>
						<ns3:hr>132</ns3:hr>
					</ns3:TrackPointExtension>
				</extensions>
			</trkpt>
			<trkpt lat="48.98077578" lon="2.32818076">
				<ele>68.42</ele>
				<time>2025-12-05T10:57:51Z</time>
				<extensions>
					<ns3:TrackPointExtension>
						<ns3:speed>1.29</ns3:speed>
						<ns3:cad>55.0</ns3:cad>
						<ns3:hr>133</ns3:hr>
					</ns3:TrackPointExtension>
				</extensions>
			</trkpt>
			<trkpt lat="48.98078544" lon="2.32817877">
				<ele>68.62</ele>
				<time>2025-12-05T10:57:52Z</time>
				<extensions>
					<ns3:TrackPointExtension>
						<ns3:speed>1.26</ns3:speed>
						<ns3:cad>55.0</ns3:cad>
						<ns3:hr>133</ns3:hr>
					</ns3:TrackPointExtension>
				</extensions>
			</trkpt>
			<trkpt lat="48.98079577" lon="2.32817777">
				<ele>68.81</ele>
				<time>2025-12-05T10:57:53Z</time>
				<extensions>
					<ns3:TrackPointExtension>
						<ns3:speed>1.21</ns3:speed>
						<ns3:cad>54.0</ns3:cad>
						<ns3:hr>134</ns3:hr>
					</ns3:TrackPointExtension>
				</extensions>
			</trkpt>
			<trkpt lat="48.98080576" lon="2.32817511">
				<ele>69.01</ele>
				<time>2025-12-05T10:57:54Z</time>
				<extensions>
					<ns3:TrackPointExtension>
						<ns3:speed>1.2</ns3:speed>
						<ns3:cad>54.0</ns3:cad>
						<ns3:hr>134</ns3:hr>
					</ns3:TrackPointExtension>
				</extensions>
			</trkpt>
			<trkpt lat="48.98081709" lon="2.32817478">
				<ele>69.22</ele>
				<time>2025-12-05T10:57:55Z</time>
				<extensions>
					<ns3:TrackPointExtension>
						<ns3:speed>1.22</ns3:speed>
						<ns3:cad>54.0</ns3:cad>
						<ns3:hr>134</ns3:hr>
					</ns3:TrackPointExtension>
				</extensions>
			</trkpt>
			<trkpt lat="48.98082875" lon="2.32817511">
				<ele>69.44</ele>
				<time>2025-12-05T10:57:56Z</time>
				<extensions>
					<ns3:TrackPointExtension>
						<ns3:speed>1.25</ns3:speed>
						<ns3:cad>54.0</ns3:cad>
						<ns3:hr>134</ns3:hr>
					</ns3:TrackPointExtension>
				</extensions>
			</trkpt>
			<trkpt lat="48.98083908" lon="2.32817478">
				<ele>69.69</ele>
				<time>2025-12-05T10:57:57Z</time>
				<extensions>
					<ns3:TrackPointExtension>
						<ns3:speed>1.27</ns3:speed>
						<ns3:cad>54.0</ns3:cad>
						<ns3:hr>134</ns3:hr>
					</ns3:TrackPointExtension>
				</extensions>
			</trkpt>
			<trkpt lat="48.98084908" lon="2.32817478">
				<ele>69.92</ele>
				<time>2025-12-05T10:57:58Z</time>
				<extensions>
					<ns3:TrackPointExtension>
						<ns3:speed>1.26</ns3:speed>
						<ns3:cad>54.0</ns3:cad>
						<ns3:hr>134</ns3:hr>
					</ns3:TrackPointExtension>
				</extensions>
			</trkpt>
			<trkpt lat="48.98085874" lon="2.32817511">
				<ele>70.15</ele>
				<time>2025-12-05T10:57:59Z</time>
				<extensions>
					<ns3:TrackPointExtension>
						<ns3:speed>1.22</ns3:speed>
						<ns3:cad>54.0</ns3:cad>
						<ns3:hr>134</ns3:hr>
					</ns3:TrackPointExtension>
				</extensions>
			</trkpt>
			<trkpt lat="48.98086874" lon="2.32817544">
				<ele>70.37</ele>
				<time>2025-12-05T10:58:00Z</time>
				<extensions>
					<ns3:TrackPointExtension>
						<ns3:speed>1.19</ns3:speed>
						<ns3:cad>54.0</ns3:cad>
						<ns3:hr>134</ns3:hr>
					</ns3:TrackPointExtension>
				</extensions>
			</trkpt>
			<trkpt lat="48.9808804" lon="2.32817843">
				<ele>70.6</ele>
				<time>2025-12-05T10:58:01Z</time>
				<extensions>
					<ns3:TrackPointExtension>
						<ns3:speed>1.19</ns3:speed>
						<ns3:cad>54.0</ns3:cad>
						<ns3:hr>133</ns3:hr>
					</ns3:TrackPointExtension>
				</extensions>
			</trkpt>
			<trkpt lat="48.98089273" lon="2.32818343">
				<ele>70.81</ele>
				<time>2025-12-05T10:58:02Z</time>
				<extensions>
					<ns3:TrackPointExtension>
						<ns3:speed>1.23</ns3:speed>
						<ns3:cad>54.0</ns3:cad>
						<ns3:hr>133</ns3:hr>
					</ns3:TrackPointExtension>
				</extensions>
			</trkpt>
			<trkpt lat="48.98090406" lon="2.32819109">
				<ele>71.01</ele>
				<time>2025-12-05T10:58:03Z</time>
				<extensions>
					<ns3:TrackPointExtension>
						<ns3:speed>1.27</ns3:speed>
						<ns3:cad>54.0</ns3:cad>
						<ns3:hr>133</ns3:hr>
					</ns3:TrackPointExtension>
				</extensions>
			</trkpt>
			<trkpt lat="48.98091506" lon="2.32820109">
				<ele>71.24</ele>
				<time>2025-12-05T10:58:04Z</time>
				<extensions>
					<ns3:TrackPointExtension>
						<ns3:speed>1.29</ns3:speed>
						<ns3:cad>54.0</ns3:cad>
						<ns3:hr>134</ns3:hr>
					</ns3:TrackPointExtension>
				</extensions>
			</trkpt>
			<trkpt lat="48.98092339" lon="2.32821242">
				<ele>71.44</ele>
				<time>2025-12-05T10:58:05Z</time>
				<extensions>
					<ns3:TrackPointExtension>
						<ns3:speed>1.28</ns3:speed>
						<ns3:cad>54.0</ns3:cad>
						<ns3:hr>134</ns3:hr>
					</ns3:TrackPointExtension>
				</extensions>
			</trkpt>
			<trkpt lat="48.98093272" lon="2.32822108">
				<ele>71.65</ele>
				<time>2025-12-05T10:58:06Z</time>
				<extensions>
					<ns3:TrackPointExtension>
						<ns3:speed>1.24</ns3:speed>
						<ns3:cad>54.0</ns3:cad>
						<ns3:hr>134</ns3:hr>
					</ns3:TrackPointExtension>
				</extensions>
			</trkpt>
			<trkpt lat="48.98094338" lon="2.32822774">
				<ele>71.86</ele>
				<time>2025-12-05T10:58:07Z</time>
				<extensions>
					<ns3:TrackPointExtension>
						<ns3:speed>1.22</ns3:speed>
						<ns3:cad>53.0</ns3:cad>
						<ns3:hr>134</ns3:hr>
					</ns3:TrackPointExtension>
				</extensions>
			</trkpt>
			<trkpt lat="48.98095504" lon="2.32823307">
				<ele>72.06</ele>
				<time>2025-12-05T10:58:08Z</time>
				<extensions>
					<ns3:TrackPointExtension>
						<ns3:speed>1.22</ns3:speed>
						<ns3:cad>54.0</ns3:cad>
						<ns3:hr>135</ns3:hr>
					</ns3:TrackPointExtension>
				</extensions>
			</trkpt>
			<trkpt lat="48.98096737" lon="2.32823707">
				<ele>72.26</ele>
				<time>2025-12-05T10:58:09Z</time>
				<extensions>
					<ns3:TrackPointExtension>
						<ns3:speed>1.26</ns3:speed>
						<ns3:cad>53.0</ns3:cad>
						<ns3:hr>135</ns3:hr>
					</ns3:TrackPointExtension>
				</extensions>
			</trkpt>
			<trkpt lat="48.98098036" lon="2.32824073">
				<ele>72.44</ele>
				<time>2025-12-05T10:58:10Z</time>
				<extensions>
					<ns3:TrackPointExtension>
						<ns3:speed>1.31</ns3:speed>
						<ns3:cad>53.0</ns3:cad>
						<ns3:hr>136</ns3:hr>
					</ns3:TrackPointExtension>
				</extensions>
			</trkpt>
			<trkpt lat="48.98099269" lon="2.32824606">
				<ele>72.65</ele>
				<time>2025-12-05T10:58:11Z</time>
				<extensions>
					<ns3:TrackPointExtension>
						<ns3:speed>1.34</ns3:speed>
						<ns3:cad>53.0</ns3:cad>
						<ns3:hr>136</ns3:hr>
					</ns3:TrackPointExtension>
				</extensions>
			</trkpt>
			<trkpt lat="48.98100468" lon="2.32825606">
				<ele>72.83</ele>
				<time>2025-12-05T10:58:12Z</time>
				<extensions>
					<ns3:TrackPointExtension>
						<ns3:speed>1.36</ns3:speed>
						<ns3:cad>53.0</ns3:cad>
						<ns3:hr>136</ns3:hr>
					</ns3:TrackPointExtension>
				</extensions>
			</trkpt>
			<trkpt lat="48.98101801" lon="2.32826939">
				<ele>73.03</ele>
				<time>2025-12-05T10:58:13Z</time>
				<extensions>
					<ns3:TrackPointExtension>
						<ns3:speed>1.41</ns3:speed>
						<ns3:cad>53.0</ns3:cad>
						<ns3:hr>137</ns3:hr>
					</ns3:TrackPointExtension>
				</extensions>
			</trkpt>
			<trkpt lat="48.981031" lon="2.32828139">
				<ele>73.22</ele>
				<time>2025-12-05T10:58:14Z</time>
				<extensions>
					<ns3:TrackPointExtension>
						<ns3:speed>1.47</ns3:speed>
						<ns3:cad>53.0</ns3:cad>
						<ns3:hr>137</ns3:hr>
					</ns3:TrackPointExtension>
				</extensions>
			</trkpt>
			<trkpt lat="48.981045" lon="2.32829005">
				<ele>73.41</ele>
				<time>2025-12-05T10:58:15Z</time>
				<extensions>
					<ns3:TrackPointExtension>
						<ns3:speed>1.52</ns3:speed>
						<ns3:cad>54.0</ns3:cad>
						<ns3:hr>136</ns3:hr>
					</ns3:TrackPointExtension>
				</extensions>
			</trkpt>
			<trkpt lat="48.98105933" lon="2.32829705">
				<ele>73.62</ele>
				<time>2025-12-05T10:58:16Z</time>
				<extensions>
					<ns3:TrackPointExtension>
						<ns3:speed>1.53</ns3:speed>
						<ns3:cad>54.0</ns3:cad>
						<ns3:hr>136</ns3:hr>
					</ns3:TrackPointExtension>
				</extensions>
			</trkpt>
			<trkpt lat="48.98107466" lon="2.32830271">
				<ele>73.82</ele>
				<time>2025-12-05T10:58:17Z</time>
				<extensions>
					<ns3:TrackPointExtension>
						<ns3:speed>1.52</ns3:speed>
						<ns3:cad>54.0</ns3:cad>
						<ns3:hr>136</ns3:hr>
					</ns3:TrackPointExtension>
				</extensions>
			</trkpt>
			<trkpt lat="48.98108866" lon="2.32830737">
				<ele>74.01</ele>
				<time>2025-12-05T10:58:18Z</time>
				<extensions>
					<ns3:TrackPointExtension>
						<ns3:speed>1.52</ns3:speed>
						<ns3:cad>54.0</ns3:cad>
						<ns3:hr>137</ns3:hr>
					</ns3:TrackPointExtension>
				</extensions>
			</trkpt>
			<trkpt lat="48.98110365" lon="2.32831036">
				<ele>74.24</ele>
				<time>2025-12-05T10:58:19Z</time>
				<extensions>
					<ns3:TrackPointExtension>
						<ns3:speed>1.51</ns3:speed>
						<ns3:cad>54.0</ns3:cad>
						<ns3:hr>138</ns3:hr>
					</ns3:TrackPointExtension>
				</extensions>
			</trkpt>
			<trkpt lat="48.98111865" lon="2.32831202">
				<ele>74.46</ele>
				<time>2025-12-05T10:58:20Z</time>
				<extensions>
					<ns3:TrackPointExtension>
						<ns3:speed>1.51</ns3:speed>
						<ns3:cad>54.0</ns3:cad>
						<ns3:hr>138</ns3:hr>
					</ns3:TrackPointExtension>
				</extensions>
			</trkpt>
			<trkpt lat="48.98113364" lon="2.32831368">
				<ele>74.66</ele>
				<time>2025-12-05T10:58:21Z</time>
				<extensions>
					<ns3:TrackPointExtension>
						<ns3:speed>1.51</ns3:speed>
						<ns3:cad>54.0</ns3:cad>
						<ns3:hr>138</ns3:hr>
					</ns3:TrackPointExtension>
				</extensions>
			</trkpt>
			<trkpt lat="48.9811473" lon="2.32831467">
				<ele>74.85</ele>
				<time>2025-12-05T10:58:22Z</time>
				<extensions>
					<ns3:TrackPointExtension>
						<ns3:speed>1.49</ns3:speed>
						<ns3:cad>54.0</ns3:cad>
						<ns3:hr>139</ns3:hr>
					</ns3:TrackPointExtension>
				</extensions>
			</trkpt>
			<trkpt lat="48.98116029" lon="2.32831467">
				<ele>75.03</ele>
				<time>2025-12-05T10:58:23Z</time>
				<extensions>
					<ns3:TrackPointExtension>
						<ns3:speed>1.46</ns3:speed>
						<ns3:cad>54.0</ns3:cad>
						<ns3:hr>139</ns3:hr>
					</ns3:TrackPointExtension>
				</extensions>
			</trkpt>
			<trkpt lat="48.98117462" lon="2.32831234">
				<ele>75.22</ele>
				<time>2025-12-05T10:58:24Z</time>
				<extensions>
					<ns3:TrackPointExtension>
						<ns3:speed>1.43</ns3:speed>
						<ns3:cad>55.0</ns3:cad>
						<ns3:hr>139</ns3:hr>
					</ns3:TrackPointExtension>
				</extensions>
			</trkpt>
			<trkpt lat="48.98118862" lon="2.32831035">
				<ele>75.39</ele>
				<time>2025-12-05T10:58:25Z</time>
				<extensions>
					<ns3:TrackPointExtension>
						<ns3:speed>1.44</ns3:speed>
						<ns3:cad>55.0</ns3:cad>
						<ns3:hr>139</ns3:hr>
					</ns3:TrackPointExtension>
				</extensions>
			</trkpt>
			<trkpt lat="48.98120161" lon="2.32830935">
				<ele>75.57</ele>
				<time>2025-12-05T10:58:26Z</time>
				<extensions>
					<ns3:TrackPointExtension>
						<ns3:speed>1.44</ns3:speed>
						<ns3:cad>55.0</ns3:cad>
						<ns3:hr>138</ns3:hr>
					</ns3:TrackPointExtension>
				</extensions>
			</trkpt>
			<trkpt lat="48.98121327" lon="2.32830869">
				<ele>75.75</ele>
				<time>2025-12-05T10:58:27Z</time>
				<extensions>
					<ns3:TrackPointExtension>
						<ns3:speed>1.41</ns3:speed>
						<ns3:cad>54.0</ns3:cad>
						<ns3:hr>138</ns3:hr>
					</ns3:TrackPointExtension>
				</extensions>
			</trkpt>
			<trkpt lat="48.98122527" lon="2.32830803">
				<ele>75.96</ele>
				<time>2025-12-05T10:58:28Z</time>
				<extensions>
					<ns3:TrackPointExtension>
						<ns3:speed>1.36</ns3:speed>
						<ns3:cad>54.0</ns3:cad>
						<ns3:hr>138</ns3:hr>
					</ns3:TrackPointExtension>
				</extensions>
			</trkpt>
			<trkpt lat="48.9812376" lon="2.32830803">
				<ele>76.17</ele>
				<time>2025-12-05T10:58:29Z</time>
				<extensions>
					<ns3:TrackPointExtension>
						<ns3:speed>1.34</ns3:speed>
						<ns3:cad>54.0</ns3:cad>
						<ns3:hr>138</ns3:hr>
					</ns3:TrackPointExtension>
				</extensions>
			</trkpt>
			<trkpt lat="48.98125026" lon="2.32830737">
				<ele>76.4</ele>
				<time>2025-12-05T10:58:30Z</time>
				<extensions>
					<ns3:TrackPointExtension>
						<ns3:speed>1.34</ns3:speed>
						<ns3:cad>54.0</ns3:cad>
						<ns3:hr>138</ns3:hr>
					</ns3:TrackPointExtension>
				</extensions>
			</trkpt>
			<trkpt lat="48.98126326" lon="2.32830803">
				<ele>76.58</ele>
				<time>2025-12-05T10:58:31Z</time>
				<extensions>
					<ns3:TrackPointExtension>
						<ns3:speed>1.36</ns3:speed>
						<ns3:cad>54.0</ns3:cad>
						<ns3:hr>138</ns3:hr>
					</ns3:TrackPointExtension>
				</extensions>
			</trkpt>
			<trkpt lat="48.98127692" lon="2.32830737">
				<ele>76.79</ele>
				<time>2025-12-05T10:58:32Z</time>
				<extensions>
					<ns3:TrackPointExtension>
						<ns3:speed>1.38</ns3:speed>
						<ns3:cad>54.0</ns3:cad>
						<ns3:hr>138</ns3:hr>
					</ns3:TrackPointExtension>
				</extensions>
			</trkpt>
			<trkpt lat="48.98129191" lon="2.32830803">
				<ele>76.98</ele>
				<time>2025-12-05T10:58:33Z</time>
				<extensions>
					<ns3:TrackPointExtension>
						<ns3:speed>1.42</ns3:speed>
						<ns3:cad>54.0</ns3:cad>
						<ns3:hr>139</ns3:hr>
					</ns3:TrackPointExtension>
				</extensions>
			</trkpt>
			<trkpt lat="48.98130757" lon="2.32831003">
				<ele>77.16</ele>
				<time>2025-12-05T10:58:34Z</time>
				<extensions>
					<ns3:TrackPointExtension>
						<ns3:speed>1.47</ns3:speed>
						<ns3:cad>54.0</ns3:cad>
						<ns3:hr>140</ns3:hr>
					</ns3:TrackPointExtension>
				</extensions>
			</trkpt>
			<trkpt lat="48.98132223" lon="2.32831169">
				<ele>77.33</ele>
				<time>2025-12-05T10:58:35Z</time>
				<extensions>
					<ns3:TrackPointExtension>
						<ns3:speed>1.51</ns3:speed>
						<ns3:cad>54.0</ns3:cad>
						<ns3:hr>140</ns3:hr>
					</ns3:TrackPointExtension>
				</extensions>
			</trkpt>
			<trkpt lat="48.98133722" lon="2.32831235">
				<ele>77.5</ele>
				<time>2025-12-05T10:58:36Z</time>
				<extensions>
					<ns3:TrackPointExtension>
						<ns3:speed>1.52</ns3:speed>
						<ns3:cad>54.0</ns3:cad>
						<ns3:hr>140</ns3:hr>
					</ns3:TrackPointExtension>
				</extensions>
			</trkpt>
			<trkpt lat="48.98135122" lon="2.32831301">
				<ele>77.5</ele>
				<time>2025-12-05T10:58:37Z</time>
				<extensions>
					<ns3:TrackPointExtension>
						<ns3:speed>1.52</ns3:speed>
						<ns3:cad>54.0</ns3:cad>
						<ns3:hr>141</ns3:hr>
					</ns3:TrackPointExtension>
				</extensions>
			</trkpt>
			<trkpt lat="48.98136388" lon="2.32831567">
				<ele>77.68</ele>
				<time>2025-12-05T10:58:38Z</time>
				<extensions>
					<ns3:TrackPointExtension>
						<ns3:speed>1.51</ns3:speed>
						<ns3:cad>54.0</ns3:cad>
						<ns3:hr>141</ns3:hr>
					</ns3:TrackPointExtension>
				</extensions>
			</trkpt>
			<trkpt lat="48.98137687" lon="2.32831633">
				<ele>77.87</ele>
				<time>2025-12-05T10:58:39Z</time>
				<extensions>
					<ns3:TrackPointExtension>
						<ns3:speed>1.48</ns3:speed>
						<ns3:cad>54.0</ns3:cad>
						<ns3:hr>141</ns3:hr>
					</ns3:TrackPointExtension>
				</extensions>
			</trkpt>
			<trkpt lat="48.9813892" lon="2.32831567">
				<ele>78.08</ele>
				<time>2025-12-05T10:58:40Z</time>
				<extensions>
					<ns3:TrackPointExtension>
						<ns3:speed>1.44</ns3:speed>
						<ns3:cad>54.0</ns3:cad>
						<ns3:hr>141</ns3:hr>
					</ns3:TrackPointExtension>
				</extensions>
			</trkpt>
			<trkpt lat="48.98140186" lon="2.32831368">
				<ele>78.3</ele>
				<time>2025-12-05T10:58:41Z</time>
				<extensions>
					<ns3:TrackPointExtension>
						<ns3:speed>1.41</ns3:speed>
						<ns3:cad>54.0</ns3:cad>
						<ns3:hr>142</ns3:hr>
					</ns3:TrackPointExtension>
				</extensions>
			</trkpt>
			<trkpt lat="48.98141486" lon="2.32831135">
				<ele>78.49</ele>
				<time>2025-12-05T10:58:42Z</time>
				<extensions>
					<ns3:TrackPointExtension>
						<ns3:speed>1.39</ns3:speed>
						<ns3:cad>54.0</ns3:cad>
						<ns3:hr>142</ns3:hr>
					</ns3:TrackPointExtension>
				</extensions>
			</trkpt>
			<trkpt lat="48.98142719" lon="2.32830869">
				<ele>78.68</ele>
				<time>2025-12-05T10:58:43Z</time>
				<extensions>
					<ns3:TrackPointExtension>
						<ns3:speed>1.38</ns3:speed>
						<ns3:cad>53.0</ns3:cad>
						<ns3:hr>141</ns3:hr>
					</ns3:TrackPointExtension>
				</extensions>
			</trkpt>
			<trkpt lat="48.98144085" lon="2.32830636">
				<ele>78.86</ele>
				<time>2025-12-05T10:58:44Z</time>
				<extensions>
					<ns3:TrackPointExtension>
						<ns3:speed>1.38</ns3:speed>
						<ns3:cad>53.0</ns3:cad>
						<ns3:hr>141</ns3:hr>
					</ns3:TrackPointExtension>
				</extensions>
			</trkpt>
			<trkpt lat="48.98145351" lon="2.32830503">
				<ele>79.07</ele>
				<time>2025-12-05T10:58:45Z</time>
				<extensions>
					<ns3:TrackPointExtension>
						<ns3:speed>1.4</ns3:speed>
						<ns3:cad>53.0</ns3:cad>
						<ns3:hr>141</ns3:hr>
					</ns3:TrackPointExtension>
				</extensions>
			</trkpt>
			<trkpt lat="48.98146517" lon="2.32830603">
				<ele>79.26</ele>
				<time>2025-12-05T10:58:46Z</time>
				<extensions>
					<ns3:TrackPointExtension>
						<ns3:speed>1.4</ns3:speed>
						<ns3:cad>53.0</ns3:cad>
						<ns3:hr>142</ns3:hr>
					</ns3:TrackPointExtension>
				</extensions>
			</trkpt>
			<trkpt lat="48.98147683" lon="2.32830669">
				<ele>79.46</ele>
				<time>2025-12-05T10:58:47Z</time>
				<extensions>
					<ns3:TrackPointExtension>
						<ns3:speed>1.39</ns3:speed>
						<ns3:cad>53.0</ns3:cad>
						<ns3:hr>143</ns3:hr>
					</ns3:TrackPointExtension>
				</extensions>
			</trkpt>
			<trkpt lat="48.98148916" lon="2.32830636">
				<ele>79.46</ele>
				<time>2025-12-05T10:58:48Z</time>
				<extensions>
					<ns3:TrackPointExtension>
						<ns3:speed>1.35</ns3:speed>
						<ns3:cad>53.0</ns3:cad>
						<ns3:hr>143</ns3:hr>
					</ns3:TrackPointExtension>
				</extensions>
			</trkpt>
			<trkpt lat="48.98150249" lon="2.32830503">
				<ele>79.87</ele>
				<time>2025-12-05T10:58:49Z</time>
				<extensions>
					<ns3:TrackPointExtension>
						<ns3:speed>1.32</ns3:speed>
						<ns3:cad>54.0</ns3:cad>
						<ns3:hr>143</ns3:hr>
					</ns3:TrackPointExtension>
				</extensions>
			</trkpt>
			<trkpt lat="48.98151515" lon="2.32830404">
				<ele>80.11</ele>
				<time>2025-12-05T10:58:50Z</time>
				<extensions>
					<ns3:TrackPointExtension>
						<ns3:speed>1.34</ns3:speed>
						<ns3:cad>54.0</ns3:cad>
						<ns3:hr>143</ns3:hr>
					</ns3:TrackPointExtension>
				</extensions>
			</trkpt>
			<trkpt lat="48.98152814" lon="2.32830437">
				<ele>80.33</ele>
				<time>2025-12-05T10:58:51Z</time>
				<extensions>
					<ns3:TrackPointExtension>
						<ns3:speed>1.37</ns3:speed>
						<ns3:cad>53.0</ns3:cad>
						<ns3:hr>143</ns3:hr>
					</ns3:TrackPointExtension>
				</extensions>
			</trkpt>
			<trkpt lat="48.98154114" lon="2.32830304">
				<ele>80.51</ele>
				<time>2025-12-05T10:58:52Z</time>
				<extensions>
					<ns3:TrackPointExtension>
						<ns3:speed>1.38</ns3:speed>
						<ns3:cad>53.0</ns3:cad>
						<ns3:hr>143</ns3:hr>
					</ns3:TrackPointExtension>
				</extensions>
			</trkpt>
			<trkpt lat="48.98155447" lon="2.32830104">
				<ele>80.74</ele>
				<time>2025-12-05T10:58:53Z</time>
				<extensions>
					<ns3:TrackPointExtension>
						<ns3:speed>1.38</ns3:speed>
						<ns3:cad>53.0</ns3:cad>
						<ns3:hr>143</ns3:hr>
					</ns3:TrackPointExtension>
				</extensions>
			</trkpt>
			<trkpt lat="48.98156847" lon="2.32829838">
				<ele>80.97</ele>
				<time>2025-12-05T10:58:54Z</time>
				<extensions>
					<ns3:TrackPointExtension>
						<ns3:speed>1.39</ns3:speed>
						<ns3:cad>54.0</ns3:cad>
						<ns3:hr>143</ns3:hr>
					</ns3:TrackPointExtension>
				</extensions>
			</trkpt>
			<trkpt lat="48.98158213" lon="2.32829539">
				<ele>81.17</ele>
				<time>2025-12-05T10:58:55Z</time>
				<extensions>
					<ns3:TrackPointExtension>
						<ns3:speed>1.41</ns3:speed>
						<ns3:cad>54.0</ns3:cad>
						<ns3:hr>143</ns3:hr>
					</ns3:TrackPointExtension>
				</extensions>
			</trkpt>
			<trkpt lat="48.98159479" lon="2.32829506">
				<ele>81.39</ele>
				<time>2025-12-05T10:58:56Z</time>
				<extensions>
					<ns3:TrackPointExtension>
						<ns3:speed>1.43</ns3:speed>
						<ns3:cad>53.0</ns3:cad>
						<ns3:hr>143</ns3:hr>
					</ns3:TrackPointExtension>
				</extensions>
			</trkpt>
			<trkpt lat="48.98160779" lon="2.32829273">
				<ele>81.61</ele>
				<time>2025-12-05T10:58:57Z</time>
				<extensions>
					<ns3:TrackPointExtension>
						<ns3:speed>1.43</ns3:speed>
						<ns3:cad>53.0</ns3:cad>
						<ns3:hr>143</ns3:hr>
					</ns3:TrackPointExtension>
				</extensions>
			</trkpt>
			<trkpt lat="48.98162178" lon="2.3282894">
				<ele>81.83</ele>
				<time>2025-12-05T10:58:58Z</time>
				<extensions>
					<ns3:TrackPointExtension>
						<ns3:speed>1.42</ns3:speed>
						<ns3:cad>53.0</ns3:cad>
						<ns3:hr>143</ns3:hr>
					</ns3:TrackPointExtension>
				</extensions>
			</trkpt>
			<trkpt lat="48.98163311" lon="2.32828141">
				<ele>82.07</ele>
				<time>2025-12-05T10:58:59Z</time>
				<extensions>
					<ns3:TrackPointExtension>
						<ns3:speed>1.41</ns3:speed>
						<ns3:cad>53.0</ns3:cad>
						<ns3:hr>143</ns3:hr>
					</ns3:TrackPointExtension>
				</extensions>
			</trkpt>
			<trkpt lat="48.9816461" lon="2.32827608">
				<ele>82.27</ele>
				<time>2025-12-05T10:59:00Z</time>
				<extensions>
					<ns3:TrackPointExtension>
						<ns3:speed>1.42</ns3:speed>
						<ns3:cad>53.0</ns3:cad>
						<ns3:hr>144</ns3:hr>
					</ns3:TrackPointExtension>
				</extensions>
			</trkpt>
			<trkpt lat="48.98165943" lon="2.32827142">
				<ele>82.46</ele>
				<time>2025-12-05T10:59:01Z</time>
				<extensions>
					<ns3:TrackPointExtension>
						<ns3:speed>1.43</ns3:speed>
						<ns3:cad>53.0</ns3:cad>
						<ns3:hr>144</ns3:hr>
					</ns3:TrackPointExtension>
				</extensions>
			</trkpt>
			<trkpt lat="48.98167209" lon="2.32827009">
				<ele>82.63</ele>
				<time>2025-12-05T10:59:02Z</time>
				<extensions>
					<ns3:TrackPointExtension>
						<ns3:speed>1.43</ns3:speed>
						<ns3:cad>53.0</ns3:cad>
						<ns3:hr>144</ns3:hr>
					</ns3:TrackPointExtension>
				</extensions>
			</trkpt>
			<trkpt lat="48.98168475" lon="2.32826843">
				<ele>82.79</ele>
				<time>2025-12-05T10:59:03Z</time>
				<extensions>
					<ns3:TrackPointExtension>
						<ns3:speed>1.43</ns3:speed>
						<ns3:cad>53.0</ns3:cad>
						<ns3:hr>144</ns3:hr>
					</ns3:TrackPointExtension>
				</extensions>
			</trkpt>
			<trkpt lat="48.98169741" lon="2.3282681">
				<ele>82.98</ele>
				<time>2025-12-05T10:59:04Z</time>
				<extensions>
					<ns3:TrackPointExtension>
						<ns3:speed>1.43</ns3:speed>
						<ns3:cad>54.0</ns3:cad>
						<ns3:hr>144</ns3:hr>
					</ns3:TrackPointExtension>
				</extensions>
			</trkpt>
			<trkpt lat="48.98171074" lon="2.32826744">
				<ele>83.13</ele>
				<time>2025-12-05T10:59:05Z</time>
				<extensions>
					<ns3:TrackPointExtension>
						<ns3:speed>1.42</ns3:speed>
						<ns3:cad>54.0</ns3:cad>
						<ns3:hr>144</ns3:hr>
					</ns3:TrackPointExtension>
				</extensions>
			</trkpt>
			<trkpt lat="48.98172407" lon="2.32826611">
				<ele>83.28</ele>
				<time>2025-12-05T10:59:06Z</time>
				<extensions>
					<ns3:TrackPointExtension>
						<ns3:speed>1.41</ns3:speed>
						<ns3:cad>54.0</ns3:cad>
						<ns3:hr>145</ns3:hr>
					</ns3:TrackPointExtension>
				</extensions>
			</trkpt>
			<trkpt lat="48.98173673" lon="2.32826478">
				<ele>83.45</ele>
				<time>2025-12-05T10:59:07Z</time>
				<extensions>
					<ns3:TrackPointExtension>
						<ns3:speed>1.42</ns3:speed>
						<ns3:cad>55.0</ns3:cad>
						<ns3:hr>144</ns3:hr>
					</ns3:TrackPointExtension>
				</extensions>
			</trkpt>
			<trkpt lat="48.98174973" lon="2.32826312">
				<ele>83.64</ele>
				<time>2025-12-05T10:59:08Z</time>
				<extensions>
					<ns3:TrackPointExtension>
						<ns3:speed>1.43</ns3:speed>
						<ns3:cad>55.0</ns3:cad>
						<ns3:hr>145</ns3:hr>
					</ns3:TrackPointExtension>
				</extensions>
			</trkpt>
			<trkpt lat="48.98176206" lon="2.32826179">
				<ele>83.82</ele>
				<time>2025-12-05T10:59:09Z</time>
				<extensions>
					<ns3:TrackPointExtension>
						<ns3:speed>1.44</ns3:speed>
						<ns3:cad>55.0</ns3:cad>
						<ns3:hr>145</ns3:hr>
					</ns3:TrackPointExtension>
				</extensions>
			</trkpt>
			<trkpt lat="48.98177506" lon="2.32826013">
				<ele>84.01</ele>
				<time>2025-12-05T10:59:10Z</time>
				<extensions>
					<ns3:TrackPointExtension>
						<ns3:speed>1.42</ns3:speed>
						<ns3:cad>55.0</ns3:cad>
						<ns3:hr>144</ns3:hr>
					</ns3:TrackPointExtension>
				</extensions>
			</trkpt>
			<trkpt lat="48.98178772" lon="2.32825847">
				<ele>84.17</ele>
				<time>2025-12-05T10:59:11Z</time>
				<extensions>
					<ns3:TrackPointExtension>
						<ns3:speed>1.41</ns3:speed>
						<ns3:cad>54.0</ns3:cad>
						<ns3:hr>145</ns3:hr>
					</ns3:TrackPointExtension>
				</extensions>
			</trkpt>
			<trkpt lat="48.98180105" lon="2.32825947">
				<ele>84.35</ele>
				<time>2025-12-05T10:59:12Z</time>
				<extensions>
					<ns3:TrackPointExtension>
						<ns3:speed>1.41</ns3:speed>
						<ns3:cad>54.0</ns3:cad>
						<ns3:hr>144</ns3:hr>
					</ns3:TrackPointExtension>
				</extensions>
			</trkpt>
			<trkpt lat="48.98181438" lon="2.3282628">
				<ele>84.51</ele>
				<time>2025-12-05T10:59:13Z</time>
				<extensions>
					<ns3:TrackPointExtension>
						<ns3:speed>1.42</ns3:speed>
						<ns3:cad>54.0</ns3:cad>
						<ns3:hr>143</ns3:hr>
					</ns3:TrackPointExtension>
				</extensions>
			</trkpt>
			<trkpt lat="48.98182704" lon="2.32826813">
				<ele>84.66</ele>
				<time>2025-12-05T10:59:14Z</time>
				<extensions>
					<ns3:TrackPointExtension>
						<ns3:speed>1.43</ns3:speed>
						<ns3:cad>54.0</ns3:cad>
						<ns3:hr>143</ns3:hr>
					</ns3:TrackPointExtension>
				</extensions>
			</trkpt>
			<trkpt lat="48.98183837" lon="2.32827479">
				<ele>84.8</ele>
				<time>2025-12-05T10:59:15Z</time>
				<extensions>
					<ns3:TrackPointExtension>
						<ns3:speed>1.44</ns3:speed>
						<ns3:cad>54.0</ns3:cad>
						<ns3:hr>144</ns3:hr>
					</ns3:TrackPointExtension>
				</extensions>
			</trkpt>
			<trkpt lat="48.9818487" lon="2.32828479">
				<ele>84.93</ele>
				<time>2025-12-05T10:59:16Z</time>
				<extensions>
					<ns3:TrackPointExtension>
						<ns3:speed>1.44</ns3:speed>
						<ns3:cad>54.0</ns3:cad>
						<ns3:hr>144</ns3:hr>
					</ns3:TrackPointExtension>
				</extensions>
			</trkpt>
			<trkpt lat="48.98185936" lon="2.32829378">
				<ele>85.08</ele>
				<time>2025-12-05T10:59:17Z</time>
				<extensions>
					<ns3:TrackPointExtension>
						<ns3:speed>1.41</ns3:speed>
						<ns3:cad>54.0</ns3:cad>
						<ns3:hr>144</ns3:hr>
					</ns3:TrackPointExtension>
				</extensions>
			</trkpt>
			<trkpt lat="48.98186802" lon="2.32830477">
				<ele>85.22</ele>
				<time>2025-12-05T10:59:18Z</time>
				<extensions>
					<ns3:TrackPointExtension>
						<ns3:speed>1.39</ns3:speed>
						<ns3:cad>54.0</ns3:cad>
						<ns3:hr>145</ns3:hr>
					</ns3:TrackPointExtension>
				</extensions>
			</trkpt>
			<trkpt lat="48.98187502" lon="2.32831643">
				<ele>85.39</ele>
				<time>2025-12-05T10:59:19Z</time>
				<extensions>
					<ns3:TrackPointExtension>
						<ns3:speed>1.37</ns3:speed>
						<ns3:cad>54.0</ns3:cad>
						<ns3:hr>145</ns3:hr>
					</ns3:TrackPointExtension>
				</extensions>
			</trkpt>
			<trkpt lat="48.98187801" lon="2.32833309">
				<ele>85.59</ele>
				<time>2025-12-05T10:59:20Z</time>
				<extensions>
					<ns3:TrackPointExtension>
						<ns3:speed>1.34</ns3:speed>
						<ns3:cad>54.0</ns3:cad>
						<ns3:hr>145</ns3:hr>
					</ns3:TrackPointExtension>
				</extensions>
			</trkpt>
			<trkpt lat="48.98187967" lon="2.32835109">
				<ele>85.75</ele>
				<time>2025-12-05T10:59:21Z</time>
				<extensions>
					<ns3:TrackPointExtension>
						<ns3:speed>1.31</ns3:speed>
						<ns3:cad>53.0</ns3:cad>
						<ns3:hr>145</ns3:hr>
					</ns3:TrackPointExtension>
				</extensions>
			</trkpt>
			<trkpt lat="48.98188133" lon="2.32836908">
				<ele>85.91</ele>
				<time>2025-12-05T10:59:22Z</time>
				<extensions>
					<ns3:TrackPointExtension>
						<ns3:speed>1.3</ns3:speed>
						<ns3:cad>52.0</ns3:cad>
						<ns3:hr>144</ns3:hr>
					</ns3:TrackPointExtension>
				</extensions>
			</trkpt>
			<trkpt lat="48.98188166" lon="2.32838874">
				<ele>86.03</ele>
				<time>2025-12-05T10:59:23Z</time>
				<extensions>
					<ns3:TrackPointExtension>
						<ns3:speed>1.31</ns3:speed>
						<ns3:cad>52.0</ns3:cad>
						<ns3:hr>143</ns3:hr>
					</ns3:TrackPointExtension>
				</extensions>
			</trkpt>
			<trkpt lat="48.98188265" lon="2.3284074">
				<ele>86.15</ele>
				<time>2025-12-05T10:59:24Z</time>
				<extensions>
					<ns3:TrackPointExtension>
						<ns3:speed>1.33</ns3:speed>
						<ns3:cad>52.0</ns3:cad>
						<ns3:hr>143</ns3:hr>
					</ns3:TrackPointExtension>
				</extensions>
			</trkpt>
			<trkpt lat="48.98188465" lon="2.32842473">
				<ele>86.25</ele>
				<time>2025-12-05T10:59:25Z</time>
				<extensions>
					<ns3:TrackPointExtension>
						<ns3:speed>1.36</ns3:speed>
						<ns3:cad>52.0</ns3:cad>
						<ns3:hr>143</ns3:hr>
					</ns3:TrackPointExtension>
				</extensions>
			</trkpt>
			<trkpt lat="48.98188498" lon="2.32844472">
				<ele>86.32</ele>
				<time>2025-12-05T10:59:26Z</time>
				<extensions>
					<ns3:TrackPointExtension>
						<ns3:speed>1.37</ns3:speed>
						<ns3:cad>53.0</ns3:cad>
						<ns3:hr>142</ns3:hr>
					</ns3:TrackPointExtension>
				</extensions>
			</trkpt>
			<trkpt lat="48.98188465" lon="2.32846538">
				<ele>86.36</ele>
				<time>2025-12-05T10:59:27Z</time>
				<extensions>
					<ns3:TrackPointExtension>
						<ns3:speed>1.37</ns3:speed>
						<ns3:cad>56.0</ns3:cad>
						<ns3:hr>142</ns3:hr>
					</ns3:TrackPointExtension>
				</extensions>
			</trkpt>
			<trkpt lat="48.98188366" lon="2.32848637">
				<ele>86.4</ele>
				<time>2025-12-05T10:59:28Z</time>
				<extensions>
					<ns3:TrackPointExtension>
						<ns3:speed>1.39</ns3:speed>
						<ns3:cad>57.0</ns3:cad>
						<ns3:hr>141</ns3:hr>
					</ns3:TrackPointExtension>
				</extensions>
			</trkpt>
			<trkpt lat="48.981882" lon="2.32850703">
				<ele>86.43</ele>
				<time>2025-12-05T10:59:29Z</time>
				<extensions>
					<ns3:TrackPointExtension>
						<ns3:speed>1.43</ns3:speed>
						<ns3:cad>58.0</ns3:cad>
						<ns3:hr>141</ns3:hr>
					</ns3:TrackPointExtension>
				</extensions>
			</trkpt>
			<trkpt lat="48.98188" lon="2.32852802">
				<ele>86.44</ele>
				<time>2025-12-05T10:59:30Z</time>
				<extensions>
					<ns3:TrackPointExtension>
						<ns3:speed>1.46</ns3:speed>
						<ns3:cad>58.0</ns3:cad>
						<ns3:hr>141</ns3:hr>
					</ns3:TrackPointExtension>
				</extensions>
			</trkpt>
			<trkpt lat="48.98187767" lon="2.32854768">
				<ele>86.45</ele>
				<time>2025-12-05T10:59:31Z</time>
				<extensions>
					<ns3:TrackPointExtension>
						<ns3:speed>1.49</ns3:speed>
						<ns3:cad>58.0</ns3:cad>
						<ns3:hr>141</ns3:hr>
					</ns3:TrackPointExtension>
				</extensions>
			</trkpt>
			<trkpt lat="48.98187568" lon="2.32856834">
				<ele>86.46</ele>
				<time>2025-12-05T10:59:32Z</time>
				<extensions>
					<ns3:TrackPointExtension>
						<ns3:speed>1.51</ns3:speed>
						<ns3:cad>58.0</ns3:cad>
						<ns3:hr>141</ns3:hr>
					</ns3:TrackPointExtension>
				</extensions>
			</trkpt>
			<trkpt lat="48.98187368" lon="2.328589">
				<ele>86.46</ele>
				<time>2025-12-05T10:59:33Z</time>
				<extensions>
					<ns3:TrackPointExtension>
						<ns3:speed>1.51</ns3:speed>
						<ns3:cad>58.0</ns3:cad>
						<ns3:hr>141</ns3:hr>
					</ns3:TrackPointExtension>
				</extensions>
			</trkpt>
			<trkpt lat="48.98187202" lon="2.328609">
				<ele>86.46</ele>
				<time>2025-12-05T10:59:34Z</time>
				<extensions>
					<ns3:TrackPointExtension>
						<ns3:speed>1.51</ns3:speed>
						<ns3:cad>58.0</ns3:cad>
						<ns3:hr>141</ns3:hr>
					</ns3:TrackPointExtension>
				</extensions>
			</trkpt>
			<trkpt lat="48.98187003" lon="2.32862866">
				<ele>86.43</ele>
				<time>2025-12-05T10:59:35Z</time>
				<extensions>
					<ns3:TrackPointExtension>
						<ns3:speed>1.51</ns3:speed>
						<ns3:cad>59.0</ns3:cad>
						<ns3:hr>140</ns3:hr>
					</ns3:TrackPointExtension>
				</extensions>
			</trkpt>
			<trkpt lat="48.9818697" lon="2.32864899">
				<ele>86.42</ele>
				<time>2025-12-05T10:59:36Z</time>
				<extensions>
					<ns3:TrackPointExtension>
						<ns3:speed>1.51</ns3:speed>
						<ns3:cad>59.0</ns3:cad>
						<ns3:hr>140</ns3:hr>
					</ns3:TrackPointExtension>
				</extensions>
			</trkpt>
			<trkpt lat="48.98186937" lon="2.32866932">
				<ele>86.4</ele>
				<time>2025-12-05T10:59:37Z</time>
				<extensions>
					<ns3:TrackPointExtension>
						<ns3:speed>1.51</ns3:speed>
						<ns3:cad>59.0</ns3:cad>
						<ns3:hr>140</ns3:hr>
					</ns3:TrackPointExtension>
				</extensions>
			</trkpt>
			<trkpt lat="48.98186937" lon="2.32868865">
				<ele>86.39</ele>
				<time>2025-12-05T10:59:38Z</time>
				<extensions>
					<ns3:TrackPointExtension>
						<ns3:speed>1.51</ns3:speed>
						<ns3:cad>58.0</ns3:cad>
						<ns3:hr>140</ns3:hr>
					</ns3:TrackPointExtension>
				</extensions>
			</trkpt>
			<trkpt lat="48.9818707" lon="2.32870898">
				<ele>86.38</ele>
				<time>2025-12-05T10:59:39Z</time>
				<extensions>
					<ns3:TrackPointExtension>
						<ns3:speed>1.5</ns3:speed>
						<ns3:cad>58.0</ns3:cad>
						<ns3:hr>139</ns3:hr>
					</ns3:TrackPointExtension>
				</extensions>
			</trkpt>
			<trkpt lat="48.98187203" lon="2.32872898">
				<ele>86.37</ele>
				<time>2025-12-05T10:59:40Z</time>
				<extensions>
					<ns3:TrackPointExtension>
						<ns3:speed>1.49</ns3:speed>
						<ns3:cad>58.0</ns3:cad>
						<ns3:hr>139</ns3:hr>
					</ns3:TrackPointExtension>
				</extensions>
			</trkpt>
			<trkpt lat="48.98187336" lon="2.32874997">
				<ele>86.35</ele>
				<time>2025-12-05T10:59:41Z</time>
				<extensions>
					<ns3:TrackPointExtension>
						<ns3:speed>1.48</ns3:speed>
						<ns3:cad>58.0</ns3:cad>
						<ns3:hr>138</ns3:hr>
					</ns3:TrackPointExtension>
				</extensions>
			</trkpt>
			<trkpt lat="48.98187435" lon="2.32877097">
				<ele>86.33</ele>
				<time>2025-12-05T10:59:42Z</time>
				<extensions>
					<ns3:TrackPointExtension>
						<ns3:speed>1.49</ns3:speed>
						<ns3:cad>58.0</ns3:cad>
						<ns3:hr>138</ns3:hr>
					</ns3:TrackPointExtension>
				</extensions>
			</trkpt>
			<trkpt lat="48.98187468" lon="2.3287923">
				<ele>86.32</ele>
				<time>2025-12-05T10:59:43Z</time>
				<extensions>
					<ns3:TrackPointExtension>
						<ns3:speed>1.5</ns3:speed>
						<ns3:cad>58.0</ns3:cad>
						<ns3:hr>137</ns3:hr>
					</ns3:TrackPointExtension>
				</extensions>
			</trkpt>
			<trkpt lat="48.98187501" lon="2.32881329">
				<ele>86.31</ele>
				<time>2025-12-05T10:59:44Z</time>
				<extensions>
					<ns3:TrackPointExtension>
						<ns3:speed>1.51</ns3:speed>
						<ns3:cad>58.0</ns3:cad>
						<ns3:hr>137</ns3:hr>
					</ns3:TrackPointExtension>
				</extensions>
			</trkpt>
			<trkpt lat="48.98187401" lon="2.32883362">
				<ele>86.29</ele>
				<time>2025-12-05T10:59:45Z</time>
				<extensions>
					<ns3:TrackPointExtension>
						<ns3:speed>1.52</ns3:speed>
						<ns3:cad>58.0</ns3:cad>
						<ns3:hr>136</ns3:hr>
					</ns3:TrackPointExtension>
				</extensions>
			</trkpt>
			<trkpt lat="48.98187201" lon="2.32885395">
				<ele>86.29</ele>
				<time>2025-12-05T10:59:46Z</time>
				<extensions>
					<ns3:TrackPointExtension>
						<ns3:speed>1.52</ns3:speed>
						<ns3:cad>58.0</ns3:cad>
						<ns3:hr>136</ns3:hr>
					</ns3:TrackPointExtension>
				</extensions>
			</trkpt>
			<trkpt lat="48.98187002" lon="2.32887461">
				<ele>86.28</ele>
				<time>2025-12-05T10:59:47Z</time>
				<extensions>
					<ns3:TrackPointExtension>
						<ns3:speed>1.52</ns3:speed>
						<ns3:cad>58.0</ns3:cad>
						<ns3:hr>136</ns3:hr>
					</ns3:TrackPointExtension>
				</extensions>
			</trkpt>
			<trkpt lat="48.98186836" lon="2.32889527">
				<ele>86.29</ele>
				<time>2025-12-05T10:59:48Z</time>
				<extensions>
					<ns3:TrackPointExtension>
						<ns3:speed>1.52</ns3:speed>
						<ns3:cad>59.0</ns3:cad>
						<ns3:hr>136</ns3:hr>
					</ns3:TrackPointExtension>
				</extensions>
			</trkpt>
			<trkpt lat="48.9818667" lon="2.3289156">
				<ele>86.29</ele>
				<time>2025-12-05T10:59:49Z</time>
				<extensions>
					<ns3:TrackPointExtension>
						<ns3:speed>1.52</ns3:speed>
						<ns3:cad>59.0</ns3:cad>
						<ns3:hr>134</ns3:hr>
					</ns3:TrackPointExtension>
				</extensions>
			</trkpt>
			<trkpt lat="48.9818657" lon="2.32893626">
				<ele>86.3</ele>
				<time>2025-12-05T10:59:50Z</time>
				<extensions>
					<ns3:TrackPointExtension>
						<ns3:speed>1.52</ns3:speed>
						<ns3:cad>59.0</ns3:cad>
						<ns3:hr>134</ns3:hr>
					</ns3:TrackPointExtension>
				</extensions>
			</trkpt>
			<trkpt lat="48.98186437" lon="2.32895625">
				<ele>86.31</ele>
				<time>2025-12-05T10:59:51Z</time>
				<extensions>
					<ns3:TrackPointExtension>
						<ns3:speed>1.52</ns3:speed>
						<ns3:cad>59.0</ns3:cad>
						<ns3:hr>134</ns3:hr>
					</ns3:TrackPointExtension>
				</extensions>
			</trkpt>
			<trkpt lat="48.98186104" lon="2.32897625">
				<ele>86.31</ele>
				<time>2025-12-05T10:59:52Z</time>
				<extensions>
					<ns3:TrackPointExtension>
						<ns3:speed>1.52</ns3:speed>
						<ns3:cad>59.0</ns3:cad>
						<ns3:hr>134</ns3:hr>
					</ns3:TrackPointExtension>
				</extensions>
			</trkpt>
			<trkpt lat="48.98185638" lon="2.32899524">
				<ele>86.31</ele>
				<time>2025-12-05T10:59:53Z</time>
				<extensions>
					<ns3:TrackPointExtension>
						<ns3:speed>1.52</ns3:speed>
						<ns3:cad>58.0</ns3:cad>
						<ns3:hr>133</ns3:hr>
					</ns3:TrackPointExtension>
				</extensions>
			</trkpt>
			<trkpt lat="48.98185138" lon="2.32901557">
				<ele>86.3</ele>
				<time>2025-12-05T10:59:54Z</time>
				<extensions>
					<ns3:TrackPointExtension>
						<ns3:speed>1.52</ns3:speed>
						<ns3:cad>58.0</ns3:cad>
						<ns3:hr>133</ns3:hr>
					</ns3:TrackPointExtension>
				</extensions>
			</trkpt>
			<trkpt lat="48.98184638" lon="2.32903556">
				<ele>86.28</ele>
				<time>2025-12-05T10:59:55Z</time>
				<extensions>
					<ns3:TrackPointExtension>
						<ns3:speed>1.52</ns3:speed>
						<ns3:cad>58.0</ns3:cad>
						<ns3:hr>132</ns3:hr>
					</ns3:TrackPointExtension>
				</extensions>
			</trkpt>
			<trkpt lat="48.98184339" lon="2.32905622">
				<ele>86.26</ele>
				<time>2025-12-05T10:59:56Z</time>
				<extensions>
					<ns3:TrackPointExtension>
						<ns3:speed>1.52</ns3:speed>
						<ns3:cad>58.0</ns3:cad>
						<ns3:hr>132</ns3:hr>
					</ns3:TrackPointExtension>
				</extensions>
			</trkpt>
			<trkpt lat="48.98183973" lon="2.32907621">
				<ele>86.24</ele>
				<time>2025-12-05T10:59:57Z</time>
				<extensions>
					<ns3:TrackPointExtension>
						<ns3:speed>1.52</ns3:speed>
						<ns3:cad>59.0</ns3:cad>
						<ns3:hr>132</ns3:hr>
					</ns3:TrackPointExtension>
				</extensions>
			</trkpt>
			<trkpt lat="48.98183674" lon="2.32909621">
				<ele>86.24</ele>
				<time>2025-12-05T10:59:58Z</time>
				<extensions>
					<ns3:TrackPointExtension>
						<ns3:speed>1.52</ns3:speed>
						<ns3:cad>59.0</ns3:cad>
						<ns3:hr>130</ns3:hr>
					</ns3:TrackPointExtension>
				</extensions>
			</trkpt>
			<trkpt lat="48.98183508" lon="2.32911687">
				<ele>86.24</ele>
				<time>2025-12-05T10:59:59Z</time>
				<extensions>
					<ns3:TrackPointExtension>
						<ns3:speed>1.52</ns3:speed>
						<ns3:cad>59.0</ns3:cad>
						<ns3:hr>130</ns3:hr>
					</ns3:TrackPointExtension>
				</extensions>
			</trkpt>
			<trkpt lat="48.98183342" lon="2.32913686">
				<ele>86.24</ele>
				<time>2025-12-05T11:00:00Z</time>
				<extensions>
					<ns3:TrackPointExtension>
						<ns3:speed>1.52</ns3:speed>
						<ns3:cad>59.0</ns3:cad>
						<ns3:hr>129</ns3:hr>
					</ns3:TrackPointExtension>
				</extensions>
			</trkpt>
			<trkpt lat="48.98183242" lon="2.32915719">
				<ele>86.24</ele>
				<time>2025-12-05T11:00:01Z</time>
				<extensions>
					<ns3:TrackPointExtension>
						<ns3:speed>1.51</ns3:speed>
						<ns3:cad>59.0</ns3:cad>
						<ns3:hr>128</ns3:hr>
					</ns3:TrackPointExtension>
				</extensions>
			</trkpt>
			<trkpt lat="48.98183109" lon="2.32917785">
				<ele>86.24</ele>
				<time>2025-12-05T11:00:02Z</time>
				<extensions>
					<ns3:TrackPointExtension>
						<ns3:speed>1.51</ns3:speed>
						<ns3:cad>59.0</ns3:cad>
						<ns3:hr>128</ns3:hr>
					</ns3:TrackPointExtension>
				</extensions>
			</trkpt>
			<trkpt lat="48.98183043" lon="2.32920051">
				<ele>86.26</ele>
				<time>2025-12-05T11:00:03Z</time>
				<extensions>
					<ns3:TrackPointExtension>
						<ns3:speed>1.51</ns3:speed>
						<ns3:cad>59.0</ns3:cad>
						<ns3:hr>128</ns3:hr>
					</ns3:TrackPointExtension>
				</extensions>
			</trkpt>
			<trkpt lat="48.9818301" lon="2.32922384">
				<ele>86.27</ele>
				<time>2025-12-05T11:00:04Z</time>
				<extensions>
					<ns3:TrackPointExtension>
						<ns3:speed>1.51</ns3:speed>
						<ns3:cad>59.0</ns3:cad>
						<ns3:hr>128</ns3:hr>
					</ns3:TrackPointExtension>
				</extensions>
			</trkpt>
			<trkpt lat="48.98182844" lon="2.3292475">
				<ele>86.28</ele>
				<time>2025-12-05T11:00:05Z</time>
				<extensions>
					<ns3:TrackPointExtension>
						<ns3:speed>1.51</ns3:speed>
						<ns3:cad>59.0</ns3:cad>
						<ns3:hr>128</ns3:hr>
					</ns3:TrackPointExtension>
				</extensions>
			</trkpt>
			<trkpt lat="48.98182811" lon="2.32927149">
				<ele>86.29</ele>
				<time>2025-12-05T11:00:06Z</time>
				<extensions>
					<ns3:TrackPointExtension>
						<ns3:speed>1.51</ns3:speed>
						<ns3:cad>59.0</ns3:cad>
						<ns3:hr>129</ns3:hr>
					</ns3:TrackPointExtension>
				</extensions>
			</trkpt>
			<trkpt lat="48.98182778" lon="2.32929582">
				<ele>86.31</ele>
				<time>2025-12-05T11:00:07Z</time>
				<extensions>
					<ns3:TrackPointExtension>
						<ns3:speed>1.52</ns3:speed>
						<ns3:cad>59.0</ns3:cad>
						<ns3:hr>129</ns3:hr>
					</ns3:TrackPointExtension>
				</extensions>
			</trkpt>
			<trkpt lat="48.98182778" lon="2.32931982">
				<ele>86.34</ele>
				<time>2025-12-05T11:00:08Z</time>
				<extensions>
					<ns3:TrackPointExtension>
						<ns3:speed>1.52</ns3:speed>
						<ns3:cad>59.0</ns3:cad>
						<ns3:hr>129</ns3:hr>
					</ns3:TrackPointExtension>
				</extensions>
			</trkpt>
			<trkpt lat="48.98182844" lon="2.32934381">
				<ele>86.37</ele>
				<time>2025-12-05T11:00:09Z</time>
				<extensions>
					<ns3:TrackPointExtension>
						<ns3:speed>1.52</ns3:speed>
						<ns3:cad>59.0</ns3:cad>
						<ns3:hr>129</ns3:hr>
					</ns3:TrackPointExtension>
				</extensions>
			</trkpt>
			<trkpt lat="48.98182811" lon="2.32936714">
				<ele>86.39</ele>
				<time>2025-12-05T11:00:10Z</time>
				<extensions>
					<ns3:TrackPointExtension>
						<ns3:speed>1.53</ns3:speed>
						<ns3:cad>59.0</ns3:cad>
						<ns3:hr>129</ns3:hr>
					</ns3:TrackPointExtension>
				</extensions>
			</trkpt>
			<trkpt lat="48.98182711" lon="2.3293908">
				<ele>86.43</ele>
				<time>2025-12-05T11:00:11Z</time>
				<extensions>
					<ns3:TrackPointExtension>
						<ns3:speed>1.53</ns3:speed>
						<ns3:cad>59.0</ns3:cad>
						<ns3:hr>128</ns3:hr>
					</ns3:TrackPointExtension>
				</extensions>
			</trkpt>
			<trkpt lat="48.98182744" lon="2.32941346">
				<ele>86.47</ele>
				<time>2025-12-05T11:00:12Z</time>
				<extensions>
					<ns3:TrackPointExtension>
						<ns3:speed>1.54</ns3:speed>
						<ns3:cad>59.0</ns3:cad>
						<ns3:hr>127</ns3:hr>
					</ns3:TrackPointExtension>
				</extensions>
			</trkpt>
			<trkpt lat="48.98182744" lon="2.32943512">
				<ele>86.52</ele>
				<time>2025-12-05T11:00:13Z</time>
				<extensions>
					<ns3:TrackPointExtension>
						<ns3:speed>1.54</ns3:speed>
						<ns3:cad>59.0</ns3:cad>
						<ns3:hr>127</ns3:hr>
					</ns3:TrackPointExtension>
				</extensions>
			</trkpt>
			<trkpt lat="48.98182678" lon="2.32945512">
				<ele>86.59</ele>
				<time>2025-12-05T11:00:14Z</time>
				<extensions>
					<ns3:TrackPointExtension>
						<ns3:speed>1.54</ns3:speed>
						<ns3:cad>58.0</ns3:cad>
						<ns3:hr>126</ns3:hr>
					</ns3:TrackPointExtension>
				</extensions>
			</trkpt>
			<trkpt lat="48.98182579" lon="2.32947545">
				<ele>86.64</ele>
				<time>2025-12-05T11:00:15Z</time>
				<extensions>
					<ns3:TrackPointExtension>
						<ns3:speed>1.54</ns3:speed>
						<ns3:cad>58.0</ns3:cad>
						<ns3:hr>127</ns3:hr>
					</ns3:TrackPointExtension>
				</extensions>
			</trkpt>
			<trkpt lat="48.98182513" lon="2.32949511">
				<ele>86.68</ele>
				<time>2025-12-05T11:00:16Z</time>
				<extensions>
					<ns3:TrackPointExtension>
						<ns3:speed>1.54</ns3:speed>
						<ns3:cad>58.0</ns3:cad>
						<ns3:hr>127</ns3:hr>
					</ns3:TrackPointExtension>
				</extensions>
			</trkpt>
			<trkpt lat="48.9818248" lon="2.32951477">
				<ele>86.73</ele>
				<time>2025-12-05T11:00:17Z</time>
				<extensions>
					<ns3:TrackPointExtension>
						<ns3:speed>1.53</ns3:speed>
						<ns3:cad>57.0</ns3:cad>
						<ns3:hr>127</ns3:hr>
					</ns3:TrackPointExtension>
				</extensions>
			</trkpt>
			<trkpt lat="48.98182414" lon="2.3295351">
				<ele>86.76</ele>
				<time>2025-12-05T11:00:18Z</time>
				<extensions>
					<ns3:TrackPointExtension>
						<ns3:speed>1.53</ns3:speed>
						<ns3:cad>57.0</ns3:cad>
						<ns3:hr>127</ns3:hr>
					</ns3:TrackPointExtension>
				</extensions>
			</trkpt>
			<trkpt lat="48.98182215" lon="2.32955409">
				<ele>86.81</ele>
				<time>2025-12-05T11:00:19Z</time>
				<extensions>
					<ns3:TrackPointExtension>
						<ns3:speed>1.53</ns3:speed>
						<ns3:cad>56.0</ns3:cad>
						<ns3:hr>126</ns3:hr>
					</ns3:TrackPointExtension>
				</extensions>
			</trkpt>
			<trkpt lat="48.98182115" lon="2.32957342">
				<ele>86.86</ele>
				<time>2025-12-05T11:00:20Z</time>
				<extensions>
					<ns3:TrackPointExtension>
						<ns3:speed>1.53</ns3:speed>
						<ns3:cad>56.0</ns3:cad>
						<ns3:hr>126</ns3:hr>
					</ns3:TrackPointExtension>
				</extensions>
			</trkpt>
			<trkpt lat="48.98182049" lon="2.32959375">
				<ele>86.9</ele>
				<time>2025-12-05T11:00:21Z</time>
				<extensions>
					<ns3:TrackPointExtension>
						<ns3:speed>1.52</ns3:speed>
						<ns3:cad>57.0</ns3:cad>
						<ns3:hr>125</ns3:hr>
					</ns3:TrackPointExtension>
				</extensions>
			</trkpt>
			<trkpt lat="48.98182049" lon="2.32961474">
				<ele>86.92</ele>
				<time>2025-12-05T11:00:22Z</time>
				<extensions>
					<ns3:TrackPointExtension>
						<ns3:speed>1.52</ns3:speed>
						<ns3:cad>57.0</ns3:cad>
						<ns3:hr>124</ns3:hr>
					</ns3:TrackPointExtension>
				</extensions>
			</trkpt>
			<trkpt lat="48.98182415" lon="2.32963573">
				<ele>86.95</ele>
				<time>2025-12-05T11:00:23Z</time>
				<extensions>
					<ns3:TrackPointExtension>
						<ns3:speed>1.52</ns3:speed>
						<ns3:cad>57.0</ns3:cad>
						<ns3:hr>124</ns3:hr>
					</ns3:TrackPointExtension>
				</extensions>
			</trkpt>
			<trkpt lat="48.98182815" lon="2.32965706">
				<ele>86.98</ele>
				<time>2025-12-05T11:00:24Z</time>
				<extensions>
					<ns3:TrackPointExtension>
						<ns3:speed>1.52</ns3:speed>
						<ns3:cad>57.0</ns3:cad>
						<ns3:hr>123</ns3:hr>
					</ns3:TrackPointExtension>
				</extensions>
			</trkpt>
			<trkpt lat="48.98183114" lon="2.32967939">
				<ele>87.0</ele>
				<time>2025-12-05T11:00:25Z</time>
				<extensions>
					<ns3:TrackPointExtension>
						<ns3:speed>1.52</ns3:speed>
						<ns3:cad>58.0</ns3:cad>
						<ns3:hr>123</ns3:hr>
					</ns3:TrackPointExtension>
				</extensions>
			</trkpt>
			<trkpt lat="48.98183247" lon="2.32970138">
				<ele>87.0</ele>
				<time>2025-12-05T11:00:26Z</time>
				<extensions>
					<ns3:TrackPointExtension>
						<ns3:speed>1.52</ns3:speed>
						<ns3:cad>58.0</ns3:cad>
						<ns3:hr>123</ns3:hr>
					</ns3:TrackPointExtension>
				</extensions>
			</trkpt>
			<trkpt lat="48.98183313" lon="2.32972237">
				<ele>87.0</ele>
				<time>2025-12-05T11:00:27Z</time>
				<extensions>
					<ns3:TrackPointExtension>
						<ns3:speed>1.52</ns3:speed>
						<ns3:cad>58.0</ns3:cad>
						<ns3:hr>124</ns3:hr>
					</ns3:TrackPointExtension>
				</extensions>
			</trkpt>
			<trkpt lat="48.9818328" lon="2.32974436">
				<ele>87.0</ele>
				<time>2025-12-05T11:00:28Z</time>
				<extensions>
					<ns3:TrackPointExtension>
						<ns3:speed>1.52</ns3:speed>
						<ns3:cad>58.0</ns3:cad>
						<ns3:hr>124</ns3:hr>
					</ns3:TrackPointExtension>
				</extensions>
			</trkpt>
			<trkpt lat="48.98183147" lon="2.32976635">
				<ele>86.99</ele>
				<time>2025-12-05T11:00:29Z</time>
				<extensions>
					<ns3:TrackPointExtension>
						<ns3:speed>1.52</ns3:speed>
						<ns3:cad>58.0</ns3:cad>
						<ns3:hr>124</ns3:hr>
					</ns3:TrackPointExtension>
				</extensions>
			</trkpt>
			<trkpt lat="48.98183048" lon="2.32978868">
				<ele>86.96</ele>
				<time>2025-12-05T11:00:30Z</time>
				<extensions>
					<ns3:TrackPointExtension>
						<ns3:speed>1.52</ns3:speed>
						<ns3:cad>58.0</ns3:cad>
						<ns3:hr>123</ns3:hr>
					</ns3:TrackPointExtension>
				</extensions>
			</trkpt>
			<trkpt lat="48.98183081" lon="2.32980968">
				<ele>86.92</ele>
				<time>2025-12-05T11:00:31Z</time>
				<extensions>
					<ns3:TrackPointExtension>
						<ns3:speed>1.52</ns3:speed>
						<ns3:cad>58.0</ns3:cad>
						<ns3:hr>122</ns3:hr>
					</ns3:TrackPointExtension>
				</extensions>
			</trkpt>
			<trkpt lat="48.98183147" lon="2.32983001">
				<ele>86.9</ele>
				<time>2025-12-05T11:00:32Z</time>
				<extensions>
					<ns3:TrackPointExtension>
						<ns3:speed>1.52</ns3:speed>
						<ns3:cad>58.0</ns3:cad>
						<ns3:hr>122</ns3:hr>
					</ns3:TrackPointExtension>
				</extensions>
			</trkpt>
			<trkpt lat="48.98183114" lon="2.32985167">
				<ele>86.86</ele>
				<time>2025-12-05T11:00:33Z</time>
				<extensions>
					<ns3:TrackPointExtension>
						<ns3:speed>1.51</ns3:speed>
						<ns3:cad>58.0</ns3:cad>
						<ns3:hr>122</ns3:hr>
					</ns3:TrackPointExtension>
				</extensions>
			</trkpt>
			<trkpt lat="48.98183247" lon="2.329872">
				<ele>86.83</ele>
				<time>2025-12-05T11:00:34Z</time>
				<extensions>
					<ns3:TrackPointExtension>
						<ns3:speed>1.51</ns3:speed>
						<ns3:cad>58.0</ns3:cad>
						<ns3:hr>121</ns3:hr>
					</ns3:TrackPointExtension>
				</extensions>
			</trkpt>
			<trkpt lat="48.98183247" lon="2.32989233">
				<ele>86.8</ele>
				<time>2025-12-05T11:00:35Z</time>
				<extensions>
					<ns3:TrackPointExtension>
						<ns3:speed>1.51</ns3:speed>
						<ns3:cad>58.0</ns3:cad>
						<ns3:hr>120</ns3:hr>
					</ns3:TrackPointExtension>
				</extensions>
			</trkpt>
			<trkpt lat="48.98183181" lon="2.32991299">
				<ele>86.76</ele>
				<time>2025-12-05T11:00:36Z</time>
				<extensions>
					<ns3:TrackPointExtension>
						<ns3:speed>1.51</ns3:speed>
						<ns3:cad>58.0</ns3:cad>
						<ns3:hr>120</ns3:hr>
					</ns3:TrackPointExtension>
				</extensions>
			</trkpt>
			<trkpt lat="48.98183082" lon="2.32993332">
				<ele>86.73</ele>
				<time>2025-12-05T11:00:37Z</time>
				<extensions>
					<ns3:TrackPointExtension>
						<ns3:speed>1.51</ns3:speed>
						<ns3:cad>58.0</ns3:cad>
						<ns3:hr>121</ns3:hr>
					</ns3:TrackPointExtension>
				</extensions>
			</trkpt>
			<trkpt lat="48.98182816" lon="2.32995231">
				<ele>86.71</ele>
				<time>2025-12-05T11:00:38Z</time>
				<extensions>
					<ns3:TrackPointExtension>
						<ns3:speed>1.51</ns3:speed>
						<ns3:cad>58.0</ns3:cad>
						<ns3:hr>120</ns3:hr>
					</ns3:TrackPointExtension>
				</extensions>
			</trkpt>
			<trkpt lat="48.98182517" lon="2.32997097">
				<ele>86.67</ele>
				<time>2025-12-05T11:00:39Z</time>
				<extensions>
					<ns3:TrackPointExtension>
						<ns3:speed>1.51</ns3:speed>
						<ns3:cad>58.0</ns3:cad>
						<ns3:hr>120</ns3:hr>
					</ns3:TrackPointExtension>
				</extensions>
			</trkpt>
			<trkpt lat="48.98182218" lon="2.32998963">
				<ele>86.64</ele>
				<time>2025-12-05T11:00:40Z</time>
				<extensions>
					<ns3:TrackPointExtension>
						<ns3:speed>1.51</ns3:speed>
						<ns3:cad>58.0</ns3:cad>
						<ns3:hr>120</ns3:hr>
					</ns3:TrackPointExtension>
				</extensions>
			</trkpt>
			<trkpt lat="48.98181985" lon="2.33000929">
				<ele>86.62</ele>
				<time>2025-12-05T11:00:41Z</time>
				<extensions>
					<ns3:TrackPointExtension>
						<ns3:speed>1.5</ns3:speed>
						<ns3:cad>58.0</ns3:cad>
						<ns3:hr>120</ns3:hr>
					</ns3:TrackPointExtension>
				</extensions>
			</trkpt>
			<trkpt lat="48.98181752" lon="2.33002828">
				<ele>86.6</ele>
				<time>2025-12-05T11:00:42Z</time>
				<extensions>
					<ns3:TrackPointExtension>
						<ns3:speed>1.5</ns3:speed>
						<ns3:cad>58.0</ns3:cad>
						<ns3:hr>119</ns3:hr>
					</ns3:TrackPointExtension>
				</extensions>
			</trkpt>
			<trkpt lat="48.98181486" lon="2.33004794">
				<ele>86.58</ele>
				<time>2025-12-05T11:00:43Z</time>
				<extensions>
					<ns3:TrackPointExtension>
						<ns3:speed>1.5</ns3:speed>
						<ns3:cad>58.0</ns3:cad>
						<ns3:hr>120</ns3:hr>
					</ns3:TrackPointExtension>
				</extensions>
			</trkpt>
			<trkpt lat="48.9818112" lon="2.33006827">
				<ele>86.55</ele>
				<time>2025-12-05T11:00:44Z</time>
				<extensions>
					<ns3:TrackPointExtension>
						<ns3:speed>1.5</ns3:speed>
						<ns3:cad>57.0</ns3:cad>
						<ns3:hr>120</ns3:hr>
					</ns3:TrackPointExtension>
				</extensions>
			</trkpt>
			<trkpt lat="48.98180854" lon="2.33008993">
				<ele>86.51</ele>
				<time>2025-12-05T11:00:45Z</time>
				<extensions>
					<ns3:TrackPointExtension>
						<ns3:speed>1.5</ns3:speed>
						<ns3:cad>57.0</ns3:cad>
						<ns3:hr>119</ns3:hr>
					</ns3:TrackPointExtension>
				</extensions>
			</trkpt>
			<trkpt lat="48.98180488" lon="2.33011293">
				<ele>86.47</ele>
				<time>2025-12-05T11:00:46Z</time>
				<extensions>
					<ns3:TrackPointExtension>
						<ns3:speed>1.5</ns3:speed>
						<ns3:cad>57.0</ns3:cad>
						<ns3:hr>119</ns3:hr>
					</ns3:TrackPointExtension>
				</extensions>
			</trkpt>
			<trkpt lat="48.98180055" lon="2.33013526">
				<ele>86.43</ele>
				<time>2025-12-05T11:00:47Z</time>
				<extensions>
					<ns3:TrackPointExtension>
						<ns3:speed>1.5</ns3:speed>
						<ns3:cad>58.0</ns3:cad>
						<ns3:hr>118</ns3:hr>
					</ns3:TrackPointExtension>
				</extensions>
			</trkpt>
			<trkpt lat="48.98179689" lon="2.33015826">
				<ele>86.4</ele>
				<time>2025-12-05T11:00:48Z</time>
				<extensions>
					<ns3:TrackPointExtension>
						<ns3:speed>1.5</ns3:speed>
						<ns3:cad>58.0</ns3:cad>
						<ns3:hr>118</ns3:hr>
					</ns3:TrackPointExtension>
				</extensions>
			</trkpt>
			<trkpt lat="48.98179323" lon="2.33017992">
				<ele>86.37</ele>
				<time>2025-12-05T11:00:49Z</time>
				<extensions>
					<ns3:TrackPointExtension>
						<ns3:speed>1.51</ns3:speed>
						<ns3:cad>58.0</ns3:cad>
						<ns3:hr>118</ns3:hr>
					</ns3:TrackPointExtension>
				</extensions>
			</trkpt>
			<trkpt lat="48.98179024" lon="2.33020025">
				<ele>86.35</ele>
				<time>2025-12-05T11:00:50Z</time>
				<extensions>
					<ns3:TrackPointExtension>
						<ns3:speed>1.51</ns3:speed>
						<ns3:cad>58.0</ns3:cad>
						<ns3:hr>117</ns3:hr>
					</ns3:TrackPointExtension>
				</extensions>
			</trkpt>
			<trkpt lat="48.98178858" lon="2.33022158">
				<ele>86.36</ele>
				<time>2025-12-05T11:00:51Z</time>
				<extensions>
					<ns3:TrackPointExtension>
						<ns3:speed>1.51</ns3:speed>
						<ns3:cad>58.0</ns3:cad>
						<ns3:hr>117</ns3:hr>
					</ns3:TrackPointExtension>
				</extensions>
			</trkpt>
			<trkpt lat="48.98178559" lon="2.33024458">
				<ele>86.37</ele>
				<time>2025-12-05T11:00:52Z</time>
				<extensions>
					<ns3:TrackPointExtension>
						<ns3:speed>1.51</ns3:speed>
						<ns3:cad>57.0</ns3:cad>
						<ns3:hr>116</ns3:hr>
					</ns3:TrackPointExtension>
				</extensions>
			</trkpt>
			<trkpt lat="48.98178226" lon="2.33026691">
				<ele>86.38</ele>
				<time>2025-12-05T11:00:53Z</time>
				<extensions>
					<ns3:TrackPointExtension>
						<ns3:speed>1.51</ns3:speed>
						<ns3:cad>57.0</ns3:cad>
						<ns3:hr>117</ns3:hr>
					</ns3:TrackPointExtension>
				</extensions>
			</trkpt>
			<trkpt lat="48.98178027" lon="2.33028924">
				<ele>86.38</ele>
				<time>2025-12-05T11:00:54Z</time>
				<extensions>
					<ns3:TrackPointExtension>
						<ns3:speed>1.51</ns3:speed>
						<ns3:cad>57.0</ns3:cad>
						<ns3:hr>116</ns3:hr>
					</ns3:TrackPointExtension>
				</extensions>
			</trkpt>
			<trkpt lat="48.98177861" lon="2.3303099">
				<ele>86.39</ele>
				<time>2025-12-05T11:00:55Z</time>
				<extensions>
					<ns3:TrackPointExtension>
						<ns3:speed>1.51</ns3:speed>
						<ns3:cad>57.0</ns3:cad>
						<ns3:hr>117</ns3:hr>
					</ns3:TrackPointExtension>
				</extensions>
			</trkpt>
			<trkpt lat="48.98177728" lon="2.33033023">
				<ele>86.39</ele>
				<time>2025-12-05T11:00:56Z</time>
				<extensions>
					<ns3:TrackPointExtension>
						<ns3:speed>1.51</ns3:speed>
						<ns3:cad>57.0</ns3:cad>
						<ns3:hr>117</ns3:hr>
					</ns3:TrackPointExtension>
				</extensions>
			</trkpt>
			<trkpt lat="48.98177662" lon="2.33034956">
				<ele>86.38</ele>
				<time>2025-12-05T11:00:57Z</time>
				<extensions>
					<ns3:TrackPointExtension>
						<ns3:speed>1.51</ns3:speed>
						<ns3:cad>57.0</ns3:cad>
						<ns3:hr>117</ns3:hr>
					</ns3:TrackPointExtension>
				</extensions>
			</trkpt>
			<trkpt lat="48.98177629" lon="2.33036955">
				<ele>86.37</ele>
				<time>2025-12-05T11:00:58Z</time>
				<extensions>
					<ns3:TrackPointExtension>
						<ns3:speed>1.51</ns3:speed>
						<ns3:cad>57.0</ns3:cad>
						<ns3:hr>117</ns3:hr>
					</ns3:TrackPointExtension>
				</extensions>
			</trkpt>
			<trkpt lat="48.98177563" lon="2.33038988">
				<ele>86.36</ele>
				<time>2025-12-05T11:00:59Z</time>
				<extensions>
					<ns3:TrackPointExtension>
						<ns3:speed>1.51</ns3:speed>
						<ns3:cad>57.0</ns3:cad>
						<ns3:hr>117</ns3:hr>
					</ns3:TrackPointExtension>
				</extensions>
			</trkpt>
			<trkpt lat="48.98177464" lon="2.33041087">
				<ele>86.36</ele>
				<time>2025-12-05T11:01:00Z</time>
				<extensions>
					<ns3:TrackPointExtension>
						<ns3:speed>1.51</ns3:speed>
						<ns3:cad>57.0</ns3:cad>
						<ns3:hr>117</ns3:hr>
					</ns3:TrackPointExtension>
				</extensions>
			</trkpt>
			<trkpt lat="48.98177331" lon="2.33043187">
				<ele>86.35</ele>
				<time>2025-12-05T11:01:01Z</time>
				<extensions>
					<ns3:TrackPointExtension>
						<ns3:speed>1.51</ns3:speed>
						<ns3:cad>57.0</ns3:cad>
						<ns3:hr>117</ns3:hr>
					</ns3:TrackPointExtension>
				</extensions>
			</trkpt>
			<trkpt lat="48.98177098" lon="2.33045286">
				<ele>86.35</ele>
				<time>2025-12-05T11:01:02Z</time>
				<extensions>
					<ns3:TrackPointExtension>
						<ns3:speed>1.51</ns3:speed>
						<ns3:cad>58.0</ns3:cad>
						<ns3:hr>117</ns3:hr>
					</ns3:TrackPointExtension>
				</extensions>
			</trkpt>
			<trkpt lat="48.98176965" lon="2.33047385">
				<ele>86.34</ele>
				<time>2025-12-05T11:01:03Z</time>
				<extensions>
					<ns3:TrackPointExtension>
						<ns3:speed>1.51</ns3:speed>
						<ns3:cad>58.0</ns3:cad>
						<ns3:hr>117</ns3:hr>
					</ns3:TrackPointExtension>
				</extensions>
			</trkpt>
			<trkpt lat="48.98176965" lon="2.33049385">
				<ele>86.34</ele>
				<time>2025-12-05T11:01:04Z</time>
				<extensions>
					<ns3:TrackPointExtension>
						<ns3:speed>1.5</ns3:speed>
						<ns3:cad>58.0</ns3:cad>
						<ns3:hr>117</ns3:hr>
					</ns3:TrackPointExtension>
				</extensions>
			</trkpt>
			<trkpt lat="48.98176932" lon="2.33051318">
				<ele>86.34</ele>
				<time>2025-12-05T11:01:05Z</time>
				<extensions>
					<ns3:TrackPointExtension>
						<ns3:speed>1.5</ns3:speed>
						<ns3:cad>57.0</ns3:cad>
						<ns3:hr>117</ns3:hr>
					</ns3:TrackPointExtension>
				</extensions>
			</trkpt>
			<trkpt lat="48.98176932" lon="2.33053217">
				<ele>86.34</ele>
				<time>2025-12-05T11:01:06Z</time>
				<extensions>
					<ns3:TrackPointExtension>
						<ns3:speed>1.5</ns3:speed>
						<ns3:cad>57.0</ns3:cad>
						<ns3:hr>117</ns3:hr>
					</ns3:TrackPointExtension>
				</extensions>
			</trkpt>
			<trkpt lat="48.98176932" lon="2.33055016">
				<ele>86.32</ele>
				<time>2025-12-05T11:01:07Z</time>
				<extensions>
					<ns3:TrackPointExtension>
						<ns3:speed>1.5</ns3:speed>
						<ns3:cad>56.0</ns3:cad>
						<ns3:hr>116</ns3:hr>
					</ns3:TrackPointExtension>
				</extensions>
			</trkpt>
			<trkpt lat="48.98176932" lon="2.33056882">
				<ele>86.31</ele>
				<time>2025-12-05T11:01:08Z</time>
				<extensions>
					<ns3:TrackPointExtension>
						<ns3:speed>1.49</ns3:speed>
						<ns3:cad>56.0</ns3:cad>
						<ns3:hr>115</ns3:hr>
					</ns3:TrackPointExtension>
				</extensions>
			</trkpt>
			<trkpt lat="48.98176866" lon="2.33058748">
				<ele>86.3</ele>
				<time>2025-12-05T11:01:09Z</time>
				<extensions>
					<ns3:TrackPointExtension>
						<ns3:speed>1.49</ns3:speed>
						<ns3:cad>55.0</ns3:cad>
						<ns3:hr>115</ns3:hr>
					</ns3:TrackPointExtension>
				</extensions>
			</trkpt>
			<trkpt lat="48.98176766" lon="2.33060681">
				<ele>86.29</ele>
				<time>2025-12-05T11:01:10Z</time>
				<extensions>
					<ns3:TrackPointExtension>
						<ns3:speed>1.49</ns3:speed>
						<ns3:cad>55.0</ns3:cad>
						<ns3:hr>115</ns3:hr>
					</ns3:TrackPointExtension>
				</extensions>
			</trkpt>
			<trkpt lat="48.98176567" lon="2.3306248">
				<ele>86.28</ele>
				<time>2025-12-05T11:01:11Z</time>
				<extensions>
					<ns3:TrackPointExtension>
						<ns3:speed>1.48</ns3:speed>
						<ns3:cad>55.0</ns3:cad>
						<ns3:hr>115</ns3:hr>
					</ns3:TrackPointExtension>
				</extensions>
			</trkpt>
			<trkpt lat="48.98176467" lon="2.33064379">
				<ele>86.27</ele>
				<time>2025-12-05T11:01:12Z</time>
				<extensions>
					<ns3:TrackPointExtension>
						<ns3:speed>1.48</ns3:speed>
						<ns3:cad>55.0</ns3:cad>
						<ns3:hr>115</ns3:hr>
					</ns3:TrackPointExtension>
				</extensions>
			</trkpt>
			<trkpt lat="48.98176434" lon="2.33066245">
				<ele>86.26</ele>
				<time>2025-12-05T11:01:13Z</time>
				<extensions>
					<ns3:TrackPointExtension>
						<ns3:speed>1.48</ns3:speed>
						<ns3:cad>56.0</ns3:cad>
						<ns3:hr>115</ns3:hr>
					</ns3:TrackPointExtension>
				</extensions>
			</trkpt>
			<trkpt lat="48.98176301" lon="2.33068011">
				<ele>86.23</ele>
				<time>2025-12-05T11:01:14Z</time>
				<extensions>
					<ns3:TrackPointExtension>
						<ns3:speed>1.47</ns3:speed>
						<ns3:cad>57.0</ns3:cad>
						<ns3:hr>115</ns3:hr>
					</ns3:TrackPointExtension>
				</extensions>
			</trkpt>
			<trkpt lat="48.98176168" lon="2.33069844">
				<ele>86.2</ele>
				<time>2025-12-05T11:01:15Z</time>
				<extensions>
					<ns3:TrackPointExtension>
						<ns3:speed>1.47</ns3:speed>
						<ns3:cad>57.0</ns3:cad>
						<ns3:hr>115</ns3:hr>
					</ns3:TrackPointExtension>
				</extensions>
			</trkpt>
			<trkpt lat="48.98176002" lon="2.3307171">
				<ele>86.18</ele>
				<time>2025-12-05T11:01:16Z</time>
				<extensions>
					<ns3:TrackPointExtension>
						<ns3:speed>1.47</ns3:speed>
						<ns3:cad>57.0</ns3:cad>
						<ns3:hr>115</ns3:hr>
					</ns3:TrackPointExtension>
				</extensions>
			</trkpt>
			<trkpt lat="48.98175869" lon="2.33073509">
				<ele>86.13</ele>
				<time>2025-12-05T11:01:17Z</time>
				<extensions>
					<ns3:TrackPointExtension>
						<ns3:speed>1.47</ns3:speed>
						<ns3:cad>57.0</ns3:cad>
						<ns3:hr>114</ns3:hr>
					</ns3:TrackPointExtension>
				</extensions>
			</trkpt>
			<trkpt lat="48.98175703" lon="2.33075408">
				<ele>86.09</ele>
				<time>2025-12-05T11:01:18Z</time>
				<extensions>
					<ns3:TrackPointExtension>
						<ns3:speed>1.46</ns3:speed>
						<ns3:cad>56.0</ns3:cad>
						<ns3:hr>113</ns3:hr>
					</ns3:TrackPointExtension>
				</extensions>
			</trkpt>
			<trkpt lat="48.98175604" lon="2.33077307">
				<ele>86.07</ele>
				<time>2025-12-05T11:01:19Z</time>
				<extensions>
					<ns3:TrackPointExtension>
						<ns3:speed>1.46</ns3:speed>
						<ns3:cad>56.0</ns3:cad>
						<ns3:hr>112</ns3:hr>
					</ns3:TrackPointExtension>
				</extensions>
			</trkpt>
			<trkpt lat="48.98175538" lon="2.3307934">
				<ele>86.04</ele>
				<time>2025-12-05T11:01:20Z</time>
				<extensions>
					<ns3:TrackPointExtension>
						<ns3:speed>1.46</ns3:speed>
						<ns3:cad>56.0</ns3:cad>
						<ns3:hr>112</ns3:hr>
					</ns3:TrackPointExtension>
				</extensions>
			</trkpt>
			<trkpt lat="48.98175372" lon="2.33081306">
				<ele>86.0</ele>
				<time>2025-12-05T11:01:21Z</time>
				<extensions>
					<ns3:TrackPointExtension>
						<ns3:speed>1.45</ns3:speed>
						<ns3:cad>56.0</ns3:cad>
						<ns3:hr>111</ns3:hr>
					</ns3:TrackPointExtension>
				</extensions>
			</trkpt>
			<trkpt lat="48.98175273" lon="2.33083105">
				<ele>85.97</ele>
				<time>2025-12-05T11:01:22Z</time>
				<extensions>
					<ns3:TrackPointExtension>
						<ns3:speed>1.45</ns3:speed>
						<ns3:cad>56.0</ns3:cad>
						<ns3:hr>111</ns3:hr>
					</ns3:TrackPointExtension>
				</extensions>
			</trkpt>
			<trkpt lat="48.9817514" lon="2.33084838">
				<ele>85.92</ele>
				<time>2025-12-05T11:01:23Z</time>
				<extensions>
					<ns3:TrackPointExtension>
						<ns3:speed>1.45</ns3:speed>
						<ns3:cad>57.0</ns3:cad>
						<ns3:hr>111</ns3:hr>
					</ns3:TrackPointExtension>
				</extensions>
			</trkpt>
			<trkpt lat="48.98174941" lon="2.33086504">
				<ele>85.86</ele>
				<time>2025-12-05T11:01:24Z</time>
				<extensions>
					<ns3:TrackPointExtension>
						<ns3:speed>1.45</ns3:speed>
						<ns3:cad>57.0</ns3:cad>
						<ns3:hr>111</ns3:hr>
					</ns3:TrackPointExtension>
				</extensions>
			</trkpt>
			<trkpt lat="48.98174808" lon="2.33088237">
				<ele>85.81</ele>
				<time>2025-12-05T11:01:25Z</time>
				<extensions>
					<ns3:TrackPointExtension>
						<ns3:speed>1.45</ns3:speed>
						<ns3:cad>57.0</ns3:cad>
						<ns3:hr>111</ns3:hr>
					</ns3:TrackPointExtension>
				</extensions>
			</trkpt>
			<trkpt lat="48.98174808" lon="2.33090103">
				<ele>85.73</ele>
				<time>2025-12-05T11:01:26Z</time>
				<extensions>
					<ns3:TrackPointExtension>
						<ns3:speed>1.44</ns3:speed>
						<ns3:cad>57.0</ns3:cad>
						<ns3:hr>112</ns3:hr>
					</ns3:TrackPointExtension>
				</extensions>
			</trkpt>
			<trkpt lat="48.98174841" lon="2.33092069">
				<ele>85.66</ele>
				<time>2025-12-05T11:01:27Z</time>
				<extensions>
					<ns3:TrackPointExtension>
						<ns3:speed>1.44</ns3:speed>
						<ns3:cad>57.0</ns3:cad>
						<ns3:hr>112</ns3:hr>
					</ns3:TrackPointExtension>
				</extensions>
			</trkpt>
			<trkpt lat="48.98174974" lon="2.33094068">
				<ele>85.6</ele>
				<time>2025-12-05T11:01:28Z</time>
				<extensions>
					<ns3:TrackPointExtension>
						<ns3:speed>1.44</ns3:speed>
						<ns3:cad>57.0</ns3:cad>
						<ns3:hr>113</ns3:hr>
					</ns3:TrackPointExtension>
				</extensions>
			</trkpt>
			<trkpt lat="48.9817504" lon="2.33096001">
				<ele>85.54</ele>
				<time>2025-12-05T11:01:29Z</time>
				<extensions>
					<ns3:TrackPointExtension>
						<ns3:speed>1.44</ns3:speed>
						<ns3:cad>58.0</ns3:cad>
						<ns3:hr>113</ns3:hr>
					</ns3:TrackPointExtension>
				</extensions>
			</trkpt>
			<trkpt lat="48.98175139" lon="2.33097934">
				<ele>85.48</ele>
				<time>2025-12-05T11:01:30Z</time>
				<extensions>
					<ns3:TrackPointExtension>
						<ns3:speed>1.44</ns3:speed>
						<ns3:cad>58.0</ns3:cad>
						<ns3:hr>113</ns3:hr>
					</ns3:TrackPointExtension>
				</extensions>
			</trkpt>
			<trkpt lat="48.98175139" lon="2.33099833">
				<ele>85.42</ele>
				<time>2025-12-05T11:01:31Z</time>
				<extensions>
					<ns3:TrackPointExtension>
						<ns3:speed>1.44</ns3:speed>
						<ns3:cad>58.0</ns3:cad>
						<ns3:hr>113</ns3:hr>
					</ns3:TrackPointExtension>
				</extensions>
			</trkpt>
			<trkpt lat="48.98175139" lon="2.33101866">
				<ele>85.38</ele>
				<time>2025-12-05T11:01:32Z</time>
				<extensions>
					<ns3:TrackPointExtension>
						<ns3:speed>1.44</ns3:speed>
						<ns3:cad>57.0</ns3:cad>
						<ns3:hr>112</ns3:hr>
					</ns3:TrackPointExtension>
				</extensions>
			</trkpt>
			<trkpt lat="48.98175139" lon="2.33103999">
				<ele>85.31</ele>
				<time>2025-12-05T11:01:33Z</time>
				<extensions>
					<ns3:TrackPointExtension>
						<ns3:speed>1.44</ns3:speed>
						<ns3:cad>57.0</ns3:cad>
						<ns3:hr>111</ns3:hr>
					</ns3:TrackPointExtension>
				</extensions>
			</trkpt>
			<trkpt lat="48.98175139" lon="2.33106198">
				<ele>85.25</ele>
				<time>2025-12-05T11:01:34Z</time>
				<extensions>
					<ns3:TrackPointExtension>
						<ns3:speed>1.44</ns3:speed>
						<ns3:cad>57.0</ns3:cad>
						<ns3:hr>111</ns3:hr>
					</ns3:TrackPointExtension>
				</extensions>
			</trkpt>
			<trkpt lat="48.98175006" lon="2.33108397">
				<ele>85.2</ele>
				<time>2025-12-05T11:01:35Z</time>
				<extensions>
					<ns3:TrackPointExtension>
						<ns3:speed>1.44</ns3:speed>
						<ns3:cad>58.0</ns3:cad>
						<ns3:hr>111</ns3:hr>
					</ns3:TrackPointExtension>
				</extensions>
			</trkpt>
			<trkpt lat="48.9817484" lon="2.33110663">
				<ele>85.13</ele>
				<time>2025-12-05T11:01:36Z</time>
				<extensions>
					<ns3:TrackPointExtension>
						<ns3:speed>1.45</ns3:speed>
						<ns3:cad>58.0</ns3:cad>
						<ns3:hr>111</ns3:hr>
					</ns3:TrackPointExtension>
				</extensions>
			</trkpt>
			<trkpt lat="48.98174873" lon="2.33112862">
				<ele>85.07</ele>
				<time>2025-12-05T11:01:37Z</time>
				<extensions>
					<ns3:TrackPointExtension>
						<ns3:speed>1.45</ns3:speed>
						<ns3:cad>58.0</ns3:cad>
						<ns3:hr>111</ns3:hr>
					</ns3:TrackPointExtension>
				</extensions>
			</trkpt>
			<trkpt lat="48.98174906" lon="2.33115128">
				<ele>85.07</ele>
				<time>2025-12-05T11:01:38Z</time>
				<extensions>
					<ns3:TrackPointExtension>
						<ns3:speed>1.45</ns3:speed>
						<ns3:cad>58.0</ns3:cad>
						<ns3:hr>111</ns3:hr>
					</ns3:TrackPointExtension>
				</extensions>
			</trkpt>
			<trkpt lat="48.98174906" lon="2.33117361">
				<ele>85.0</ele>
				<time>2025-12-05T11:01:39Z</time>
				<extensions>
					<ns3:TrackPointExtension>
						<ns3:speed>1.45</ns3:speed>
						<ns3:cad>59.0</ns3:cad>
						<ns3:hr>111</ns3:hr>
					</ns3:TrackPointExtension>
				</extensions>
			</trkpt>
			<trkpt lat="48.98175005" lon="2.3311956">
				<ele>84.9</ele>
				<time>2025-12-05T11:01:40Z</time>
				<extensions>
					<ns3:TrackPointExtension>
						<ns3:speed>1.46</ns3:speed>
						<ns3:cad>59.0</ns3:cad>
						<ns3:hr>110</ns3:hr>
					</ns3:TrackPointExtension>
				</extensions>
			</trkpt>
			<trkpt lat="48.98175038" lon="2.33121759">
				<ele>84.8</ele>
				<time>2025-12-05T11:01:41Z</time>
				<extensions>
					<ns3:TrackPointExtension>
						<ns3:speed>1.46</ns3:speed>
						<ns3:cad>58.0</ns3:cad>
						<ns3:hr>110</ns3:hr>
					</ns3:TrackPointExtension>
				</extensions>
			</trkpt>
			<trkpt lat="48.98175005" lon="2.33123859">
				<ele>84.8</ele>
				<time>2025-12-05T11:01:42Z</time>
				<extensions>
					<ns3:TrackPointExtension>
						<ns3:speed>1.47</ns3:speed>
						<ns3:cad>58.0</ns3:cad>
						<ns3:hr>111</ns3:hr>
					</ns3:TrackPointExtension>
				</extensions>
			</trkpt>
			<trkpt lat="48.98174906" lon="2.33125925">
				<ele>84.59</ele>
				<time>2025-12-05T11:01:43Z</time>
				<extensions>
					<ns3:TrackPointExtension>
						<ns3:speed>1.47</ns3:speed>
						<ns3:cad>59.0</ns3:cad>
						<ns3:hr>110</ns3:hr>
					</ns3:TrackPointExtension>
				</extensions>
			</trkpt>
			<trkpt lat="48.98174873" lon="2.33128025">
				<ele>84.5</ele>
				<time>2025-12-05T11:01:44Z</time>
				<extensions>
					<ns3:TrackPointExtension>
						<ns3:speed>1.47</ns3:speed>
						<ns3:cad>59.0</ns3:cad>
						<ns3:hr>110</ns3:hr>
					</ns3:TrackPointExtension>
				</extensions>
			</trkpt>
			<trkpt lat="48.98174773" lon="2.33130091">
				<ele>84.42</ele>
				<time>2025-12-05T11:01:45Z</time>
				<extensions>
					<ns3:TrackPointExtension>
						<ns3:speed>1.47</ns3:speed>
						<ns3:cad>59.0</ns3:cad>
						<ns3:hr>110</ns3:hr>
					</ns3:TrackPointExtension>
				</extensions>
			</trkpt>
			<trkpt lat="48.98174707" lon="2.3313219">
				<ele>84.33</ele>
				<time>2025-12-05T11:01:46Z</time>
				<extensions>
					<ns3:TrackPointExtension>
						<ns3:speed>1.48</ns3:speed>
						<ns3:cad>59.0</ns3:cad>
						<ns3:hr>110</ns3:hr>
					</ns3:TrackPointExtension>
				</extensions>
			</trkpt>
			<trkpt lat="48.98174541" lon="2.3313419">
				<ele>84.23</ele>
				<time>2025-12-05T11:01:47Z</time>
				<extensions>
					<ns3:TrackPointExtension>
						<ns3:speed>1.48</ns3:speed>
						<ns3:cad>59.0</ns3:cad>
						<ns3:hr>109</ns3:hr>
					</ns3:TrackPointExtension>
				</extensions>
			</trkpt>
			<trkpt lat="48.98174641" lon="2.3313619">
				<ele>84.13</ele>
				<time>2025-12-05T11:01:48Z</time>
				<extensions>
					<ns3:TrackPointExtension>
						<ns3:speed>1.48</ns3:speed>
						<ns3:cad>58.0</ns3:cad>
						<ns3:hr>109</ns3:hr>
					</ns3:TrackPointExtension>
				</extensions>
			</trkpt>
			<trkpt lat="48.98174974" lon="2.33138256">
				<ele>84.05</ele>
				<time>2025-12-05T11:01:49Z</time>
				<extensions>
					<ns3:TrackPointExtension>
						<ns3:speed>1.48</ns3:speed>
						<ns3:cad>58.0</ns3:cad>
						<ns3:hr>109</ns3:hr>
					</ns3:TrackPointExtension>
				</extensions>
			</trkpt>
			<trkpt lat="48.9817564" lon="2.33140189">
				<ele>83.95</ele>
				<time>2025-12-05T11:01:50Z</time>
				<extensions>
					<ns3:TrackPointExtension>
						<ns3:speed>1.48</ns3:speed>
						<ns3:cad>58.0</ns3:cad>
						<ns3:hr>109</ns3:hr>
					</ns3:TrackPointExtension>
				</extensions>
			</trkpt>
			<trkpt lat="48.98176373" lon="2.33141855">
				<ele>83.87</ele>
				<time>2025-12-05T11:01:51Z</time>
				<extensions>
					<ns3:TrackPointExtension>
						<ns3:speed>1.48</ns3:speed>
						<ns3:cad>58.0</ns3:cad>
						<ns3:hr>109</ns3:hr>
					</ns3:TrackPointExtension>
				</extensions>
			</trkpt>
			<trkpt lat="48.98177272" lon="2.33143121">
				<ele>83.79</ele>
				<time>2025-12-05T11:01:52Z</time>
				<extensions>
					<ns3:TrackPointExtension>
						<ns3:speed>1.48</ns3:speed>
						<ns3:cad>58.0</ns3:cad>
						<ns3:hr>109</ns3:hr>
					</ns3:TrackPointExtension>
				</extensions>
			</trkpt>
			<trkpt lat="48.98178205" lon="2.33143954">
				<ele>83.72</ele>
				<time>2025-12-05T11:01:53Z</time>
				<extensions>
					<ns3:TrackPointExtension>
						<ns3:speed>1.48</ns3:speed>
						<ns3:cad>58.0</ns3:cad>
						<ns3:hr>109</ns3:hr>
					</ns3:TrackPointExtension>
				</extensions>
			</trkpt>
			<trkpt lat="48.98179305" lon="2.3314452">
				<ele>83.72</ele>
				<time>2025-12-05T11:01:54Z</time>
				<extensions>
					<ns3:TrackPointExtension>
						<ns3:speed>1.48</ns3:speed>
						<ns3:cad>58.0</ns3:cad>
						<ns3:hr>108</ns3:hr>
					</ns3:TrackPointExtension>
				</extensions>
			</trkpt>
			<trkpt lat="48.98180405" lon="2.33144853">
				<ele>83.65</ele>
				<time>2025-12-05T11:01:55Z</time>
				<extensions>
					<ns3:TrackPointExtension>
						<ns3:speed>1.47</ns3:speed>
						<ns3:cad>58.0</ns3:cad>
						<ns3:hr>108</ns3:hr>
					</ns3:TrackPointExtension>
				</extensions>
			</trkpt>
			<trkpt lat="48.98181671" lon="2.33144986">
				<ele>83.65</ele>
				<time>2025-12-05T11:01:56Z</time>
				<extensions>
					<ns3:TrackPointExtension>
						<ns3:speed>1.47</ns3:speed>
						<ns3:cad>58.0</ns3:cad>
						<ns3:hr>107</ns3:hr>
					</ns3:TrackPointExtension>
				</extensions>
			</trkpt>
			<trkpt lat="48.98183004" lon="2.33145019">
				<ele>83.64</ele>
				<time>2025-12-05T11:01:57Z</time>
				<extensions>
					<ns3:TrackPointExtension>
						<ns3:speed>1.46</ns3:speed>
						<ns3:cad>58.0</ns3:cad>
						<ns3:hr>107</ns3:hr>
					</ns3:TrackPointExtension>
				</extensions>
			</trkpt>
			<trkpt lat="48.98184304" lon="2.33145019">
				<ele>83.67</ele>
				<time>2025-12-05T11:01:58Z</time>
				<extensions>
					<ns3:TrackPointExtension>
						<ns3:speed>1.46</ns3:speed>
						<ns3:cad>57.0</ns3:cad>
						<ns3:hr>107</ns3:hr>
					</ns3:TrackPointExtension>
				</extensions>
			</trkpt>
			<trkpt lat="48.9818557" lon="2.33144953">
				<ele>83.69</ele>
				<time>2025-12-05T11:01:59Z</time>
				<extensions>
					<ns3:TrackPointExtension>
						<ns3:speed>1.45</ns3:speed>
						<ns3:cad>56.0</ns3:cad>
						<ns3:hr>107</ns3:hr>
					</ns3:TrackPointExtension>
				</extensions>
			</trkpt>
			<trkpt lat="48.98186836" lon="2.33144986">
				<ele>83.74</ele>
				<time>2025-12-05T11:02:00Z</time>
				<extensions>
					<ns3:TrackPointExtension>
						<ns3:speed>1.45</ns3:speed>
						<ns3:cad>56.0</ns3:cad>
						<ns3:hr>108</ns3:hr>
					</ns3:TrackPointExtension>
				</extensions>
			</trkpt>
			<trkpt lat="48.98188169" lon="2.33145152">
				<ele>83.82</ele>
				<time>2025-12-05T11:02:01Z</time>
				<extensions>
					<ns3:TrackPointExtension>
						<ns3:speed>1.45</ns3:speed>
						<ns3:cad>57.0</ns3:cad>
						<ns3:hr>107</ns3:hr>
					</ns3:TrackPointExtension>
				</extensions>
			</trkpt>
			<trkpt lat="48.98189535" lon="2.33145019">
				<ele>83.9</ele>
				<time>2025-12-05T11:02:02Z</time>
				<extensions>
					<ns3:TrackPointExtension>
						<ns3:speed>1.45</ns3:speed>
						<ns3:cad>57.0</ns3:cad>
						<ns3:hr>108</ns3:hr>
					</ns3:TrackPointExtension>
				</extensions>
			</trkpt>
			<trkpt lat="48.98190901" lon="2.33144886">
				<ele>84.0</ele>
				<time>2025-12-05T11:02:03Z</time>
				<extensions>
					<ns3:TrackPointExtension>
						<ns3:speed>1.45</ns3:speed>
						<ns3:cad>57.0</ns3:cad>
						<ns3:hr>109</ns3:hr>
					</ns3:TrackPointExtension>
				</extensions>
			</trkpt>
			<trkpt lat="48.98192201" lon="2.33144853">
				<ele>84.09</ele>
				<time>2025-12-05T11:02:04Z</time>
				<extensions>
					<ns3:TrackPointExtension>
						<ns3:speed>1.45</ns3:speed>
						<ns3:cad>57.0</ns3:cad>
						<ns3:hr>109</ns3:hr>
					</ns3:TrackPointExtension>
				</extensions>
			</trkpt>
			<trkpt lat="48.98193567" lon="2.33144986">
				<ele>84.2</ele>
				<time>2025-12-05T11:02:05Z</time>
				<extensions>
					<ns3:TrackPointExtension>
						<ns3:speed>1.45</ns3:speed>
						<ns3:cad>57.0</ns3:cad>
						<ns3:hr>109</ns3:hr>
					</ns3:TrackPointExtension>
				</extensions>
			</trkpt>
			<trkpt lat="48.981949" lon="2.33145086">
				<ele>84.3</ele>
				<time>2025-12-05T11:02:06Z</time>
				<extensions>
					<ns3:TrackPointExtension>
						<ns3:speed>1.45</ns3:speed>
						<ns3:cad>57.0</ns3:cad>
						<ns3:hr>109</ns3:hr>
					</ns3:TrackPointExtension>
				</extensions>
			</trkpt>
			<trkpt lat="48.98196266" lon="2.33145186">
				<ele>84.4</ele>
				<time>2025-12-05T11:02:07Z</time>
				<extensions>
					<ns3:TrackPointExtension>
						<ns3:speed>1.45</ns3:speed>
						<ns3:cad>56.0</ns3:cad>
						<ns3:hr>108</ns3:hr>
					</ns3:TrackPointExtension>
				</extensions>
			</trkpt>
			<trkpt lat="48.98197599" lon="2.3314512">
				<ele>84.48</ele>
				<time>2025-12-05T11:02:08Z</time>
				<extensions>
					<ns3:TrackPointExtension>
						<ns3:speed>1.46</ns3:speed>
						<ns3:cad>56.0</ns3:cad>
						<ns3:hr>107</ns3:hr>
					</ns3:TrackPointExtension>
				</extensions>
			</trkpt>
			<trkpt lat="48.98198865" lon="2.3314502">
				<ele>84.57</ele>
				<time>2025-12-05T11:02:09Z</time>
				<extensions>
					<ns3:TrackPointExtension>
						<ns3:speed>1.46</ns3:speed>
						<ns3:cad>56.0</ns3:cad>
						<ns3:hr>107</ns3:hr>
					</ns3:TrackPointExtension>
				</extensions>
			</trkpt>
			<trkpt lat="48.98200164" lon="2.33144887">
				<ele>84.64</ele>
				<time>2025-12-05T11:02:10Z</time>
				<extensions>
					<ns3:TrackPointExtension>
						<ns3:speed>1.46</ns3:speed>
						<ns3:cad>56.0</ns3:cad>
						<ns3:hr>108</ns3:hr>
					</ns3:TrackPointExtension>
				</extensions>
			</trkpt>
			<trkpt lat="48.98201497" lon="2.33144754">
				<ele>84.72</ele>
				<time>2025-12-05T11:02:11Z</time>
				<extensions>
					<ns3:TrackPointExtension>
						<ns3:speed>1.46</ns3:speed>
						<ns3:cad>56.0</ns3:cad>
						<ns3:hr>108</ns3:hr>
					</ns3:TrackPointExtension>
				</extensions>
			</trkpt>
			<trkpt lat="48.9820253" lon="2.33145253">
				<ele>84.84</ele>
				<time>2025-12-05T11:02:12Z</time>
				<extensions>
					<ns3:TrackPointExtension>
						<ns3:speed>1.46</ns3:speed>
						<ns3:cad>56.0</ns3:cad>
						<ns3:hr>108</ns3:hr>
					</ns3:TrackPointExtension>
				</extensions>
			</trkpt>
			<trkpt lat="48.98203563" lon="2.33145586">
				<ele>84.93</ele>
				<time>2025-12-05T11:02:13Z</time>
				<extensions>
					<ns3:TrackPointExtension>
						<ns3:speed>1.46</ns3:speed>
						<ns3:cad>56.0</ns3:cad>
						<ns3:hr>110</ns3:hr>
					</ns3:TrackPointExtension>
				</extensions>
			</trkpt>
			<trkpt lat="48.98204529" lon="2.33145686">
				<ele>85.01</ele>
				<time>2025-12-05T11:02:14Z</time>
				<extensions>
					<ns3:TrackPointExtension>
						<ns3:speed>1.46</ns3:speed>
						<ns3:cad>56.0</ns3:cad>
						<ns3:hr>110</ns3:hr>
					</ns3:TrackPointExtension>
				</extensions>
			</trkpt>
			<trkpt lat="48.98205595" lon="2.33145686">
				<ele>85.09</ele>
				<time>2025-12-05T11:02:15Z</time>
				<extensions>
					<ns3:TrackPointExtension>
						<ns3:speed>1.45</ns3:speed>
						<ns3:cad>56.0</ns3:cad>
						<ns3:hr>110</ns3:hr>
					</ns3:TrackPointExtension>
				</extensions>
			</trkpt>
			<trkpt lat="48.98206794" lon="2.33145487">
				<ele>85.17</ele>
				<time>2025-12-05T11:02:16Z</time>
				<extensions>
					<ns3:TrackPointExtension>
						<ns3:speed>1.45</ns3:speed>
						<ns3:cad>56.0</ns3:cad>
						<ns3:hr>111</ns3:hr>
					</ns3:TrackPointExtension>
				</extensions>
			</trkpt>
			<trkpt lat="48.98208127" lon="2.33145221">
				<ele>85.24</ele>
				<time>2025-12-05T11:02:17Z</time>
				<extensions>
					<ns3:TrackPointExtension>
						<ns3:speed>1.45</ns3:speed>
						<ns3:cad>56.0</ns3:cad>
						<ns3:hr>111</ns3:hr>
					</ns3:TrackPointExtension>
				</extensions>
			</trkpt>
			<trkpt lat="48.9820946" lon="2.33145155">
				<ele>85.32</ele>
				<time>2025-12-05T11:02:18Z</time>
				<extensions>
					<ns3:TrackPointExtension>
						<ns3:speed>1.44</ns3:speed>
						<ns3:cad>56.0</ns3:cad>
						<ns3:hr>111</ns3:hr>
					</ns3:TrackPointExtension>
				</extensions>
			</trkpt>
			<trkpt lat="48.98210793" lon="2.33145122">
				<ele>85.42</ele>
				<time>2025-12-05T11:02:19Z</time>
				<extensions>
					<ns3:TrackPointExtension>
						<ns3:speed>1.44</ns3:speed>
						<ns3:cad>56.0</ns3:cad>
						<ns3:hr>111</ns3:hr>
					</ns3:TrackPointExtension>
				</extensions>
			</trkpt>
			<trkpt lat="48.98212126" lon="2.33145089">
				<ele>85.53</ele>
				<time>2025-12-05T11:02:20Z</time>
				<extensions>
					<ns3:TrackPointExtension>
						<ns3:speed>1.44</ns3:speed>
						<ns3:cad>55.0</ns3:cad>
						<ns3:hr>111</ns3:hr>
					</ns3:TrackPointExtension>
				</extensions>
			</trkpt>
			<trkpt lat="48.98213459" lon="2.33144989">
				<ele>85.62</ele>
				<time>2025-12-05T11:02:21Z</time>
				<extensions>
					<ns3:TrackPointExtension>
						<ns3:speed>1.44</ns3:speed>
						<ns3:cad>55.0</ns3:cad>
						<ns3:hr>111</ns3:hr>
					</ns3:TrackPointExtension>
				</extensions>
			</trkpt>
			<trkpt lat="48.98214725" lon="2.33144823">
				<ele>85.69</ele>
				<time>2025-12-05T11:02:22Z</time>
				<extensions>
					<ns3:TrackPointExtension>
						<ns3:speed>1.44</ns3:speed>
						<ns3:cad>56.0</ns3:cad>
						<ns3:hr>111</ns3:hr>
					</ns3:TrackPointExtension>
				</extensions>
			</trkpt>
			<trkpt lat="48.98215991" lon="2.33144623">
				<ele>85.76</ele>
				<time>2025-12-05T11:02:23Z</time>
				<extensions>
					<ns3:TrackPointExtension>
						<ns3:speed>1.44</ns3:speed>
						<ns3:cad>56.0</ns3:cad>
						<ns3:hr>111</ns3:hr>
					</ns3:TrackPointExtension>
				</extensions>
			</trkpt>
			<trkpt lat="48.98217324" lon="2.33144324">
				<ele>85.83</ele>
				<time>2025-12-05T11:02:24Z</time>
				<extensions>
					<ns3:TrackPointExtension>
						<ns3:speed>1.44</ns3:speed>
						<ns3:cad>56.0</ns3:cad>
						<ns3:hr>111</ns3:hr>
					</ns3:TrackPointExtension>
				</extensions>
			</trkpt>
			<trkpt lat="48.98218557" lon="2.33143991">
				<ele>85.9</ele>
				<time>2025-12-05T11:02:25Z</time>
				<extensions>
					<ns3:TrackPointExtension>
						<ns3:speed>1.44</ns3:speed>
						<ns3:cad>55.0</ns3:cad>
						<ns3:hr>111</ns3:hr>
					</ns3:TrackPointExtension>
				</extensions>
			</trkpt>
			<trkpt lat="48.9821989" lon="2.33143658">
				<ele>86.0</ele>
				<time>2025-12-05T11:02:26Z</time>
				<extensions>
					<ns3:TrackPointExtension>
						<ns3:speed>1.44</ns3:speed>
						<ns3:cad>55.0</ns3:cad>
						<ns3:hr>111</ns3:hr>
					</ns3:TrackPointExtension>
				</extensions>
			</trkpt>
			<trkpt lat="48.98221256" lon="2.33143425">
				<ele>86.08</ele>
				<time>2025-12-05T11:02:27Z</time>
				<extensions>
					<ns3:TrackPointExtension>
						<ns3:speed>1.44</ns3:speed>
						<ns3:cad>55.0</ns3:cad>
						<ns3:hr>111</ns3:hr>
					</ns3:TrackPointExtension>
				</extensions>
			</trkpt>
			<trkpt lat="48.98222656" lon="2.33143259">
				<ele>86.16</ele>
				<time>2025-12-05T11:02:28Z</time>
				<extensions>
					<ns3:TrackPointExtension>
						<ns3:speed>1.44</ns3:speed>
						<ns3:cad>55.0</ns3:cad>
						<ns3:hr>113</ns3:hr>
					</ns3:TrackPointExtension>
				</extensions>
			</trkpt>
			<trkpt lat="48.98224022" lon="2.33143059">
				<ele>86.26</ele>
				<time>2025-12-05T11:02:29Z</time>
				<extensions>
					<ns3:TrackPointExtension>
						<ns3:speed>1.44</ns3:speed>
						<ns3:cad>55.0</ns3:cad>
						<ns3:hr>112</ns3:hr>
					</ns3:TrackPointExtension>
				</extensions>
			</trkpt>
			<trkpt lat="48.98225322" lon="2.3314286">
				<ele>86.37</ele>
				<time>2025-12-05T11:02:30Z</time>
				<extensions>
					<ns3:TrackPointExtension>
						<ns3:speed>1.44</ns3:speed>
						<ns3:cad>54.0</ns3:cad>
						<ns3:hr>112</ns3:hr>
					</ns3:TrackPointExtension>
				</extensions>
			</trkpt>
			<trkpt lat="48.98226621" lon="2.3314266">
				<ele>86.49</ele>
				<time>2025-12-05T11:02:31Z</time>
				<extensions>
					<ns3:TrackPointExtension>
						<ns3:speed>1.44</ns3:speed>
						<ns3:cad>54.0</ns3:cad>
						<ns3:hr>113</ns3:hr>
					</ns3:TrackPointExtension>
				</extensions>
			</trkpt>
			<trkpt lat="48.98227954" lon="2.33142461">
				<ele>86.59</ele>
				<time>2025-12-05T11:02:32Z</time>
				<extensions>
					<ns3:TrackPointExtension>
						<ns3:speed>1.44</ns3:speed>
						<ns3:cad>54.0</ns3:cad>
						<ns3:hr>113</ns3:hr>
					</ns3:TrackPointExtension>
				</extensions>
			</trkpt>
			<trkpt lat="48.98229287" lon="2.33142361">
				<ele>86.67</ele>
				<time>2025-12-05T11:02:33Z</time>
				<extensions>
					<ns3:TrackPointExtension>
						<ns3:speed>1.44</ns3:speed>
						<ns3:cad>54.0</ns3:cad>
						<ns3:hr>114</ns3:hr>
					</ns3:TrackPointExtension>
				</extensions>
			</trkpt>
			<trkpt lat="48.98230687" lon="2.33142228">
				<ele>86.76</ele>
				<time>2025-12-05T11:02:34Z</time>
				<extensions>
					<ns3:TrackPointExtension>
						<ns3:speed>1.44</ns3:speed>
						<ns3:cad>54.0</ns3:cad>
						<ns3:hr>114</ns3:hr>
					</ns3:TrackPointExtension>
				</extensions>
			</trkpt>
			<trkpt lat="48.9823212" lon="2.33141995">
				<ele>86.84</ele>
				<time>2025-12-05T11:02:35Z</time>
				<extensions>
					<ns3:TrackPointExtension>
						<ns3:speed>1.44</ns3:speed>
						<ns3:cad>53.0</ns3:cad>
						<ns3:hr>114</ns3:hr>
					</ns3:TrackPointExtension>
				</extensions>
			</trkpt>
			<trkpt lat="48.9823342" lon="2.33141862">
				<ele>86.93</ele>
				<time>2025-12-05T11:02:36Z</time>
				<extensions>
					<ns3:TrackPointExtension>
						<ns3:speed>1.44</ns3:speed>
						<ns3:cad>54.0</ns3:cad>
						<ns3:hr>114</ns3:hr>
					</ns3:TrackPointExtension>
				</extensions>
			</trkpt>
			<trkpt lat="48.98234686" lon="2.33141796">
				<ele>87.03</ele>
				<time>2025-12-05T11:02:37Z</time>
				<extensions>
					<ns3:TrackPointExtension>
						<ns3:speed>1.44</ns3:speed>
						<ns3:cad>54.0</ns3:cad>
						<ns3:hr>114</ns3:hr>
					</ns3:TrackPointExtension>
				</extensions>
			</trkpt>
			<trkpt lat="48.98236119" lon="2.33141896">
				<ele>87.11</ele>
				<time>2025-12-05T11:02:38Z</time>
				<extensions>
					<ns3:TrackPointExtension>
						<ns3:speed>1.44</ns3:speed>
						<ns3:cad>55.0</ns3:cad>
						<ns3:hr>115</ns3:hr>
					</ns3:TrackPointExtension>
				</extensions>
			</trkpt>
			<trkpt lat="48.98237652" lon="2.33141996">
				<ele>87.17</ele>
				<time>2025-12-05T11:02:39Z</time>
				<extensions>
					<ns3:TrackPointExtension>
						<ns3:speed>1.44</ns3:speed>
						<ns3:cad>55.0</ns3:cad>
						<ns3:hr>115</ns3:hr>
					</ns3:TrackPointExtension>
				</extensions>
			</trkpt>
			<trkpt lat="48.98239151" lon="2.33141963">
				<ele>87.23</ele>
				<time>2025-12-05T11:02:40Z</time>
				<extensions>
					<ns3:TrackPointExtension>
						<ns3:speed>1.44</ns3:speed>
						<ns3:cad>56.0</ns3:cad>
						<ns3:hr>115</ns3:hr>
					</ns3:TrackPointExtension>
				</extensions>
			</trkpt>
			<trkpt lat="48.98240517" lon="2.3314173">
				<ele>87.29</ele>
				<time>2025-12-05T11:02:41Z</time>
				<extensions>
					<ns3:TrackPointExtension>
						<ns3:speed>1.44</ns3:speed>
						<ns3:cad>56.0</ns3:cad>
						<ns3:hr>115</ns3:hr>
					</ns3:TrackPointExtension>
				</extensions>
			</trkpt>
			<trkpt lat="48.98241816" lon="2.33141464">
				<ele>87.35</ele>
				<time>2025-12-05T11:02:42Z</time>
				<extensions>
					<ns3:TrackPointExtension>
						<ns3:speed>1.44</ns3:speed>
						<ns3:cad>55.0</ns3:cad>
						<ns3:hr>116</ns3:hr>
					</ns3:TrackPointExtension>
				</extensions>
			</trkpt>
			<trkpt lat="48.98243016" lon="2.33141131">
				<ele>87.41</ele>
				<time>2025-12-05T11:02:43Z</time>
				<extensions>
					<ns3:TrackPointExtension>
						<ns3:speed>1.44</ns3:speed>
						<ns3:cad>55.0</ns3:cad>
						<ns3:hr>116</ns3:hr>
					</ns3:TrackPointExtension>
				</extensions>
			</trkpt>
			<trkpt lat="48.98244149" lon="2.33141032">
				<ele>87.47</ele>
				<time>2025-12-05T11:02:44Z</time>
				<extensions>
					<ns3:TrackPointExtension>
						<ns3:speed>1.45</ns3:speed>
						<ns3:cad>55.0</ns3:cad>
						<ns3:hr>116</ns3:hr>
					</ns3:TrackPointExtension>
				</extensions>
			</trkpt>
			<trkpt lat="48.98245182" lon="2.33141098">
				<ele>87.51</ele>
				<time>2025-12-05T11:02:45Z</time>
				<extensions>
					<ns3:TrackPointExtension>
						<ns3:speed>1.44</ns3:speed>
						<ns3:cad>54.0</ns3:cad>
						<ns3:hr>117</ns3:hr>
					</ns3:TrackPointExtension>
				</extensions>
			</trkpt>
			<trkpt lat="48.98246015" lon="2.33141898">
				<ele>87.57</ele>
				<time>2025-12-05T11:02:46Z</time>
				<extensions>
					<ns3:TrackPointExtension>
						<ns3:speed>1.44</ns3:speed>
						<ns3:cad>52.0</ns3:cad>
						<ns3:hr>116</ns3:hr>
					</ns3:TrackPointExtension>
				</extensions>
			</trkpt>
			<trkpt lat="48.98246981" lon="2.33142298">
				<ele>87.61</ele>
				<time>2025-12-05T11:02:47Z</time>
				<extensions>
					<ns3:TrackPointExtension>
						<ns3:speed>1.43</ns3:speed>
						<ns3:cad>50.0</ns3:cad>
						<ns3:hr>116</ns3:hr>
					</ns3:TrackPointExtension>
				</extensions>
			</trkpt>
			<trkpt lat="48.98248081" lon="2.33142232">
				<ele>87.67</ele>
				<time>2025-12-05T11:02:48Z</time>
				<extensions>
					<ns3:TrackPointExtension>
						<ns3:speed>1.43</ns3:speed>
						<ns3:cad>50.0</ns3:cad>
						<ns3:hr>116</ns3:hr>
					</ns3:TrackPointExtension>
				</extensions>
			</trkpt>
			<trkpt lat="48.9824908" lon="2.33142298">
				<ele>87.72</ele>
				<time>2025-12-05T11:02:49Z</time>
				<extensions>
					<ns3:TrackPointExtension>
						<ns3:speed>1.42</ns3:speed>
						<ns3:cad>50.0</ns3:cad>
						<ns3:hr>115</ns3:hr>
					</ns3:TrackPointExtension>
				</extensions>
			</trkpt>
			<trkpt lat="48.98250213" lon="2.33141932">
				<ele>87.79</ele>
				<time>2025-12-05T11:02:50Z</time>
				<extensions>
					<ns3:TrackPointExtension>
						<ns3:speed>1.41</ns3:speed>
						<ns3:cad>51.0</ns3:cad>
						<ns3:hr>115</ns3:hr>
					</ns3:TrackPointExtension>
				</extensions>
			</trkpt>
			<trkpt lat="48.98251379" lon="2.33141232">
				<ele>87.86</ele>
				<time>2025-12-05T11:02:51Z</time>
				<extensions>
					<ns3:TrackPointExtension>
						<ns3:speed>1.41</ns3:speed>
						<ns3:cad>56.0</ns3:cad>
						<ns3:hr>115</ns3:hr>
					</ns3:TrackPointExtension>
				</extensions>
			</trkpt>
			<trkpt lat="48.98252612" lon="2.33140433">
				<ele>87.94</ele>
				<time>2025-12-05T11:02:52Z</time>
				<extensions>
					<ns3:TrackPointExtension>
						<ns3:speed>1.4</ns3:speed>
						<ns3:cad>57.0</ns3:cad>
						<ns3:hr>115</ns3:hr>
					</ns3:TrackPointExtension>
				</extensions>
			</trkpt>
			<trkpt lat="48.98253845" lon="2.33139733">
				<ele>88.04</ele>
				<time>2025-12-05T11:02:53Z</time>
				<extensions>
					<ns3:TrackPointExtension>
						<ns3:speed>1.4</ns3:speed>
						<ns3:cad>57.0</ns3:cad>
						<ns3:hr>115</ns3:hr>
					</ns3:TrackPointExtension>
				</extensions>
			</trkpt>
			<trkpt lat="48.98255211" lon="2.33139267">
				<ele>88.13</ele>
				<time>2025-12-05T11:02:54Z</time>
				<extensions>
					<ns3:TrackPointExtension>
						<ns3:speed>1.4</ns3:speed>
						<ns3:cad>57.0</ns3:cad>
						<ns3:hr>115</ns3:hr>
					</ns3:TrackPointExtension>
				</extensions>
			</trkpt>
			<trkpt lat="48.98256644" lon="2.33138968">
				<ele>88.23</ele>
				<time>2025-12-05T11:02:55Z</time>
				<extensions>
					<ns3:TrackPointExtension>
						<ns3:speed>1.4</ns3:speed>
						<ns3:cad>57.0</ns3:cad>
						<ns3:hr>116</ns3:hr>
					</ns3:TrackPointExtension>
				</extensions>
			</trkpt>
			<trkpt lat="48.98258077" lon="2.33138769">
				<ele>88.3</ele>
				<time>2025-12-05T11:02:56Z</time>
				<extensions>
					<ns3:TrackPointExtension>
						<ns3:speed>1.4</ns3:speed>
						<ns3:cad>58.0</ns3:cad>
						<ns3:hr>116</ns3:hr>
					</ns3:TrackPointExtension>
				</extensions>
			</trkpt>
			<trkpt lat="48.98259543" lon="2.33138769">
				<ele>88.39</ele>
				<time>2025-12-05T11:02:57Z</time>
				<extensions>
					<ns3:TrackPointExtension>
						<ns3:speed>1.41</ns3:speed>
						<ns3:cad>58.0</ns3:cad>
						<ns3:hr>116</ns3:hr>
					</ns3:TrackPointExtension>
				</extensions>
			</trkpt>
			<trkpt lat="48.98260976" lon="2.33138802">
				<ele>88.5</ele>
				<time>2025-12-05T11:02:58Z</time>
				<extensions>
					<ns3:TrackPointExtension>
						<ns3:speed>1.41</ns3:speed>
						<ns3:cad>58.0</ns3:cad>
						<ns3:hr>117</ns3:hr>
					</ns3:TrackPointExtension>
				</extensions>
			</trkpt>
			<trkpt lat="48.98262275" lon="2.33139168">
				<ele>88.6</ele>
				<time>2025-12-05T11:02:59Z</time>
				<extensions>
					<ns3:TrackPointExtension>
						<ns3:speed>1.42</ns3:speed>
						<ns3:cad>58.0</ns3:cad>
						<ns3:hr>118</ns3:hr>
					</ns3:TrackPointExtension>
				</extensions>
			</trkpt>
			<trkpt lat="48.98263675" lon="2.33139434">
				<ele>88.71</ele>
				<time>2025-12-05T11:03:00Z</time>
				<extensions>
					<ns3:TrackPointExtension>
						<ns3:speed>1.43</ns3:speed>
						<ns3:cad>58.0</ns3:cad>
						<ns3:hr>118</ns3:hr>
					</ns3:TrackPointExtension>
				</extensions>
			</trkpt>
			<trkpt lat="48.98264975" lon="2.33139933">
				<ele>88.85</ele>
				<time>2025-12-05T11:03:01Z</time>
				<extensions>
					<ns3:TrackPointExtension>
						<ns3:speed>1.43</ns3:speed>
						<ns3:cad>58.0</ns3:cad>
						<ns3:hr>118</ns3:hr>
					</ns3:TrackPointExtension>
				</extensions>
			</trkpt>
			<trkpt lat="48.98266208" lon="2.33140433">
				<ele>88.97</ele>
				<time>2025-12-05T11:03:02Z</time>
				<extensions>
					<ns3:TrackPointExtension>
						<ns3:speed>1.43</ns3:speed>
						<ns3:cad>58.0</ns3:cad>
						<ns3:hr>118</ns3:hr>
					</ns3:TrackPointExtension>
				</extensions>
			</trkpt>
			<trkpt lat="48.98267407" lon="2.33140766">
				<ele>89.09</ele>
				<time>2025-12-05T11:03:03Z</time>
				<extensions>
					<ns3:TrackPointExtension>
						<ns3:speed>1.44</ns3:speed>
						<ns3:cad>58.0</ns3:cad>
						<ns3:hr>118</ns3:hr>
					</ns3:TrackPointExtension>
				</extensions>
			</trkpt>
			<trkpt lat="48.98268607" lon="2.33140799">
				<ele>89.21</ele>
				<time>2025-12-05T11:03:04Z</time>
				<extensions>
					<ns3:TrackPointExtension>
						<ns3:speed>1.44</ns3:speed>
						<ns3:cad>58.0</ns3:cad>
						<ns3:hr>117</ns3:hr>
					</ns3:TrackPointExtension>
				</extensions>
			</trkpt>
			<trkpt lat="48.98269806" lon="2.331407">
				<ele>89.33</ele>
				<time>2025-12-05T11:03:05Z</time>
				<extensions>
					<ns3:TrackPointExtension>
						<ns3:speed>1.44</ns3:speed>
						<ns3:cad>58.0</ns3:cad>
						<ns3:hr>117</ns3:hr>
					</ns3:TrackPointExtension>
				</extensions>
			</trkpt>
			<trkpt lat="48.98271039" lon="2.33140833">
				<ele>89.45</ele>
				<time>2025-12-05T11:03:06Z</time>
				<extensions>
					<ns3:TrackPointExtension>
						<ns3:speed>1.44</ns3:speed>
						<ns3:cad>57.0</ns3:cad>
						<ns3:hr>117</ns3:hr>
					</ns3:TrackPointExtension>
				</extensions>
			</trkpt>
			<trkpt lat="48.98272405" lon="2.33141366">
				<ele>89.56</ele>
				<time>2025-12-05T11:03:07Z</time>
				<extensions>
					<ns3:TrackPointExtension>
						<ns3:speed>1.44</ns3:speed>
						<ns3:cad>57.0</ns3:cad>
						<ns3:hr>118</ns3:hr>
					</ns3:TrackPointExtension>
				</extensions>
			</trkpt>
			<trkpt lat="48.98273604" lon="2.33142232">
				<ele>89.68</ele>
				<time>2025-12-05T11:03:08Z</time>
				<extensions>
					<ns3:TrackPointExtension>
						<ns3:speed>1.44</ns3:speed>
						<ns3:cad>57.0</ns3:cad>
						<ns3:hr>118</ns3:hr>
					</ns3:TrackPointExtension>
				</extensions>
			</trkpt>
			<trkpt lat="48.98274504" lon="2.33143365">
				<ele>89.78</ele>
				<time>2025-12-05T11:03:09Z</time>
				<extensions>
					<ns3:TrackPointExtension>
						<ns3:speed>1.44</ns3:speed>
						<ns3:cad>57.0</ns3:cad>
						<ns3:hr>118</ns3:hr>
					</ns3:TrackPointExtension>
				</extensions>
			</trkpt>
			<trkpt lat="48.98275003" lon="2.33144698">
				<ele>89.86</ele>
				<time>2025-12-05T11:03:10Z</time>
				<extensions>
					<ns3:TrackPointExtension>
						<ns3:speed>1.45</ns3:speed>
						<ns3:cad>57.0</ns3:cad>
						<ns3:hr>118</ns3:hr>
					</ns3:TrackPointExtension>
				</extensions>
			</trkpt>
			<trkpt lat="48.98275169" lon="2.33146298">
				<ele>89.93</ele>
				<time>2025-12-05T11:03:11Z</time>
				<extensions>
					<ns3:TrackPointExtension>
						<ns3:speed>1.45</ns3:speed>
						<ns3:cad>57.0</ns3:cad>
						<ns3:hr>117</ns3:hr>
					</ns3:TrackPointExtension>
				</extensions>
			</trkpt>
			<trkpt lat="48.98275335" lon="2.33148131">
				<ele>89.99</ele>
				<time>2025-12-05T11:03:12Z</time>
				<extensions>
					<ns3:TrackPointExtension>
						<ns3:speed>1.45</ns3:speed>
						<ns3:cad>57.0</ns3:cad>
						<ns3:hr>117</ns3:hr>
					</ns3:TrackPointExtension>
				</extensions>
			</trkpt>
			<trkpt lat="48.98275434" lon="2.33150097">
				<ele>90.02</ele>
				<time>2025-12-05T11:03:13Z</time>
				<extensions>
					<ns3:TrackPointExtension>
						<ns3:speed>1.45</ns3:speed>
						<ns3:cad>57.0</ns3:cad>
						<ns3:hr>117</ns3:hr>
					</ns3:TrackPointExtension>
				</extensions>
			</trkpt>
			<trkpt lat="48.982755" lon="2.33152196">
				<ele>90.04</ele>
				<time>2025-12-05T11:03:14Z</time>
				<extensions>
					<ns3:TrackPointExtension>
						<ns3:speed>1.45</ns3:speed>
						<ns3:cad>58.0</ns3:cad>
						<ns3:hr>117</ns3:hr>
					</ns3:TrackPointExtension>
				</extensions>
			</trkpt>
			<trkpt lat="48.98275467" lon="2.33154329">
				<ele>90.04</ele>
				<time>2025-12-05T11:03:15Z</time>
				<extensions>
					<ns3:TrackPointExtension>
						<ns3:speed>1.45</ns3:speed>
						<ns3:cad>59.0</ns3:cad>
						<ns3:hr>117</ns3:hr>
					</ns3:TrackPointExtension>
				</extensions>
			</trkpt>
			<trkpt lat="48.98275434" lon="2.33156495">
				<ele>90.02</ele>
				<time>2025-12-05T11:03:16Z</time>
				<extensions>
					<ns3:TrackPointExtension>
						<ns3:speed>1.45</ns3:speed>
						<ns3:cad>59.0</ns3:cad>
						<ns3:hr>117</ns3:hr>
					</ns3:TrackPointExtension>
				</extensions>
			</trkpt>
			<trkpt lat="48.98275368" lon="2.33158628">
				<ele>90.0</ele>
				<time>2025-12-05T11:03:17Z</time>
				<extensions>
					<ns3:TrackPointExtension>
						<ns3:speed>1.46</ns3:speed>
						<ns3:cad>60.0</ns3:cad>
						<ns3:hr>118</ns3:hr>
					</ns3:TrackPointExtension>
				</extensions>
			</trkpt>
			<trkpt lat="48.98275202" lon="2.33160861">
				<ele>89.97</ele>
				<time>2025-12-05T11:03:18Z</time>
				<extensions>
					<ns3:TrackPointExtension>
						<ns3:speed>1.46</ns3:speed>
						<ns3:cad>60.0</ns3:cad>
						<ns3:hr>118</ns3:hr>
					</ns3:TrackPointExtension>
				</extensions>
			</trkpt>
			<trkpt lat="48.98274936" lon="2.33162994">
				<ele>89.94</ele>
				<time>2025-12-05T11:03:19Z</time>
				<extensions>
					<ns3:TrackPointExtension>
						<ns3:speed>1.47</ns3:speed>
						<ns3:cad>60.0</ns3:cad>
						<ns3:hr>119</ns3:hr>
					</ns3:TrackPointExtension>
				</extensions>
			</trkpt>
			<trkpt lat="48.98274603" lon="2.33165194">
				<ele>89.9</ele>
				<time>2025-12-05T11:03:20Z</time>
				<extensions>
					<ns3:TrackPointExtension>
						<ns3:speed>1.47</ns3:speed>
						<ns3:cad>60.0</ns3:cad>
						<ns3:hr>119</ns3:hr>
					</ns3:TrackPointExtension>
				</extensions>
			</trkpt>
			<trkpt lat="48.98274403" lon="2.3316746">
				<ele>89.86</ele>
				<time>2025-12-05T11:03:21Z</time>
				<extensions>
					<ns3:TrackPointExtension>
						<ns3:speed>1.47</ns3:speed>
						<ns3:cad>60.0</ns3:cad>
						<ns3:hr>119</ns3:hr>
					</ns3:TrackPointExtension>
				</extensions>
			</trkpt>
			<trkpt lat="48.9827427" lon="2.33169826">
				<ele>89.81</ele>
				<time>2025-12-05T11:03:22Z</time>
				<extensions>
					<ns3:TrackPointExtension>
						<ns3:speed>1.48</ns3:speed>
						<ns3:cad>60.0</ns3:cad>
						<ns3:hr>118</ns3:hr>
					</ns3:TrackPointExtension>
				</extensions>
			</trkpt>
			<trkpt lat="48.9827427" lon="2.33172159">
				<ele>89.75</ele>
				<time>2025-12-05T11:03:23Z</time>
				<extensions>
					<ns3:TrackPointExtension>
						<ns3:speed>1.48</ns3:speed>
						<ns3:cad>60.0</ns3:cad>
						<ns3:hr>118</ns3:hr>
					</ns3:TrackPointExtension>
				</extensions>
			</trkpt>
			<trkpt lat="48.98274204" lon="2.33174525">
				<ele>89.75</ele>
				<time>2025-12-05T11:03:24Z</time>
				<extensions>
					<ns3:TrackPointExtension>
						<ns3:speed>1.49</ns3:speed>
						<ns3:cad>60.0</ns3:cad>
						<ns3:hr>118</ns3:hr>
					</ns3:TrackPointExtension>
				</extensions>
			</trkpt>
			<trkpt lat="48.98274004" lon="2.33176858">
				<ele>89.63</ele>
				<time>2025-12-05T11:03:25Z</time>
				<extensions>
					<ns3:TrackPointExtension>
						<ns3:speed>1.49</ns3:speed>
						<ns3:cad>60.0</ns3:cad>
						<ns3:hr>117</ns3:hr>
					</ns3:TrackPointExtension>
				</extensions>
			</trkpt>
			<trkpt lat="48.98273838" lon="2.33179257">
				<ele>89.58</ele>
				<time>2025-12-05T11:03:26Z</time>
				<extensions>
					<ns3:TrackPointExtension>
						<ns3:speed>1.5</ns3:speed>
						<ns3:cad>61.0</ns3:cad>
						<ns3:hr>117</ns3:hr>
					</ns3:TrackPointExtension>
				</extensions>
			</trkpt>
			<trkpt lat="48.98273605" lon="2.3318169">
				<ele>89.51</ele>
				<time>2025-12-05T11:03:27Z</time>
				<extensions>
					<ns3:TrackPointExtension>
						<ns3:speed>1.51</ns3:speed>
						<ns3:cad>61.0</ns3:cad>
						<ns3:hr>117</ns3:hr>
					</ns3:TrackPointExtension>
				</extensions>
			</trkpt>
			<trkpt lat="48.98273406" lon="2.33184089">
				<ele>89.46</ele>
				<time>2025-12-05T11:03:28Z</time>
				<extensions>
					<ns3:TrackPointExtension>
						<ns3:speed>1.51</ns3:speed>
						<ns3:cad>61.0</ns3:cad>
						<ns3:hr>118</ns3:hr>
					</ns3:TrackPointExtension>
				</extensions>
			</trkpt>
			<trkpt lat="48.9827314" lon="2.33186522">
				<ele>89.4</ele>
				<time>2025-12-05T11:03:29Z</time>
				<extensions>
					<ns3:TrackPointExtension>
						<ns3:speed>1.52</ns3:speed>
						<ns3:cad>61.0</ns3:cad>
						<ns3:hr>119</ns3:hr>
					</ns3:TrackPointExtension>
				</extensions>
			</trkpt>
			<trkpt lat="48.98272974" lon="2.33188988">
				<ele>89.34</ele>
				<time>2025-12-05T11:03:30Z</time>
				<extensions>
					<ns3:TrackPointExtension>
						<ns3:speed>1.52</ns3:speed>
						<ns3:cad>61.0</ns3:cad>
						<ns3:hr>119</ns3:hr>
					</ns3:TrackPointExtension>
				</extensions>
			</trkpt>
			<trkpt lat="48.98272841" lon="2.33191421">
				<ele>89.27</ele>
				<time>2025-12-05T11:03:31Z</time>
				<extensions>
					<ns3:TrackPointExtension>
						<ns3:speed>1.53</ns3:speed>
						<ns3:cad>61.0</ns3:cad>
						<ns3:hr>121</ns3:hr>
					</ns3:TrackPointExtension>
				</extensions>
			</trkpt>
			<trkpt lat="48.98272675" lon="2.33193854">
				<ele>89.22</ele>
				<time>2025-12-05T11:03:32Z</time>
				<extensions>
					<ns3:TrackPointExtension>
						<ns3:speed>1.55</ns3:speed>
						<ns3:cad>61.0</ns3:cad>
						<ns3:hr>121</ns3:hr>
					</ns3:TrackPointExtension>
				</extensions>
			</trkpt>
			<trkpt lat="48.98272509" lon="2.33196254">
				<ele>89.17</ele>
				<time>2025-12-05T11:03:33Z</time>
				<extensions>
					<ns3:TrackPointExtension>
						<ns3:speed>1.55</ns3:speed>
						<ns3:cad>61.0</ns3:cad>
						<ns3:hr>121</ns3:hr>
					</ns3:TrackPointExtension>
				</extensions>
			</trkpt>
			<trkpt lat="48.98272409" lon="2.33198653">
				<ele>89.1</ele>
				<time>2025-12-05T11:03:34Z</time>
				<extensions>
					<ns3:TrackPointExtension>
						<ns3:speed>1.56</ns3:speed>
						<ns3:cad>61.0</ns3:cad>
						<ns3:hr>122</ns3:hr>
					</ns3:TrackPointExtension>
				</extensions>
			</trkpt>
			<trkpt lat="48.98272276" lon="2.33201053">
				<ele>89.03</ele>
				<time>2025-12-05T11:03:35Z</time>
				<extensions>
					<ns3:TrackPointExtension>
						<ns3:speed>1.56</ns3:speed>
						<ns3:cad>61.0</ns3:cad>
						<ns3:hr>121</ns3:hr>
					</ns3:TrackPointExtension>
				</extensions>
			</trkpt>
			<trkpt lat="48.98272143" lon="2.33203519">
				<ele>88.96</ele>
				<time>2025-12-05T11:03:36Z</time>
				<extensions>
					<ns3:TrackPointExtension>
						<ns3:speed>1.57</ns3:speed>
						<ns3:cad>61.0</ns3:cad>
						<ns3:hr>120</ns3:hr>
					</ns3:TrackPointExtension>
				</extensions>
			</trkpt>
			<trkpt lat="48.98271977" lon="2.33205918">
				<ele>88.9</ele>
				<time>2025-12-05T11:03:37Z</time>
				<extensions>
					<ns3:TrackPointExtension>
						<ns3:speed>1.57</ns3:speed>
						<ns3:cad>61.0</ns3:cad>
						<ns3:hr>120</ns3:hr>
					</ns3:TrackPointExtension>
				</extensions>
			</trkpt>
			<trkpt lat="48.98271844" lon="2.33208351">
				<ele>88.85</ele>
				<time>2025-12-05T11:03:38Z</time>
				<extensions>
					<ns3:TrackPointExtension>
						<ns3:speed>1.58</ns3:speed>
						<ns3:cad>61.0</ns3:cad>
						<ns3:hr>120</ns3:hr>
					</ns3:TrackPointExtension>
				</extensions>
			</trkpt>
			<trkpt lat="48.98271678" lon="2.33210817">
				<ele>88.79</ele>
				<time>2025-12-05T11:03:39Z</time>
				<extensions>
					<ns3:TrackPointExtension>
						<ns3:speed>1.59</ns3:speed>
						<ns3:cad>61.0</ns3:cad>
						<ns3:hr>120</ns3:hr>
					</ns3:TrackPointExtension>
				</extensions>
			</trkpt>
			<trkpt lat="48.98271512" lon="2.3321325">
				<ele>88.75</ele>
				<time>2025-12-05T11:03:40Z</time>
				<extensions>
					<ns3:TrackPointExtension>
						<ns3:speed>1.59</ns3:speed>
						<ns3:cad>62.0</ns3:cad>
						<ns3:hr>121</ns3:hr>
					</ns3:TrackPointExtension>
				</extensions>
			</trkpt>
			<trkpt lat="48.98271346" lon="2.33215683">
				<ele>88.69</ele>
				<time>2025-12-05T11:03:41Z</time>
				<extensions>
					<ns3:TrackPointExtension>
						<ns3:speed>1.6</ns3:speed>
						<ns3:cad>62.0</ns3:cad>
						<ns3:hr>121</ns3:hr>
					</ns3:TrackPointExtension>
				</extensions>
			</trkpt>
			<trkpt lat="48.98271313" lon="2.33218149">
				<ele>88.69</ele>
				<time>2025-12-05T11:03:42Z</time>
				<extensions>
					<ns3:TrackPointExtension>
						<ns3:speed>1.6</ns3:speed>
						<ns3:cad>62.0</ns3:cad>
						<ns3:hr>121</ns3:hr>
					</ns3:TrackPointExtension>
				</extensions>
			</trkpt>
			<trkpt lat="48.98271147" lon="2.33220548">
				<ele>88.62</ele>
				<time>2025-12-05T11:03:43Z</time>
				<extensions>
					<ns3:TrackPointExtension>
						<ns3:speed>1.6</ns3:speed>
						<ns3:cad>61.0</ns3:cad>
						<ns3:hr>121</ns3:hr>
					</ns3:TrackPointExtension>
				</extensions>
			</trkpt>
			<trkpt lat="48.98271081" lon="2.33222948">
				<ele>88.55</ele>
				<time>2025-12-05T11:03:44Z</time>
				<extensions>
					<ns3:TrackPointExtension>
						<ns3:speed>1.61</ns3:speed>
						<ns3:cad>61.0</ns3:cad>
						<ns3:hr>122</ns3:hr>
					</ns3:TrackPointExtension>
				</extensions>
			</trkpt>
			<trkpt lat="48.98270815" lon="2.33225347">
				<ele>88.47</ele>
				<time>2025-12-05T11:03:45Z</time>
				<extensions>
					<ns3:TrackPointExtension>
						<ns3:speed>1.61</ns3:speed>
						<ns3:cad>61.0</ns3:cad>
						<ns3:hr>122</ns3:hr>
					</ns3:TrackPointExtension>
				</extensions>
			</trkpt>
			<trkpt lat="48.98270649" lon="2.33227947">
				<ele>88.47</ele>
				<time>2025-12-05T11:03:46Z</time>
				<extensions>
					<ns3:TrackPointExtension>
						<ns3:speed>1.62</ns3:speed>
						<ns3:cad>61.0</ns3:cad>
						<ns3:hr>121</ns3:hr>
					</ns3:TrackPointExtension>
				</extensions>
			</trkpt>
			<trkpt lat="48.98270516" lon="2.33230513">
				<ele>88.26</ele>
				<time>2025-12-05T11:03:47Z</time>
				<extensions>
					<ns3:TrackPointExtension>
						<ns3:speed>1.62</ns3:speed>
						<ns3:cad>61.0</ns3:cad>
						<ns3:hr>120</ns3:hr>
					</ns3:TrackPointExtension>
				</extensions>
			</trkpt>
			<trkpt lat="48.98270516" lon="2.33232979">
				<ele>88.15</ele>
				<time>2025-12-05T11:03:48Z</time>
				<extensions>
					<ns3:TrackPointExtension>
						<ns3:speed>1.63</ns3:speed>
						<ns3:cad>61.0</ns3:cad>
						<ns3:hr>119</ns3:hr>
					</ns3:TrackPointExtension>
				</extensions>
			</trkpt>
			<trkpt lat="48.98270483" lon="2.33235379">
				<ele>88.01</ele>
				<time>2025-12-05T11:03:49Z</time>
				<extensions>
					<ns3:TrackPointExtension>
						<ns3:speed>1.63</ns3:speed>
						<ns3:cad>61.0</ns3:cad>
						<ns3:hr>118</ns3:hr>
					</ns3:TrackPointExtension>
				</extensions>
			</trkpt>
			<trkpt lat="48.9827035" lon="2.33237845">
				<ele>87.89</ele>
				<time>2025-12-05T11:03:50Z</time>
				<extensions>
					<ns3:TrackPointExtension>
						<ns3:speed>1.64</ns3:speed>
						<ns3:cad>62.0</ns3:cad>
						<ns3:hr>117</ns3:hr>
					</ns3:TrackPointExtension>
				</extensions>
			</trkpt>
			<trkpt lat="48.9827025" lon="2.33240244">
				<ele>87.77</ele>
				<time>2025-12-05T11:03:51Z</time>
				<extensions>
					<ns3:TrackPointExtension>
						<ns3:speed>1.64</ns3:speed>
						<ns3:cad>62.0</ns3:cad>
						<ns3:hr>117</ns3:hr>
					</ns3:TrackPointExtension>
				</extensions>
			</trkpt>
			<trkpt lat="48.98270117" lon="2.33242644">
				<ele>87.67</ele>
				<time>2025-12-05T11:03:52Z</time>
				<extensions>
					<ns3:TrackPointExtension>
						<ns3:speed>1.65</ns3:speed>
						<ns3:cad>62.0</ns3:cad>
						<ns3:hr>116</ns3:hr>
					</ns3:TrackPointExtension>
				</extensions>
			</trkpt>
			<trkpt lat="48.98269917" lon="2.33244977">
				<ele>87.56</ele>
				<time>2025-12-05T11:03:53Z</time>
				<extensions>
					<ns3:TrackPointExtension>
						<ns3:speed>1.65</ns3:speed>
						<ns3:cad>62.0</ns3:cad>
						<ns3:hr>116</ns3:hr>
					</ns3:TrackPointExtension>
				</extensions>
			</trkpt>
			<trkpt lat="48.98269584" lon="2.33247277">
				<ele>87.56</ele>
				<time>2025-12-05T11:03:54Z</time>
				<extensions>
					<ns3:TrackPointExtension>
						<ns3:speed>1.65</ns3:speed>
						<ns3:cad>62.0</ns3:cad>
						<ns3:hr>116</ns3:hr>
					</ns3:TrackPointExtension>
				</extensions>
			</trkpt>
			<trkpt lat="48.98269185" lon="2.33249476">
				<ele>87.35</ele>
				<time>2025-12-05T11:03:55Z</time>
				<extensions>
					<ns3:TrackPointExtension>
						<ns3:speed>1.66</ns3:speed>
						<ns3:cad>62.0</ns3:cad>
						<ns3:hr>116</ns3:hr>
					</ns3:TrackPointExtension>
				</extensions>
			</trkpt>
			<trkpt lat="48.98268685" lon="2.33251675">
				<ele>87.25</ele>
				<time>2025-12-05T11:03:56Z</time>
				<extensions>
					<ns3:TrackPointExtension>
						<ns3:speed>1.66</ns3:speed>
						<ns3:cad>62.0</ns3:cad>
						<ns3:hr>116</ns3:hr>
					</ns3:TrackPointExtension>
				</extensions>
			</trkpt>
			<trkpt lat="48.98268119" lon="2.33253808">
				<ele>87.17</ele>
				<time>2025-12-05T11:03:57Z</time>
				<extensions>
					<ns3:TrackPointExtension>
						<ns3:speed>1.66</ns3:speed>
						<ns3:cad>62.0</ns3:cad>
						<ns3:hr>116</ns3:hr>
					</ns3:TrackPointExtension>
				</extensions>
			</trkpt>
			<trkpt lat="48.9826752" lon="2.33255907">
				<ele>87.09</ele>
				<time>2025-12-05T11:03:58Z</time>
				<extensions>
					<ns3:TrackPointExtension>
						<ns3:speed>1.66</ns3:speed>
						<ns3:cad>62.0</ns3:cad>
						<ns3:hr>117</ns3:hr>
					</ns3:TrackPointExtension>
				</extensions>
			</trkpt>
			<trkpt lat="48.98266887" lon="2.33257873">
				<ele>87.02</ele>
				<time>2025-12-05T11:03:59Z</time>
				<extensions>
					<ns3:TrackPointExtension>
						<ns3:speed>1.66</ns3:speed>
						<ns3:cad>62.0</ns3:cad>
						<ns3:hr>117</ns3:hr>
					</ns3:TrackPointExtension>
				</extensions>
			</trkpt>
			<trkpt lat="48.98266321" lon="2.33259939">
				<ele>86.95</ele>
				<time>2025-12-05T11:04:00Z</time>
				<extensions>
					<ns3:TrackPointExtension>
						<ns3:speed>1.66</ns3:speed>
						<ns3:cad>62.0</ns3:cad>
						<ns3:hr>117</ns3:hr>
					</ns3:TrackPointExtension>
				</extensions>
			</trkpt>
			<trkpt lat="48.98265755" lon="2.33262039">
				<ele>86.87</ele>
				<time>2025-12-05T11:04:01Z</time>
				<extensions>
					<ns3:TrackPointExtension>
						<ns3:speed>1.66</ns3:speed>
						<ns3:cad>62.0</ns3:cad>
						<ns3:hr>116</ns3:hr>
					</ns3:TrackPointExtension>
				</extensions>
			</trkpt>
			<trkpt lat="48.98265289" lon="2.33264272">
				<ele>86.78</ele>
				<time>2025-12-05T11:04:02Z</time>
				<extensions>
					<ns3:TrackPointExtension>
						<ns3:speed>1.66</ns3:speed>
						<ns3:cad>62.0</ns3:cad>
						<ns3:hr>117</ns3:hr>
					</ns3:TrackPointExtension>
				</extensions>
			</trkpt>
			<trkpt lat="48.98264956" lon="2.33266705">
				<ele>86.69</ele>
				<time>2025-12-05T11:04:03Z</time>
				<extensions>
					<ns3:TrackPointExtension>
						<ns3:speed>1.66</ns3:speed>
						<ns3:cad>62.0</ns3:cad>
						<ns3:hr>117</ns3:hr>
					</ns3:TrackPointExtension>
				</extensions>
			</trkpt>
			<trkpt lat="48.98264756" lon="2.33269238">
				<ele>86.62</ele>
				<time>2025-12-05T11:04:04Z</time>
				<extensions>
					<ns3:TrackPointExtension>
						<ns3:speed>1.66</ns3:speed>
						<ns3:cad>61.0</ns3:cad>
						<ns3:hr>116</ns3:hr>
					</ns3:TrackPointExtension>
				</extensions>
			</trkpt>
			<trkpt lat="48.9826449" lon="2.33271737">
				<ele>86.56</ele>
				<time>2025-12-05T11:04:05Z</time>
				<extensions>
					<ns3:TrackPointExtension>
						<ns3:speed>1.66</ns3:speed>
						<ns3:cad>61.0</ns3:cad>
						<ns3:hr>115</ns3:hr>
					</ns3:TrackPointExtension>
				</extensions>
			</trkpt>
			<trkpt lat="48.98264324" lon="2.3327437">
				<ele>86.49</ele>
				<time>2025-12-05T11:04:06Z</time>
				<extensions>
					<ns3:TrackPointExtension>
						<ns3:speed>1.66</ns3:speed>
						<ns3:cad>61.0</ns3:cad>
						<ns3:hr>115</ns3:hr>
					</ns3:TrackPointExtension>
				</extensions>
			</trkpt>
			<trkpt lat="48.98264125" lon="2.33277103">
				<ele>86.42</ele>
				<time>2025-12-05T11:04:07Z</time>
				<extensions>
					<ns3:TrackPointExtension>
						<ns3:speed>1.66</ns3:speed>
						<ns3:cad>61.0</ns3:cad>
						<ns3:hr>114</ns3:hr>
					</ns3:TrackPointExtension>
				</extensions>
			</trkpt>
			<trkpt lat="48.98263759" lon="2.33279803">
				<ele>86.35</ele>
				<time>2025-12-05T11:04:08Z</time>
				<extensions>
					<ns3:TrackPointExtension>
						<ns3:speed>1.66</ns3:speed>
						<ns3:cad>61.0</ns3:cad>
						<ns3:hr>114</ns3:hr>
					</ns3:TrackPointExtension>
				</extensions>
			</trkpt>
			<trkpt lat="48.9826356" lon="2.33282302">
				<ele>86.27</ele>
				<time>2025-12-05T11:04:09Z</time>
				<extensions>
					<ns3:TrackPointExtension>
						<ns3:speed>1.67</ns3:speed>
						<ns3:cad>61.0</ns3:cad>
						<ns3:hr>114</ns3:hr>
					</ns3:TrackPointExtension>
				</extensions>
			</trkpt>
			<trkpt lat="48.98263427" lon="2.33284435">
				<ele>86.2</ele>
				<time>2025-12-05T11:04:10Z</time>
				<extensions>
					<ns3:TrackPointExtension>
						<ns3:speed>1.67</ns3:speed>
						<ns3:cad>61.0</ns3:cad>
						<ns3:hr>114</ns3:hr>
					</ns3:TrackPointExtension>
				</extensions>
			</trkpt>
			<trkpt lat="48.98263427" lon="2.33286468">
				<ele>86.12</ele>
				<time>2025-12-05T11:04:11Z</time>
				<extensions>
					<ns3:TrackPointExtension>
						<ns3:speed>1.67</ns3:speed>
						<ns3:cad>61.0</ns3:cad>
						<ns3:hr>113</ns3:hr>
					</ns3:TrackPointExtension>
				</extensions>
			</trkpt>
			<trkpt lat="48.98263427" lon="2.33288401">
				<ele>86.04</ele>
				<time>2025-12-05T11:04:12Z</time>
				<extensions>
					<ns3:TrackPointExtension>
						<ns3:speed>1.67</ns3:speed>
						<ns3:cad>61.0</ns3:cad>
						<ns3:hr>112</ns3:hr>
					</ns3:TrackPointExtension>
				</extensions>
			</trkpt>
			<trkpt lat="48.9826356" lon="2.33290134">
				<ele>85.97</ele>
				<time>2025-12-05T11:04:13Z</time>
				<extensions>
					<ns3:TrackPointExtension>
						<ns3:speed>1.66</ns3:speed>
						<ns3:cad>61.0</ns3:cad>
						<ns3:hr>113</ns3:hr>
					</ns3:TrackPointExtension>
				</extensions>
			</trkpt>
			<trkpt lat="48.98263793" lon="2.332916">
				<ele>85.9</ele>
				<time>2025-12-05T11:04:14Z</time>
				<extensions>
					<ns3:TrackPointExtension>
						<ns3:speed>1.66</ns3:speed>
						<ns3:cad>61.0</ns3:cad>
						<ns3:hr>113</ns3:hr>
					</ns3:TrackPointExtension>
				</extensions>
			</trkpt>
			<trkpt lat="48.98263859" lon="2.33293299">
				<ele>85.83</ele>
				<time>2025-12-05T11:04:15Z</time>
				<extensions>
					<ns3:TrackPointExtension>
						<ns3:speed>1.65</ns3:speed>
						<ns3:cad>61.0</ns3:cad>
						<ns3:hr>113</ns3:hr>
					</ns3:TrackPointExtension>
				</extensions>
			</trkpt>
			<trkpt lat="48.98263958" lon="2.33295165">
				<ele>85.76</ele>
				<time>2025-12-05T11:04:16Z</time>
				<extensions>
					<ns3:TrackPointExtension>
						<ns3:speed>1.64</ns3:speed>
						<ns3:cad>61.0</ns3:cad>
						<ns3:hr>113</ns3:hr>
					</ns3:TrackPointExtension>
				</extensions>
			</trkpt>
			<trkpt lat="48.98264158" lon="2.33297231">
				<ele>85.7</ele>
				<time>2025-12-05T11:04:17Z</time>
				<extensions>
					<ns3:TrackPointExtension>
						<ns3:speed>1.63</ns3:speed>
						<ns3:cad>61.0</ns3:cad>
						<ns3:hr>113</ns3:hr>
					</ns3:TrackPointExtension>
				</extensions>
			</trkpt>
			<trkpt lat="48.98264658" lon="2.33299497">
				<ele>85.65</ele>
				<time>2025-12-05T11:04:18Z</time>
				<extensions>
					<ns3:TrackPointExtension>
						<ns3:speed>1.63</ns3:speed>
						<ns3:cad>61.0</ns3:cad>
						<ns3:hr>112</ns3:hr>
					</ns3:TrackPointExtension>
				</extensions>
			</trkpt>
			<trkpt lat="48.98264991" lon="2.33301496">
				<ele>85.61</ele>
				<time>2025-12-05T11:04:19Z</time>
				<extensions>
					<ns3:TrackPointExtension>
						<ns3:speed>1.63</ns3:speed>
						<ns3:cad>61.0</ns3:cad>
						<ns3:hr>112</ns3:hr>
					</ns3:TrackPointExtension>
				</extensions>
			</trkpt>
			<trkpt lat="48.98265357" lon="2.33303562">
				<ele>85.58</ele>
				<time>2025-12-05T11:04:20Z</time>
				<extensions>
					<ns3:TrackPointExtension>
						<ns3:speed>1.63</ns3:speed>
						<ns3:cad>61.0</ns3:cad>
						<ns3:hr>112</ns3:hr>
					</ns3:TrackPointExtension>
				</extensions>
			</trkpt>
			<trkpt lat="48.98265656" lon="2.33305828">
				<ele>85.58</ele>
				<time>2025-12-05T11:04:21Z</time>
				<extensions>
					<ns3:TrackPointExtension>
						<ns3:speed>1.63</ns3:speed>
						<ns3:cad>61.0</ns3:cad>
						<ns3:hr>112</ns3:hr>
					</ns3:TrackPointExtension>
				</extensions>
			</trkpt>
			<trkpt lat="48.98265889" lon="2.33308027">
				<ele>85.55</ele>
				<time>2025-12-05T11:04:22Z</time>
				<extensions>
					<ns3:TrackPointExtension>
						<ns3:speed>1.63</ns3:speed>
						<ns3:cad>61.0</ns3:cad>
						<ns3:hr>112</ns3:hr>
					</ns3:TrackPointExtension>
				</extensions>
			</trkpt>
			<trkpt lat="48.98266089" lon="2.33310293">
				<ele>85.52</ele>
				<time>2025-12-05T11:04:23Z</time>
				<extensions>
					<ns3:TrackPointExtension>
						<ns3:speed>1.62</ns3:speed>
						<ns3:cad>60.0</ns3:cad>
						<ns3:hr>113</ns3:hr>
					</ns3:TrackPointExtension>
				</extensions>
			</trkpt>
			<trkpt lat="48.98266955" lon="2.33312759">
				<ele>85.52</ele>
				<time>2025-12-05T11:04:24Z</time>
				<extensions>
					<ns3:TrackPointExtension>
						<ns3:speed>1.62</ns3:speed>
						<ns3:cad>60.0</ns3:cad>
						<ns3:hr>113</ns3:hr>
					</ns3:TrackPointExtension>
				</extensions>
			</trkpt>
			<trkpt lat="48.98267421" lon="2.33314992">
				<ele>85.49</ele>
				<time>2025-12-05T11:04:25Z</time>
				<extensions>
					<ns3:TrackPointExtension>
						<ns3:speed>1.62</ns3:speed>
						<ns3:cad>61.0</ns3:cad>
						<ns3:hr>113</ns3:hr>
					</ns3:TrackPointExtension>
				</extensions>
			</trkpt>
			<trkpt lat="48.98266888" lon="2.33317325">
				<ele>85.46</ele>
				<time>2025-12-05T11:04:26Z</time>
				<extensions>
					<ns3:TrackPointExtension>
						<ns3:speed>1.62</ns3:speed>
						<ns3:cad>61.0</ns3:cad>
						<ns3:hr>113</ns3:hr>
					</ns3:TrackPointExtension>
				</extensions>
			</trkpt>
			<trkpt lat="48.98266422" lon="2.33319858">
				<ele>85.45</ele>
				<time>2025-12-05T11:04:27Z</time>
				<extensions>
					<ns3:TrackPointExtension>
						<ns3:speed>1.62</ns3:speed>
						<ns3:cad>61.0</ns3:cad>
						<ns3:hr>111</ns3:hr>
					</ns3:TrackPointExtension>
				</extensions>
			</trkpt>
			<trkpt lat="48.98266089" lon="2.33322457">
				<ele>85.44</ele>
				<time>2025-12-05T11:04:28Z</time>
				<extensions>
					<ns3:TrackPointExtension>
						<ns3:speed>1.62</ns3:speed>
						<ns3:cad>61.0</ns3:cad>
						<ns3:hr>111</ns3:hr>
					</ns3:TrackPointExtension>
				</extensions>
			</trkpt>
			<trkpt lat="48.98265889" lon="2.3332529">
				<ele>85.42</ele>
				<time>2025-12-05T11:04:29Z</time>
				<extensions>
					<ns3:TrackPointExtension>
						<ns3:speed>1.62</ns3:speed>
						<ns3:cad>60.0</ns3:cad>
						<ns3:hr>111</ns3:hr>
					</ns3:TrackPointExtension>
				</extensions>
			</trkpt>
			<trkpt lat="48.98265656" lon="2.33328156">
				<ele>85.41</ele>
				<time>2025-12-05T11:04:30Z</time>
				<extensions>
					<ns3:TrackPointExtension>
						<ns3:speed>1.63</ns3:speed>
						<ns3:cad>60.0</ns3:cad>
						<ns3:hr>111</ns3:hr>
					</ns3:TrackPointExtension>
				</extensions>
			</trkpt>
			<trkpt lat="48.9826549" lon="2.33330955">
				<ele>85.39</ele>
				<time>2025-12-05T11:04:31Z</time>
				<extensions>
					<ns3:TrackPointExtension>
						<ns3:speed>1.63</ns3:speed>
						<ns3:cad>60.0</ns3:cad>
						<ns3:hr>111</ns3:hr>
					</ns3:TrackPointExtension>
				</extensions>
			</trkpt>
			<trkpt lat="48.98265424" lon="2.33333621">
				<ele>85.36</ele>
				<time>2025-12-05T11:04:32Z</time>
				<extensions>
					<ns3:TrackPointExtension>
						<ns3:speed>1.64</ns3:speed>
						<ns3:cad>60.0</ns3:cad>
						<ns3:hr>111</ns3:hr>
					</ns3:TrackPointExtension>
				</extensions>
			</trkpt>
			<trkpt lat="48.98265424" lon="2.33336221">
				<ele>85.33</ele>
				<time>2025-12-05T11:04:33Z</time>
				<extensions>
					<ns3:TrackPointExtension>
						<ns3:speed>1.65</ns3:speed>
						<ns3:cad>60.0</ns3:cad>
						<ns3:hr>111</ns3:hr>
					</ns3:TrackPointExtension>
				</extensions>
			</trkpt>
			<trkpt lat="48.98265424" lon="2.33338687">
				<ele>85.3</ele>
				<time>2025-12-05T11:04:34Z</time>
				<extensions>
					<ns3:TrackPointExtension>
						<ns3:speed>1.65</ns3:speed>
						<ns3:cad>60.0</ns3:cad>
						<ns3:hr>112</ns3:hr>
					</ns3:TrackPointExtension>
				</extensions>
			</trkpt>
			<trkpt lat="48.98265424" lon="2.33341087">
				<ele>85.26</ele>
				<time>2025-12-05T11:04:35Z</time>
				<extensions>
					<ns3:TrackPointExtension>
						<ns3:speed>1.66</ns3:speed>
						<ns3:cad>61.0</ns3:cad>
						<ns3:hr>112</ns3:hr>
					</ns3:TrackPointExtension>
				</extensions>
			</trkpt>
			<trkpt lat="48.9826549" lon="2.33343387">
				<ele>85.23</ele>
				<time>2025-12-05T11:04:36Z</time>
				<extensions>
					<ns3:TrackPointExtension>
						<ns3:speed>1.66</ns3:speed>
						<ns3:cad>61.0</ns3:cad>
						<ns3:hr>112</ns3:hr>
					</ns3:TrackPointExtension>
				</extensions>
			</trkpt>
			<trkpt lat="48.98265556" lon="2.3334582">
				<ele>85.2</ele>
				<time>2025-12-05T11:04:37Z</time>
				<extensions>
					<ns3:TrackPointExtension>
						<ns3:speed>1.67</ns3:speed>
						<ns3:cad>61.0</ns3:cad>
						<ns3:hr>112</ns3:hr>
					</ns3:TrackPointExtension>
				</extensions>
			</trkpt>
			<trkpt lat="48.98265556" lon="2.33348219">
				<ele>85.17</ele>
				<time>2025-12-05T11:04:38Z</time>
				<extensions>
					<ns3:TrackPointExtension>
						<ns3:speed>1.67</ns3:speed>
						<ns3:cad>61.0</ns3:cad>
						<ns3:hr>111</ns3:hr>
					</ns3:TrackPointExtension>
				</extensions>
			</trkpt>
			<trkpt lat="48.98265523" lon="2.33350652">
				<ele>85.13</ele>
				<time>2025-12-05T11:04:39Z</time>
				<extensions>
					<ns3:TrackPointExtension>
						<ns3:speed>1.67</ns3:speed>
						<ns3:cad>61.0</ns3:cad>
						<ns3:hr>112</ns3:hr>
					</ns3:TrackPointExtension>
				</extensions>
			</trkpt>
			<trkpt lat="48.98265556" lon="2.33353051">
				<ele>85.11</ele>
				<time>2025-12-05T11:04:40Z</time>
				<extensions>
					<ns3:TrackPointExtension>
						<ns3:speed>1.67</ns3:speed>
						<ns3:cad>61.0</ns3:cad>
						<ns3:hr>112</ns3:hr>
					</ns3:TrackPointExtension>
				</extensions>
			</trkpt>
			<trkpt lat="48.98265655" lon="2.33355451">
				<ele>85.08</ele>
				<time>2025-12-05T11:04:41Z</time>
				<extensions>
					<ns3:TrackPointExtension>
						<ns3:speed>1.67</ns3:speed>
						<ns3:cad>61.0</ns3:cad>
						<ns3:hr>113</ns3:hr>
					</ns3:TrackPointExtension>
				</extensions>
			</trkpt>
			<trkpt lat="48.98265754" lon="2.33357784">
				<ele>85.03</ele>
				<time>2025-12-05T11:04:42Z</time>
				<extensions>
					<ns3:TrackPointExtension>
						<ns3:speed>1.67</ns3:speed>
						<ns3:cad>61.0</ns3:cad>
						<ns3:hr>113</ns3:hr>
					</ns3:TrackPointExtension>
				</extensions>
			</trkpt>
			<trkpt lat="48.9826582" lon="2.33360017">
				<ele>85.0</ele>
				<time>2025-12-05T11:04:43Z</time>
				<extensions>
					<ns3:TrackPointExtension>
						<ns3:speed>1.67</ns3:speed>
						<ns3:cad>61.0</ns3:cad>
						<ns3:hr>113</ns3:hr>
					</ns3:TrackPointExtension>
				</extensions>
			</trkpt>
			<trkpt lat="48.9826582" lon="2.33362183">
				<ele>84.96</ele>
				<time>2025-12-05T11:04:44Z</time>
				<extensions>
					<ns3:TrackPointExtension>
						<ns3:speed>1.68</ns3:speed>
						<ns3:cad>61.0</ns3:cad>
						<ns3:hr>112</ns3:hr>
					</ns3:TrackPointExtension>
				</extensions>
			</trkpt>
			<trkpt lat="48.98265787" lon="2.33364382">
				<ele>84.94</ele>
				<time>2025-12-05T11:04:45Z</time>
				<extensions>
					<ns3:TrackPointExtension>
						<ns3:speed>1.67</ns3:speed>
						<ns3:cad>60.0</ns3:cad>
						<ns3:hr>112</ns3:hr>
					</ns3:TrackPointExtension>
				</extensions>
			</trkpt>
			<trkpt lat="48.98265787" lon="2.33366682">
				<ele>84.92</ele>
				<time>2025-12-05T11:04:46Z</time>
				<extensions>
					<ns3:TrackPointExtension>
						<ns3:speed>1.67</ns3:speed>
						<ns3:cad>60.0</ns3:cad>
						<ns3:hr>112</ns3:hr>
					</ns3:TrackPointExtension>
				</extensions>
			</trkpt>
			<trkpt lat="48.98265787" lon="2.33368948">
				<ele>84.9</ele>
				<time>2025-12-05T11:04:47Z</time>
				<extensions>
					<ns3:TrackPointExtension>
						<ns3:speed>1.67</ns3:speed>
						<ns3:cad>60.0</ns3:cad>
						<ns3:hr>112</ns3:hr>
					</ns3:TrackPointExtension>
				</extensions>
			</trkpt>
			<trkpt lat="48.98265787" lon="2.33371114">
				<ele>84.89</ele>
				<time>2025-12-05T11:04:48Z</time>
				<extensions>
					<ns3:TrackPointExtension>
						<ns3:speed>1.67</ns3:speed>
						<ns3:cad>60.0</ns3:cad>
						<ns3:hr>112</ns3:hr>
					</ns3:TrackPointExtension>
				</extensions>
			</trkpt>
			<trkpt lat="48.98265853" lon="2.33373313">
				<ele>84.87</ele>
				<time>2025-12-05T11:04:49Z</time>
				<extensions>
					<ns3:TrackPointExtension>
						<ns3:speed>1.67</ns3:speed>
						<ns3:cad>60.0</ns3:cad>
						<ns3:hr>112</ns3:hr>
					</ns3:TrackPointExtension>
				</extensions>
			</trkpt>
			<trkpt lat="48.98265919" lon="2.33375512">
				<ele>84.86</ele>
				<time>2025-12-05T11:04:50Z</time>
				<extensions>
					<ns3:TrackPointExtension>
						<ns3:speed>1.67</ns3:speed>
						<ns3:cad>60.0</ns3:cad>
						<ns3:hr>111</ns3:hr>
					</ns3:TrackPointExtension>
				</extensions>
			</trkpt>
			<trkpt lat="48.98266119" lon="2.33377778">
				<ele>84.85</ele>
				<time>2025-12-05T11:04:51Z</time>
				<extensions>
					<ns3:TrackPointExtension>
						<ns3:speed>1.66</ns3:speed>
						<ns3:cad>60.0</ns3:cad>
						<ns3:hr>111</ns3:hr>
					</ns3:TrackPointExtension>
				</extensions>
			</trkpt>
			<trkpt lat="48.98266218" lon="2.33380044">
				<ele>84.85</ele>
				<time>2025-12-05T11:04:52Z</time>
				<extensions>
					<ns3:TrackPointExtension>
						<ns3:speed>1.66</ns3:speed>
						<ns3:cad>60.0</ns3:cad>
						<ns3:hr>111</ns3:hr>
					</ns3:TrackPointExtension>
				</extensions>
			</trkpt>
			<trkpt lat="48.98266384" lon="2.33382377">
				<ele>84.84</ele>
				<time>2025-12-05T11:04:53Z</time>
				<extensions>
					<ns3:TrackPointExtension>
						<ns3:speed>1.66</ns3:speed>
						<ns3:cad>60.0</ns3:cad>
						<ns3:hr>112</ns3:hr>
					</ns3:TrackPointExtension>
				</extensions>
			</trkpt>
			<trkpt lat="48.98266483" lon="2.3338461">
				<ele>84.84</ele>
				<time>2025-12-05T11:04:54Z</time>
				<extensions>
					<ns3:TrackPointExtension>
						<ns3:speed>1.66</ns3:speed>
						<ns3:cad>60.0</ns3:cad>
						<ns3:hr>113</ns3:hr>
					</ns3:TrackPointExtension>
				</extensions>
			</trkpt>
			<trkpt lat="48.98266516" lon="2.33386843">
				<ele>84.82</ele>
				<time>2025-12-05T11:04:55Z</time>
				<extensions>
					<ns3:TrackPointExtension>
						<ns3:speed>1.66</ns3:speed>
						<ns3:cad>60.0</ns3:cad>
						<ns3:hr>112</ns3:hr>
					</ns3:TrackPointExtension>
				</extensions>
			</trkpt>
			<trkpt lat="48.98266549" lon="2.33389076">
				<ele>84.79</ele>
				<time>2025-12-05T11:04:56Z</time>
				<extensions>
					<ns3:TrackPointExtension>
						<ns3:speed>1.66</ns3:speed>
						<ns3:cad>60.0</ns3:cad>
						<ns3:hr>112</ns3:hr>
					</ns3:TrackPointExtension>
				</extensions>
			</trkpt>
			<trkpt lat="48.98266649" lon="2.33391375">
				<ele>84.77</ele>
				<time>2025-12-05T11:04:57Z</time>
				<extensions>
					<ns3:TrackPointExtension>
						<ns3:speed>1.66</ns3:speed>
						<ns3:cad>60.0</ns3:cad>
						<ns3:hr>112</ns3:hr>
					</ns3:TrackPointExtension>
				</extensions>
			</trkpt>
			<trkpt lat="48.98266748" lon="2.33393675">
				<ele>84.72</ele>
				<time>2025-12-05T11:04:58Z</time>
				<extensions>
					<ns3:TrackPointExtension>
						<ns3:speed>1.66</ns3:speed>
						<ns3:cad>60.0</ns3:cad>
						<ns3:hr>111</ns3:hr>
					</ns3:TrackPointExtension>
				</extensions>
			</trkpt>
			<trkpt lat="48.98266814" lon="2.33396008">
				<ele>84.68</ele>
				<time>2025-12-05T11:04:59Z</time>
				<extensions>
					<ns3:TrackPointExtension>
						<ns3:speed>1.66</ns3:speed>
						<ns3:cad>60.0</ns3:cad>
						<ns3:hr>111</ns3:hr>
					</ns3:TrackPointExtension>
				</extensions>
			</trkpt>
			<trkpt lat="48.98266781" lon="2.33398407">
				<ele>84.63</ele>
				<time>2025-12-05T11:05:00Z</time>
				<extensions>
					<ns3:TrackPointExtension>
						<ns3:speed>1.66</ns3:speed>
						<ns3:cad>60.0</ns3:cad>
						<ns3:hr>111</ns3:hr>
					</ns3:TrackPointExtension>
				</extensions>
			</trkpt>
			<trkpt lat="48.98266715" lon="2.3340074">
				<ele>84.57</ele>
				<time>2025-12-05T11:05:01Z</time>
				<extensions>
					<ns3:TrackPointExtension>
						<ns3:speed>1.66</ns3:speed>
						<ns3:cad>60.0</ns3:cad>
						<ns3:hr>111</ns3:hr>
					</ns3:TrackPointExtension>
				</extensions>
			</trkpt>
			<trkpt lat="48.98266748" lon="2.33403173">
				<ele>84.5</ele>
				<time>2025-12-05T11:05:02Z</time>
				<extensions>
					<ns3:TrackPointExtension>
						<ns3:speed>1.66</ns3:speed>
						<ns3:cad>61.0</ns3:cad>
						<ns3:hr>112</ns3:hr>
					</ns3:TrackPointExtension>
				</extensions>
			</trkpt>
			<trkpt lat="48.98266615" lon="2.33405539">
				<ele>84.42</ele>
				<time>2025-12-05T11:05:03Z</time>
				<extensions>
					<ns3:TrackPointExtension>
						<ns3:speed>1.66</ns3:speed>
						<ns3:cad>61.0</ns3:cad>
						<ns3:hr>111</ns3:hr>
					</ns3:TrackPointExtension>
				</extensions>
			</trkpt>
			<trkpt lat="48.98266515" lon="2.33407938">
				<ele>84.34</ele>
				<time>2025-12-05T11:05:04Z</time>
				<extensions>
					<ns3:TrackPointExtension>
						<ns3:speed>1.66</ns3:speed>
						<ns3:cad>61.0</ns3:cad>
						<ns3:hr>111</ns3:hr>
					</ns3:TrackPointExtension>
				</extensions>
			</trkpt>
			<trkpt lat="48.98266416" lon="2.33410271">
				<ele>84.34</ele>
				<time>2025-12-05T11:05:05Z</time>
				<extensions>
					<ns3:TrackPointExtension>
						<ns3:speed>1.66</ns3:speed>
						<ns3:cad>61.0</ns3:cad>
						<ns3:hr>111</ns3:hr>
					</ns3:TrackPointExtension>
				</extensions>
			</trkpt>
			<trkpt lat="48.98266416" lon="2.33412704">
				<ele>84.25</ele>
				<time>2025-12-05T11:05:06Z</time>
				<extensions>
					<ns3:TrackPointExtension>
						<ns3:speed>1.66</ns3:speed>
						<ns3:cad>61.0</ns3:cad>
						<ns3:hr>111</ns3:hr>
					</ns3:TrackPointExtension>
				</extensions>
			</trkpt>
			<trkpt lat="48.98266416" lon="2.33415004">
				<ele>84.17</ele>
				<time>2025-12-05T11:05:07Z</time>
				<extensions>
					<ns3:TrackPointExtension>
						<ns3:speed>1.67</ns3:speed>
						<ns3:cad>61.0</ns3:cad>
						<ns3:hr>111</ns3:hr>
					</ns3:TrackPointExtension>
				</extensions>
			</trkpt>
			<trkpt lat="48.98266482" lon="2.33417203">
				<ele>84.09</ele>
				<time>2025-12-05T11:05:08Z</time>
				<extensions>
					<ns3:TrackPointExtension>
						<ns3:speed>1.67</ns3:speed>
						<ns3:cad>61.0</ns3:cad>
						<ns3:hr>112</ns3:hr>
					</ns3:TrackPointExtension>
				</extensions>
			</trkpt>
			<trkpt lat="48.98266648" lon="2.33419369">
				<ele>84.09</ele>
				<time>2025-12-05T11:05:09Z</time>
				<extensions>
					<ns3:TrackPointExtension>
						<ns3:speed>1.67</ns3:speed>
						<ns3:cad>61.0</ns3:cad>
						<ns3:hr>112</ns3:hr>
					</ns3:TrackPointExtension>
				</extensions>
			</trkpt>
			<trkpt lat="48.98266747" lon="2.33421535">
				<ele>83.95</ele>
				<time>2025-12-05T11:05:10Z</time>
				<extensions>
					<ns3:TrackPointExtension>
						<ns3:speed>1.67</ns3:speed>
						<ns3:cad>61.0</ns3:cad>
						<ns3:hr>113</ns3:hr>
					</ns3:TrackPointExtension>
				</extensions>
			</trkpt>
			<trkpt lat="48.98266947" lon="2.33423868">
				<ele>83.9</ele>
				<time>2025-12-05T11:05:11Z</time>
				<extensions>
					<ns3:TrackPointExtension>
						<ns3:speed>1.67</ns3:speed>
						<ns3:cad>61.0</ns3:cad>
						<ns3:hr>113</ns3:hr>
					</ns3:TrackPointExtension>
				</extensions>
			</trkpt>
			<trkpt lat="48.9826728" lon="2.33426101">
				<ele>83.84</ele>
				<time>2025-12-05T11:05:12Z</time>
				<extensions>
					<ns3:TrackPointExtension>
						<ns3:speed>1.66</ns3:speed>
						<ns3:cad>60.0</ns3:cad>
						<ns3:hr>113</ns3:hr>
					</ns3:TrackPointExtension>
				</extensions>
			</trkpt>
			<trkpt lat="48.98267613" lon="2.33428367">
				<ele>83.81</ele>
				<time>2025-12-05T11:05:13Z</time>
				<extensions>
					<ns3:TrackPointExtension>
						<ns3:speed>1.66</ns3:speed>
						<ns3:cad>60.0</ns3:cad>
						<ns3:hr>114</ns3:hr>
					</ns3:TrackPointExtension>
				</extensions>
			</trkpt>
			<trkpt lat="48.98267912" lon="2.33430633">
				<ele>83.78</ele>
				<time>2025-12-05T11:05:14Z</time>
				<extensions>
					<ns3:TrackPointExtension>
						<ns3:speed>1.66</ns3:speed>
						<ns3:cad>60.0</ns3:cad>
						<ns3:hr>114</ns3:hr>
					</ns3:TrackPointExtension>
				</extensions>
			</trkpt>
			<trkpt lat="48.98268312" lon="2.33432899">
				<ele>83.74</ele>
				<time>2025-12-05T11:05:15Z</time>
				<extensions>
					<ns3:TrackPointExtension>
						<ns3:speed>1.66</ns3:speed>
						<ns3:cad>60.0</ns3:cad>
						<ns3:hr>114</ns3:hr>
					</ns3:TrackPointExtension>
				</extensions>
			</trkpt>
			<trkpt lat="48.98268645" lon="2.33435199">
				<ele>83.71</ele>
				<time>2025-12-05T11:05:16Z</time>
				<extensions>
					<ns3:TrackPointExtension>
						<ns3:speed>1.66</ns3:speed>
						<ns3:cad>60.0</ns3:cad>
						<ns3:hr>114</ns3:hr>
					</ns3:TrackPointExtension>
				</extensions>
			</trkpt>
			<trkpt lat="48.98268944" lon="2.33437498">
				<ele>83.68</ele>
				<time>2025-12-05T11:05:17Z</time>
				<extensions>
					<ns3:TrackPointExtension>
						<ns3:speed>1.66</ns3:speed>
						<ns3:cad>60.0</ns3:cad>
						<ns3:hr>114</ns3:hr>
					</ns3:TrackPointExtension>
				</extensions>
			</trkpt>
			<trkpt lat="48.9826931" lon="2.33439831">
				<ele>83.66</ele>
				<time>2025-12-05T11:05:18Z</time>
				<extensions>
					<ns3:TrackPointExtension>
						<ns3:speed>1.67</ns3:speed>
						<ns3:cad>60.0</ns3:cad>
						<ns3:hr>114</ns3:hr>
					</ns3:TrackPointExtension>
				</extensions>
			</trkpt>
			<trkpt lat="48.98269643" lon="2.33442131">
				<ele>83.64</ele>
				<time>2025-12-05T11:05:19Z</time>
				<extensions>
					<ns3:TrackPointExtension>
						<ns3:speed>1.67</ns3:speed>
						<ns3:cad>60.0</ns3:cad>
						<ns3:hr>112</ns3:hr>
					</ns3:TrackPointExtension>
				</extensions>
			</trkpt>
			<trkpt lat="48.98269942" lon="2.33444397">
				<ele>83.63</ele>
				<time>2025-12-05T11:05:20Z</time>
				<extensions>
					<ns3:TrackPointExtension>
						<ns3:speed>1.67</ns3:speed>
						<ns3:cad>60.0</ns3:cad>
						<ns3:hr>113</ns3:hr>
					</ns3:TrackPointExtension>
				</extensions>
			</trkpt>
			<trkpt lat="48.98270275" lon="2.33446696">
				<ele>83.62</ele>
				<time>2025-12-05T11:05:21Z</time>
				<extensions>
					<ns3:TrackPointExtension>
						<ns3:speed>1.67</ns3:speed>
						<ns3:cad>61.0</ns3:cad>
						<ns3:hr>113</ns3:hr>
					</ns3:TrackPointExtension>
				</extensions>
			</trkpt>
			<trkpt lat="48.98270541" lon="2.33449029">
				<ele>83.6</ele>
				<time>2025-12-05T11:05:22Z</time>
				<extensions>
					<ns3:TrackPointExtension>
						<ns3:speed>1.67</ns3:speed>
						<ns3:cad>61.0</ns3:cad>
						<ns3:hr>113</ns3:hr>
					</ns3:TrackPointExtension>
				</extensions>
			</trkpt>
			<trkpt lat="48.9827074" lon="2.33451262">
				<ele>83.59</ele>
				<time>2025-12-05T11:05:23Z</time>
				<extensions>
					<ns3:TrackPointExtension>
						<ns3:speed>1.67</ns3:speed>
						<ns3:cad>61.0</ns3:cad>
						<ns3:hr>113</ns3:hr>
					</ns3:TrackPointExtension>
				</extensions>
			</trkpt>
			<trkpt lat="48.9827094" lon="2.33453562">
				<ele>83.59</ele>
				<time>2025-12-05T11:05:24Z</time>
				<extensions>
					<ns3:TrackPointExtension>
						<ns3:speed>1.67</ns3:speed>
						<ns3:cad>61.0</ns3:cad>
						<ns3:hr>113</ns3:hr>
					</ns3:TrackPointExtension>
				</extensions>
			</trkpt>
			<trkpt lat="48.9827114" lon="2.33455928">
				<ele>83.59</ele>
				<time>2025-12-05T11:05:25Z</time>
				<extensions>
					<ns3:TrackPointExtension>
						<ns3:speed>1.67</ns3:speed>
						<ns3:cad>61.0</ns3:cad>
						<ns3:hr>114</ns3:hr>
					</ns3:TrackPointExtension>
				</extensions>
			</trkpt>
			<trkpt lat="48.98271373" lon="2.33458261">
				<ele>83.58</ele>
				<time>2025-12-05T11:05:26Z</time>
				<extensions>
					<ns3:TrackPointExtension>
						<ns3:speed>1.67</ns3:speed>
						<ns3:cad>61.0</ns3:cad>
						<ns3:hr>114</ns3:hr>
					</ns3:TrackPointExtension>
				</extensions>
			</trkpt>
			<trkpt lat="48.98271606" lon="2.33460627">
				<ele>83.58</ele>
				<time>2025-12-05T11:05:27Z</time>
				<extensions>
					<ns3:TrackPointExtension>
						<ns3:speed>1.67</ns3:speed>
						<ns3:cad>61.0</ns3:cad>
						<ns3:hr>115</ns3:hr>
					</ns3:TrackPointExtension>
				</extensions>
			</trkpt>
			<trkpt lat="48.98271772" lon="2.3346296">
				<ele>83.57</ele>
				<time>2025-12-05T11:05:28Z</time>
				<extensions>
					<ns3:TrackPointExtension>
						<ns3:speed>1.67</ns3:speed>
						<ns3:cad>61.0</ns3:cad>
						<ns3:hr>115</ns3:hr>
					</ns3:TrackPointExtension>
				</extensions>
			</trkpt>
			<trkpt lat="48.98271772" lon="2.33465293">
				<ele>83.57</ele>
				<time>2025-12-05T11:05:29Z</time>
				<extensions>
					<ns3:TrackPointExtension>
						<ns3:speed>1.67</ns3:speed>
						<ns3:cad>61.0</ns3:cad>
						<ns3:hr>115</ns3:hr>
					</ns3:TrackPointExtension>
				</extensions>
			</trkpt>
			<trkpt lat="48.98271772" lon="2.33467559">
				<ele>83.57</ele>
				<time>2025-12-05T11:05:30Z</time>
				<extensions>
					<ns3:TrackPointExtension>
						<ns3:speed>1.67</ns3:speed>
						<ns3:cad>61.0</ns3:cad>
						<ns3:hr>115</ns3:hr>
					</ns3:TrackPointExtension>
				</extensions>
			</trkpt>
			<trkpt lat="48.98271871" lon="2.33469858">
				<ele>83.56</ele>
				<time>2025-12-05T11:05:31Z</time>
				<extensions>
					<ns3:TrackPointExtension>
						<ns3:speed>1.68</ns3:speed>
						<ns3:cad>60.0</ns3:cad>
						<ns3:hr>116</ns3:hr>
					</ns3:TrackPointExtension>
				</extensions>
			</trkpt>
			<trkpt lat="48.9827217" lon="2.33472091">
				<ele>83.56</ele>
				<time>2025-12-05T11:05:32Z</time>
				<extensions>
					<ns3:TrackPointExtension>
						<ns3:speed>1.68</ns3:speed>
						<ns3:cad>60.0</ns3:cad>
						<ns3:hr>116</ns3:hr>
					</ns3:TrackPointExtension>
				</extensions>
			</trkpt>
			<trkpt lat="48.98272469" lon="2.33474324">
				<ele>83.56</ele>
				<time>2025-12-05T11:05:33Z</time>
				<extensions>
					<ns3:TrackPointExtension>
						<ns3:speed>1.68</ns3:speed>
						<ns3:cad>60.0</ns3:cad>
						<ns3:hr>117</ns3:hr>
					</ns3:TrackPointExtension>
				</extensions>
			</trkpt>
			<trkpt lat="48.98272969" lon="2.33476457">
				<ele>83.56</ele>
				<time>2025-12-05T11:05:34Z</time>
				<extensions>
					<ns3:TrackPointExtension>
						<ns3:speed>1.68</ns3:speed>
						<ns3:cad>60.0</ns3:cad>
						<ns3:hr>118</ns3:hr>
					</ns3:TrackPointExtension>
				</extensions>
			</trkpt>
			<trkpt lat="48.98273635" lon="2.3347859">
				<ele>83.56</ele>
				<time>2025-12-05T11:05:35Z</time>
				<extensions>
					<ns3:TrackPointExtension>
						<ns3:speed>1.68</ns3:speed>
						<ns3:cad>60.0</ns3:cad>
						<ns3:hr>119</ns3:hr>
					</ns3:TrackPointExtension>
				</extensions>
			</trkpt>
			<trkpt lat="48.98274201" lon="2.33480756">
				<ele>83.56</ele>
				<time>2025-12-05T11:05:36Z</time>
				<extensions>
					<ns3:TrackPointExtension>
						<ns3:speed>1.68</ns3:speed>
						<ns3:cad>60.0</ns3:cad>
						<ns3:hr>119</ns3:hr>
					</ns3:TrackPointExtension>
				</extensions>
			</trkpt>
			<trkpt lat="48.982748" lon="2.33482822">
				<ele>83.56</ele>
				<time>2025-12-05T11:05:37Z</time>
				<extensions>
					<ns3:TrackPointExtension>
						<ns3:speed>1.68</ns3:speed>
						<ns3:cad>60.0</ns3:cad>
						<ns3:hr>118</ns3:hr>
					</ns3:TrackPointExtension>
				</extensions>
			</trkpt>
			<trkpt lat="48.98275399" lon="2.33484955">
				<ele>83.56</ele>
				<time>2025-12-05T11:05:38Z</time>
				<extensions>
					<ns3:TrackPointExtension>
						<ns3:speed>1.68</ns3:speed>
						<ns3:cad>60.0</ns3:cad>
						<ns3:hr>118</ns3:hr>
					</ns3:TrackPointExtension>
				</extensions>
			</trkpt>
			<trkpt lat="48.98276065" lon="2.33487021">
				<ele>83.56</ele>
				<time>2025-12-05T11:05:39Z</time>
				<extensions>
					<ns3:TrackPointExtension>
						<ns3:speed>1.68</ns3:speed>
						<ns3:cad>60.0</ns3:cad>
						<ns3:hr>117</ns3:hr>
					</ns3:TrackPointExtension>
				</extensions>
			</trkpt>
			<trkpt lat="48.98276664" lon="2.3348892">
				<ele>83.55</ele>
				<time>2025-12-05T11:05:40Z</time>
				<extensions>
					<ns3:TrackPointExtension>
						<ns3:speed>1.68</ns3:speed>
						<ns3:cad>60.0</ns3:cad>
						<ns3:hr>116</ns3:hr>
					</ns3:TrackPointExtension>
				</extensions>
			</trkpt>
			<trkpt lat="48.9827743" lon="2.33490653">
				<ele>83.57</ele>
				<time>2025-12-05T11:05:41Z</time>
				<extensions>
					<ns3:TrackPointExtension>
						<ns3:speed>1.67</ns3:speed>
						<ns3:cad>60.0</ns3:cad>
						<ns3:hr>116</ns3:hr>
					</ns3:TrackPointExtension>
				</extensions>
			</trkpt>
			<trkpt lat="48.98278363" lon="2.33492186">
				<ele>83.58</ele>
				<time>2025-12-05T11:05:42Z</time>
				<extensions>
					<ns3:TrackPointExtension>
						<ns3:speed>1.67</ns3:speed>
						<ns3:cad>60.0</ns3:cad>
						<ns3:hr>116</ns3:hr>
					</ns3:TrackPointExtension>
				</extensions>
			</trkpt>
			<trkpt lat="48.98279529" lon="2.33493419">
				<ele>83.59</ele>
				<time>2025-12-05T11:05:43Z</time>
				<extensions>
					<ns3:TrackPointExtension>
						<ns3:speed>1.67</ns3:speed>
						<ns3:cad>60.0</ns3:cad>
						<ns3:hr>117</ns3:hr>
					</ns3:TrackPointExtension>
				</extensions>
			</trkpt>
			<trkpt lat="48.98280728" lon="2.33494352">
				<ele>83.61</ele>
				<time>2025-12-05T11:05:44Z</time>
				<extensions>
					<ns3:TrackPointExtension>
						<ns3:speed>1.66</ns3:speed>
						<ns3:cad>60.0</ns3:cad>
						<ns3:hr>117</ns3:hr>
					</ns3:TrackPointExtension>
				</extensions>
			</trkpt>
			<trkpt lat="48.98281994" lon="2.33495152">
				<ele>83.63</ele>
				<time>2025-12-05T11:05:45Z</time>
				<extensions>
					<ns3:TrackPointExtension>
						<ns3:speed>1.66</ns3:speed>
						<ns3:cad>60.0</ns3:cad>
						<ns3:hr>117</ns3:hr>
					</ns3:TrackPointExtension>
				</extensions>
			</trkpt>
			<trkpt lat="48.98283227" lon="2.33495552">
				<ele>83.65</ele>
				<time>2025-12-05T11:05:46Z</time>
				<extensions>
					<ns3:TrackPointExtension>
						<ns3:speed>1.66</ns3:speed>
						<ns3:cad>60.0</ns3:cad>
						<ns3:hr>117</ns3:hr>
					</ns3:TrackPointExtension>
				</extensions>
			</trkpt>
			<trkpt lat="48.9828436" lon="2.33495618">
				<ele>83.66</ele>
				<time>2025-12-05T11:05:47Z</time>
				<extensions>
					<ns3:TrackPointExtension>
						<ns3:speed>1.65</ns3:speed>
						<ns3:cad>59.0</ns3:cad>
						<ns3:hr>117</ns3:hr>
					</ns3:TrackPointExtension>
				</extensions>
			</trkpt>
			<trkpt lat="48.98285593" lon="2.33495485">
				<ele>83.67</ele>
				<time>2025-12-05T11:05:48Z</time>
				<extensions>
					<ns3:TrackPointExtension>
						<ns3:speed>1.65</ns3:speed>
						<ns3:cad>59.0</ns3:cad>
						<ns3:hr>117</ns3:hr>
					</ns3:TrackPointExtension>
				</extensions>
			</trkpt>
			<trkpt lat="48.98286993" lon="2.33495618">
				<ele>83.69</ele>
				<time>2025-12-05T11:05:49Z</time>
				<extensions>
					<ns3:TrackPointExtension>
						<ns3:speed>1.64</ns3:speed>
						<ns3:cad>58.0</ns3:cad>
						<ns3:hr>117</ns3:hr>
					</ns3:TrackPointExtension>
				</extensions>
			</trkpt>
			<trkpt lat="48.98288359" lon="2.33495751">
				<ele>83.71</ele>
				<time>2025-12-05T11:05:50Z</time>
				<extensions>
					<ns3:TrackPointExtension>
						<ns3:speed>1.63</ns3:speed>
						<ns3:cad>58.0</ns3:cad>
						<ns3:hr>116</ns3:hr>
					</ns3:TrackPointExtension>
				</extensions>
			</trkpt>
			<trkpt lat="48.98289825" lon="2.33495984">
				<ele>83.73</ele>
				<time>2025-12-05T11:05:51Z</time>
				<extensions>
					<ns3:TrackPointExtension>
						<ns3:speed>1.63</ns3:speed>
						<ns3:cad>57.0</ns3:cad>
						<ns3:hr>116</ns3:hr>
					</ns3:TrackPointExtension>
				</extensions>
			</trkpt>
			<trkpt lat="48.98291324" lon="2.33496117">
				<ele>83.75</ele>
				<time>2025-12-05T11:05:52Z</time>
				<extensions>
					<ns3:TrackPointExtension>
						<ns3:speed>1.62</ns3:speed>
						<ns3:cad>58.0</ns3:cad>
						<ns3:hr>116</ns3:hr>
					</ns3:TrackPointExtension>
				</extensions>
			</trkpt>
			<trkpt lat="48.98292824" lon="2.3349625">
				<ele>83.75</ele>
				<time>2025-12-05T11:05:53Z</time>
				<extensions>
					<ns3:TrackPointExtension>
						<ns3:speed>1.62</ns3:speed>
						<ns3:cad>58.0</ns3:cad>
						<ns3:hr>116</ns3:hr>
					</ns3:TrackPointExtension>
				</extensions>
			</trkpt>
			<trkpt lat="48.9829439" lon="2.33496383">
				<ele>83.79</ele>
				<time>2025-12-05T11:05:54Z</time>
				<extensions>
					<ns3:TrackPointExtension>
						<ns3:speed>1.62</ns3:speed>
						<ns3:cad>58.0</ns3:cad>
						<ns3:hr>115</ns3:hr>
					</ns3:TrackPointExtension>
				</extensions>
			</trkpt>
			<trkpt lat="48.9829599" lon="2.33496549">
				<ele>83.84</ele>
				<time>2025-12-05T11:05:55Z</time>
				<extensions>
					<ns3:TrackPointExtension>
						<ns3:speed>1.62</ns3:speed>
						<ns3:cad>59.0</ns3:cad>
						<ns3:hr>115</ns3:hr>
					</ns3:TrackPointExtension>
				</extensions>
			</trkpt>
			<trkpt lat="48.98297556" lon="2.33496615">
				<ele>83.92</ele>
				<time>2025-12-05T11:05:56Z</time>
				<extensions>
					<ns3:TrackPointExtension>
						<ns3:speed>1.62</ns3:speed>
						<ns3:cad>59.0</ns3:cad>
						<ns3:hr>115</ns3:hr>
					</ns3:TrackPointExtension>
				</extensions>
			</trkpt>
			<trkpt lat="48.98299155" lon="2.33496748">
				<ele>83.92</ele>
				<time>2025-12-05T11:05:57Z</time>
				<extensions>
					<ns3:TrackPointExtension>
						<ns3:speed>1.62</ns3:speed>
						<ns3:cad>59.0</ns3:cad>
						<ns3:hr>114</ns3:hr>
					</ns3:TrackPointExtension>
				</extensions>
			</trkpt>
			<trkpt lat="48.98300721" lon="2.33496914">
				<ele>84.1</ele>
				<time>2025-12-05T11:05:58Z</time>
				<extensions>
					<ns3:TrackPointExtension>
						<ns3:speed>1.62</ns3:speed>
						<ns3:cad>59.0</ns3:cad>
						<ns3:hr>114</ns3:hr>
					</ns3:TrackPointExtension>
				</extensions>
			</trkpt>
			<trkpt lat="48.98302321" lon="2.33497014">
				<ele>84.19</ele>
				<time>2025-12-05T11:05:59Z</time>
				<extensions>
					<ns3:TrackPointExtension>
						<ns3:speed>1.62</ns3:speed>
						<ns3:cad>59.0</ns3:cad>
						<ns3:hr>113</ns3:hr>
					</ns3:TrackPointExtension>
				</extensions>
			</trkpt>
			<trkpt lat="48.98303887" lon="2.33497047">
				<ele>84.27</ele>
				<time>2025-12-05T11:06:00Z</time>
				<extensions>
					<ns3:TrackPointExtension>
						<ns3:speed>1.63</ns3:speed>
						<ns3:cad>59.0</ns3:cad>
						<ns3:hr>112</ns3:hr>
					</ns3:TrackPointExtension>
				</extensions>
			</trkpt>
			<trkpt lat="48.9830542" lon="2.33497014">
				<ele>84.34</ele>
				<time>2025-12-05T11:06:01Z</time>
				<extensions>
					<ns3:TrackPointExtension>
						<ns3:speed>1.63</ns3:speed>
						<ns3:cad>59.0</ns3:cad>
						<ns3:hr>111</ns3:hr>
					</ns3:TrackPointExtension>
				</extensions>
			</trkpt>
			<trkpt lat="48.98306953" lon="2.33497047">
				<ele>84.41</ele>
				<time>2025-12-05T11:06:02Z</time>
				<extensions>
					<ns3:TrackPointExtension>
						<ns3:speed>1.63</ns3:speed>
						<ns3:cad>59.0</ns3:cad>
						<ns3:hr>111</ns3:hr>
					</ns3:TrackPointExtension>
				</extensions>
			</trkpt>
			<trkpt lat="48.98308519" lon="2.3349708">
				<ele>84.48</ele>
				<time>2025-12-05T11:06:03Z</time>
				<extensions>
					<ns3:TrackPointExtension>
						<ns3:speed>1.63</ns3:speed>
						<ns3:cad>59.0</ns3:cad>
						<ns3:hr>111</ns3:hr>
					</ns3:TrackPointExtension>
				</extensions>
			</trkpt>
			<trkpt lat="48.98310085" lon="2.33497113">
				<ele>84.53</ele>
				<time>2025-12-05T11:06:04Z</time>
				<extensions>
					<ns3:TrackPointExtension>
						<ns3:speed>1.63</ns3:speed>
						<ns3:cad>59.0</ns3:cad>
						<ns3:hr>111</ns3:hr>
					</ns3:TrackPointExtension>
				</extensions>
			</trkpt>
			<trkpt lat="48.98311685" lon="2.33497047">
				<ele>84.59</ele>
				<time>2025-12-05T11:06:05Z</time>
				<extensions>
					<ns3:TrackPointExtension>
						<ns3:speed>1.64</ns3:speed>
						<ns3:cad>59.0</ns3:cad>
						<ns3:hr>112</ns3:hr>
					</ns3:TrackPointExtension>
				</extensions>
			</trkpt>
			<trkpt lat="48.98313351" lon="2.33497014">
				<ele>84.65</ele>
				<time>2025-12-05T11:06:06Z</time>
				<extensions>
					<ns3:TrackPointExtension>
						<ns3:speed>1.64</ns3:speed>
						<ns3:cad>59.0</ns3:cad>
						<ns3:hr>112</ns3:hr>
					</ns3:TrackPointExtension>
				</extensions>
			</trkpt>
			<trkpt lat="48.9831505" lon="2.33496914">
				<ele>84.69</ele>
				<time>2025-12-05T11:06:07Z</time>
				<extensions>
					<ns3:TrackPointExtension>
						<ns3:speed>1.64</ns3:speed>
						<ns3:cad>59.0</ns3:cad>
						<ns3:hr>112</ns3:hr>
					</ns3:TrackPointExtension>
				</extensions>
			</trkpt>
			<trkpt lat="48.98316649" lon="2.33496815">
				<ele>84.72</ele>
				<time>2025-12-05T11:06:08Z</time>
				<extensions>
					<ns3:TrackPointExtension>
						<ns3:speed>1.65</ns3:speed>
						<ns3:cad>59.0</ns3:cad>
						<ns3:hr>112</ns3:hr>
					</ns3:TrackPointExtension>
				</extensions>
			</trkpt>
			<trkpt lat="48.98318282" lon="2.33496782">
				<ele>84.76</ele>
				<time>2025-12-05T11:06:09Z</time>
				<extensions>
					<ns3:TrackPointExtension>
						<ns3:speed>1.65</ns3:speed>
						<ns3:cad>59.0</ns3:cad>
						<ns3:hr>112</ns3:hr>
					</ns3:TrackPointExtension>
				</extensions>
			</trkpt>
			<trkpt lat="48.98319715" lon="2.33497048">
				<ele>84.82</ele>
				<time>2025-12-05T11:06:10Z</time>
				<extensions>
					<ns3:TrackPointExtension>
						<ns3:speed>1.65</ns3:speed>
						<ns3:cad>59.0</ns3:cad>
						<ns3:hr>112</ns3:hr>
					</ns3:TrackPointExtension>
				</extensions>
			</trkpt>
			<trkpt lat="48.98321181" lon="2.33497414">
				<ele>84.86</ele>
				<time>2025-12-05T11:06:11Z</time>
				<extensions>
					<ns3:TrackPointExtension>
						<ns3:speed>1.65</ns3:speed>
						<ns3:cad>60.0</ns3:cad>
						<ns3:hr>112</ns3:hr>
					</ns3:TrackPointExtension>
				</extensions>
			</trkpt>
			<trkpt lat="48.98322614" lon="2.3349788">
				<ele>84.89</ele>
				<time>2025-12-05T11:06:12Z</time>
				<extensions>
					<ns3:TrackPointExtension>
						<ns3:speed>1.65</ns3:speed>
						<ns3:cad>60.0</ns3:cad>
						<ns3:hr>112</ns3:hr>
					</ns3:TrackPointExtension>
				</extensions>
			</trkpt>
			<trkpt lat="48.9832398" lon="2.3349838">
				<ele>84.92</ele>
				<time>2025-12-05T11:06:13Z</time>
				<extensions>
					<ns3:TrackPointExtension>
						<ns3:speed>1.66</ns3:speed>
						<ns3:cad>60.0</ns3:cad>
						<ns3:hr>113</ns3:hr>
					</ns3:TrackPointExtension>
				</extensions>
			</trkpt>
			<trkpt lat="48.98325413" lon="2.33498813">
				<ele>84.96</ele>
				<time>2025-12-05T11:06:14Z</time>
				<extensions>
					<ns3:TrackPointExtension>
						<ns3:speed>1.65</ns3:speed>
						<ns3:cad>60.0</ns3:cad>
						<ns3:hr>113</ns3:hr>
					</ns3:TrackPointExtension>
				</extensions>
			</trkpt>
			<trkpt lat="48.98326879" lon="2.33499213">
				<ele>85.0</ele>
				<time>2025-12-05T11:06:15Z</time>
				<extensions>
					<ns3:TrackPointExtension>
						<ns3:speed>1.65</ns3:speed>
						<ns3:cad>60.0</ns3:cad>
						<ns3:hr>113</ns3:hr>
					</ns3:TrackPointExtension>
				</extensions>
			</trkpt>
			<trkpt lat="48.98328345" lon="2.33499446">
				<ele>85.06</ele>
				<time>2025-12-05T11:06:16Z</time>
				<extensions>
					<ns3:TrackPointExtension>
						<ns3:speed>1.65</ns3:speed>
						<ns3:cad>60.0</ns3:cad>
						<ns3:hr>113</ns3:hr>
					</ns3:TrackPointExtension>
				</extensions>
			</trkpt>
			<trkpt lat="48.98329778" lon="2.33499646">
				<ele>85.1</ele>
				<time>2025-12-05T11:06:17Z</time>
				<extensions>
					<ns3:TrackPointExtension>
						<ns3:speed>1.65</ns3:speed>
						<ns3:cad>60.0</ns3:cad>
						<ns3:hr>113</ns3:hr>
					</ns3:TrackPointExtension>
				</extensions>
			</trkpt>
			<trkpt lat="48.98331144" lon="2.33499912">
				<ele>85.14</ele>
				<time>2025-12-05T11:06:18Z</time>
				<extensions>
					<ns3:TrackPointExtension>
						<ns3:speed>1.65</ns3:speed>
						<ns3:cad>60.0</ns3:cad>
						<ns3:hr>114</ns3:hr>
					</ns3:TrackPointExtension>
				</extensions>
			</trkpt>
			<trkpt lat="48.9833251" lon="2.33500111">
				<ele>85.17</ele>
				<time>2025-12-05T11:06:19Z</time>
				<extensions>
					<ns3:TrackPointExtension>
						<ns3:speed>1.65</ns3:speed>
						<ns3:cad>59.0</ns3:cad>
						<ns3:hr>114</ns3:hr>
					</ns3:TrackPointExtension>
				</extensions>
			</trkpt>
			<trkpt lat="48.98334009" lon="2.33500377">
				<ele>85.21</ele>
				<time>2025-12-05T11:06:20Z</time>
				<extensions>
					<ns3:TrackPointExtension>
						<ns3:speed>1.65</ns3:speed>
						<ns3:cad>59.0</ns3:cad>
						<ns3:hr>114</ns3:hr>
					</ns3:TrackPointExtension>
				</extensions>
			</trkpt>
			<trkpt lat="48.98335475" lon="2.33500676">
				<ele>85.24</ele>
				<time>2025-12-05T11:06:21Z</time>
				<extensions>
					<ns3:TrackPointExtension>
						<ns3:speed>1.65</ns3:speed>
						<ns3:cad>59.0</ns3:cad>
						<ns3:hr>114</ns3:hr>
					</ns3:TrackPointExtension>
				</extensions>
			</trkpt>
			<trkpt lat="48.98336908" lon="2.33501042">
				<ele>85.27</ele>
				<time>2025-12-05T11:06:22Z</time>
				<extensions>
					<ns3:TrackPointExtension>
						<ns3:speed>1.65</ns3:speed>
						<ns3:cad>59.0</ns3:cad>
						<ns3:hr>114</ns3:hr>
					</ns3:TrackPointExtension>
				</extensions>
			</trkpt>
			<trkpt lat="48.98338374" lon="2.33501341">
				<ele>85.3</ele>
				<time>2025-12-05T11:06:23Z</time>
				<extensions>
					<ns3:TrackPointExtension>
						<ns3:speed>1.65</ns3:speed>
						<ns3:cad>59.0</ns3:cad>
						<ns3:hr>114</ns3:hr>
					</ns3:TrackPointExtension>
				</extensions>
			</trkpt>
			<trkpt lat="48.98339774" lon="2.33501607">
				<ele>85.35</ele>
				<time>2025-12-05T11:06:24Z</time>
				<extensions>
					<ns3:TrackPointExtension>
						<ns3:speed>1.65</ns3:speed>
						<ns3:cad>59.0</ns3:cad>
						<ns3:hr>114</ns3:hr>
					</ns3:TrackPointExtension>
				</extensions>
			</trkpt>
			<trkpt lat="48.98341207" lon="2.33501807">
				<ele>85.39</ele>
				<time>2025-12-05T11:06:25Z</time>
				<extensions>
					<ns3:TrackPointExtension>
						<ns3:speed>1.65</ns3:speed>
						<ns3:cad>59.0</ns3:cad>
						<ns3:hr>115</ns3:hr>
					</ns3:TrackPointExtension>
				</extensions>
			</trkpt>
			<trkpt lat="48.98342673" lon="2.3350194">
				<ele>85.42</ele>
				<time>2025-12-05T11:06:26Z</time>
				<extensions>
					<ns3:TrackPointExtension>
						<ns3:speed>1.65</ns3:speed>
						<ns3:cad>59.0</ns3:cad>
						<ns3:hr>114</ns3:hr>
					</ns3:TrackPointExtension>
				</extensions>
			</trkpt>
			<trkpt lat="48.98344172" lon="2.3350214">
				<ele>85.46</ele>
				<time>2025-12-05T11:06:27Z</time>
				<extensions>
					<ns3:TrackPointExtension>
						<ns3:speed>1.65</ns3:speed>
						<ns3:cad>59.0</ns3:cad>
						<ns3:hr>114</ns3:hr>
					</ns3:TrackPointExtension>
				</extensions>
			</trkpt>
			<trkpt lat="48.98345705" lon="2.33502473">
				<ele>85.49</ele>
				<time>2025-12-05T11:06:28Z</time>
				<extensions>
					<ns3:TrackPointExtension>
						<ns3:speed>1.64</ns3:speed>
						<ns3:cad>59.0</ns3:cad>
						<ns3:hr>115</ns3:hr>
					</ns3:TrackPointExtension>
				</extensions>
			</trkpt>
			<trkpt lat="48.98347238" lon="2.33502806">
				<ele>85.53</ele>
				<time>2025-12-05T11:06:29Z</time>
				<extensions>
					<ns3:TrackPointExtension>
						<ns3:speed>1.64</ns3:speed>
						<ns3:cad>59.0</ns3:cad>
						<ns3:hr>115</ns3:hr>
					</ns3:TrackPointExtension>
				</extensions>
			</trkpt>
			<trkpt lat="48.98348838" lon="2.33503139">
				<ele>85.57</ele>
				<time>2025-12-05T11:06:30Z</time>
				<extensions>
					<ns3:TrackPointExtension>
						<ns3:speed>1.65</ns3:speed>
						<ns3:cad>59.0</ns3:cad>
						<ns3:hr>114</ns3:hr>
					</ns3:TrackPointExtension>
				</extensions>
			</trkpt>
			<trkpt lat="48.98350337" lon="2.33503338">
				<ele>85.59</ele>
				<time>2025-12-05T11:06:31Z</time>
				<extensions>
					<ns3:TrackPointExtension>
						<ns3:speed>1.65</ns3:speed>
						<ns3:cad>59.0</ns3:cad>
						<ns3:hr>115</ns3:hr>
					</ns3:TrackPointExtension>
				</extensions>
			</trkpt>
			<trkpt lat="48.98351803" lon="2.33503371">
				<ele>85.63</ele>
				<time>2025-12-05T11:06:32Z</time>
				<extensions>
					<ns3:TrackPointExtension>
						<ns3:speed>1.65</ns3:speed>
						<ns3:cad>59.0</ns3:cad>
						<ns3:hr>115</ns3:hr>
					</ns3:TrackPointExtension>
				</extensions>
			</trkpt>
			<trkpt lat="48.98353303" lon="2.33503404">
				<ele>85.67</ele>
				<time>2025-12-05T11:06:33Z</time>
				<extensions>
					<ns3:TrackPointExtension>
						<ns3:speed>1.65</ns3:speed>
						<ns3:cad>59.0</ns3:cad>
						<ns3:hr>115</ns3:hr>
					</ns3:TrackPointExtension>
				</extensions>
			</trkpt>
			<trkpt lat="48.98354736" lon="2.33503503">
				<ele>85.7</ele>
				<time>2025-12-05T11:06:34Z</time>
				<extensions>
					<ns3:TrackPointExtension>
						<ns3:speed>1.65</ns3:speed>
						<ns3:cad>59.0</ns3:cad>
						<ns3:hr>115</ns3:hr>
					</ns3:TrackPointExtension>
				</extensions>
			</trkpt>
			<trkpt lat="48.98356269" lon="2.33503869">
				<ele>85.74</ele>
				<time>2025-12-05T11:06:35Z</time>
				<extensions>
					<ns3:TrackPointExtension>
						<ns3:speed>1.65</ns3:speed>
						<ns3:cad>59.0</ns3:cad>
						<ns3:hr>115</ns3:hr>
					</ns3:TrackPointExtension>
				</extensions>
			</trkpt>
			<trkpt lat="48.98357769" lon="2.33504402">
				<ele>85.77</ele>
				<time>2025-12-05T11:06:36Z</time>
				<extensions>
					<ns3:TrackPointExtension>
						<ns3:speed>1.65</ns3:speed>
						<ns3:cad>59.0</ns3:cad>
						<ns3:hr>115</ns3:hr>
					</ns3:TrackPointExtension>
				</extensions>
			</trkpt>
			<trkpt lat="48.98359302" lon="2.33504968">
				<ele>85.77</ele>
				<time>2025-12-05T11:06:37Z</time>
				<extensions>
					<ns3:TrackPointExtension>
						<ns3:speed>1.65</ns3:speed>
						<ns3:cad>59.0</ns3:cad>
						<ns3:hr>115</ns3:hr>
					</ns3:TrackPointExtension>
				</extensions>
			</trkpt>
			<trkpt lat="48.98360801" lon="2.33505501">
				<ele>85.79</ele>
				<time>2025-12-05T11:06:38Z</time>
				<extensions>
					<ns3:TrackPointExtension>
						<ns3:speed>1.65</ns3:speed>
						<ns3:cad>60.0</ns3:cad>
						<ns3:hr>116</ns3:hr>
					</ns3:TrackPointExtension>
				</extensions>
			</trkpt>
			<trkpt lat="48.98362301" lon="2.33505934">
				<ele>85.83</ele>
				<time>2025-12-05T11:06:39Z</time>
				<extensions>
					<ns3:TrackPointExtension>
						<ns3:speed>1.65</ns3:speed>
						<ns3:cad>60.0</ns3:cad>
						<ns3:hr>116</ns3:hr>
					</ns3:TrackPointExtension>
				</extensions>
			</trkpt>
			<trkpt lat="48.983638" lon="2.335064">
				<ele>85.85</ele>
				<time>2025-12-05T11:06:40Z</time>
				<extensions>
					<ns3:TrackPointExtension>
						<ns3:speed>1.65</ns3:speed>
						<ns3:cad>60.0</ns3:cad>
						<ns3:hr>116</ns3:hr>
					</ns3:TrackPointExtension>
				</extensions>
			</trkpt>
			<trkpt lat="48.98365299" lon="2.335068">
				<ele>85.85</ele>
				<time>2025-12-05T11:06:41Z</time>
				<extensions>
					<ns3:TrackPointExtension>
						<ns3:speed>1.65</ns3:speed>
						<ns3:cad>60.0</ns3:cad>
						<ns3:hr>116</ns3:hr>
					</ns3:TrackPointExtension>
				</extensions>
			</trkpt>
			<trkpt lat="48.98366799" lon="2.33507066">
				<ele>85.92</ele>
				<time>2025-12-05T11:06:42Z</time>
				<extensions>
					<ns3:TrackPointExtension>
						<ns3:speed>1.66</ns3:speed>
						<ns3:cad>60.0</ns3:cad>
						<ns3:hr>115</ns3:hr>
					</ns3:TrackPointExtension>
				</extensions>
			</trkpt>
			<trkpt lat="48.98368298" lon="2.33507199">
				<ele>85.96</ele>
				<time>2025-12-05T11:06:43Z</time>
				<extensions>
					<ns3:TrackPointExtension>
						<ns3:speed>1.66</ns3:speed>
						<ns3:cad>60.0</ns3:cad>
						<ns3:hr>115</ns3:hr>
					</ns3:TrackPointExtension>
				</extensions>
			</trkpt>
			<trkpt lat="48.98369797" lon="2.33507365">
				<ele>86.01</ele>
				<time>2025-12-05T11:06:44Z</time>
				<extensions>
					<ns3:TrackPointExtension>
						<ns3:speed>1.66</ns3:speed>
						<ns3:cad>60.0</ns3:cad>
						<ns3:hr>114</ns3:hr>
					</ns3:TrackPointExtension>
				</extensions>
			</trkpt>
			<trkpt lat="48.98371363" lon="2.33507565">
				<ele>86.05</ele>
				<time>2025-12-05T11:06:45Z</time>
				<extensions>
					<ns3:TrackPointExtension>
						<ns3:speed>1.66</ns3:speed>
						<ns3:cad>60.0</ns3:cad>
						<ns3:hr>114</ns3:hr>
					</ns3:TrackPointExtension>
				</extensions>
			</trkpt>
			<trkpt lat="48.98372896" lon="2.33507798">
				<ele>86.08</ele>
				<time>2025-12-05T11:06:46Z</time>
				<extensions>
					<ns3:TrackPointExtension>
						<ns3:speed>1.66</ns3:speed>
						<ns3:cad>59.0</ns3:cad>
						<ns3:hr>114</ns3:hr>
					</ns3:TrackPointExtension>
				</extensions>
			</trkpt>
			<trkpt lat="48.98374496" lon="2.33508031">
				<ele>86.11</ele>
				<time>2025-12-05T11:06:47Z</time>
				<extensions>
					<ns3:TrackPointExtension>
						<ns3:speed>1.66</ns3:speed>
						<ns3:cad>59.0</ns3:cad>
						<ns3:hr>114</ns3:hr>
					</ns3:TrackPointExtension>
				</extensions>
			</trkpt>
			<trkpt lat="48.98376062" lon="2.33508397">
				<ele>86.15</ele>
				<time>2025-12-05T11:06:48Z</time>
				<extensions>
					<ns3:TrackPointExtension>
						<ns3:speed>1.66</ns3:speed>
						<ns3:cad>59.0</ns3:cad>
						<ns3:hr>115</ns3:hr>
					</ns3:TrackPointExtension>
				</extensions>
			</trkpt>
			<trkpt lat="48.98377595" lon="2.33508663">
				<ele>86.17</ele>
				<time>2025-12-05T11:06:49Z</time>
				<extensions>
					<ns3:TrackPointExtension>
						<ns3:speed>1.66</ns3:speed>
						<ns3:cad>59.0</ns3:cad>
						<ns3:hr>115</ns3:hr>
					</ns3:TrackPointExtension>
				</extensions>
			</trkpt>
			<trkpt lat="48.98379094" lon="2.33508929">
				<ele>86.2</ele>
				<time>2025-12-05T11:06:50Z</time>
				<extensions>
					<ns3:TrackPointExtension>
						<ns3:speed>1.67</ns3:speed>
						<ns3:cad>60.0</ns3:cad>
						<ns3:hr>116</ns3:hr>
					</ns3:TrackPointExtension>
				</extensions>
			</trkpt>
			<trkpt lat="48.98380594" lon="2.33509062">
				<ele>86.22</ele>
				<time>2025-12-05T11:06:51Z</time>
				<extensions>
					<ns3:TrackPointExtension>
						<ns3:speed>1.67</ns3:speed>
						<ns3:cad>60.0</ns3:cad>
						<ns3:hr>117</ns3:hr>
					</ns3:TrackPointExtension>
				</extensions>
			</trkpt>
			<trkpt lat="48.98382127" lon="2.33509195">
				<ele>86.26</ele>
				<time>2025-12-05T11:06:52Z</time>
				<extensions>
					<ns3:TrackPointExtension>
						<ns3:speed>1.67</ns3:speed>
						<ns3:cad>60.0</ns3:cad>
						<ns3:hr>118</ns3:hr>
					</ns3:TrackPointExtension>
				</extensions>
			</trkpt>
			<trkpt lat="48.9838356" lon="2.33509361">
				<ele>86.28</ele>
				<time>2025-12-05T11:06:53Z</time>
				<extensions>
					<ns3:TrackPointExtension>
						<ns3:speed>1.67</ns3:speed>
						<ns3:cad>60.0</ns3:cad>
						<ns3:hr>118</ns3:hr>
					</ns3:TrackPointExtension>
				</extensions>
			</trkpt>
			<trkpt lat="48.98385026" lon="2.33509594">
				<ele>86.28</ele>
				<time>2025-12-05T11:06:54Z</time>
				<extensions>
					<ns3:TrackPointExtension>
						<ns3:speed>1.67</ns3:speed>
						<ns3:cad>59.0</ns3:cad>
						<ns3:hr>119</ns3:hr>
					</ns3:TrackPointExtension>
				</extensions>
			</trkpt>
			<trkpt lat="48.98386492" lon="2.3350986">
				<ele>86.34</ele>
				<time>2025-12-05T11:06:55Z</time>
				<extensions>
					<ns3:TrackPointExtension>
						<ns3:speed>1.67</ns3:speed>
						<ns3:cad>59.0</ns3:cad>
						<ns3:hr>118</ns3:hr>
					</ns3:TrackPointExtension>
				</extensions>
			</trkpt>
			<trkpt lat="48.98387991" lon="2.33510026">
				<ele>86.39</ele>
				<time>2025-12-05T11:06:56Z</time>
				<extensions>
					<ns3:TrackPointExtension>
						<ns3:speed>1.67</ns3:speed>
						<ns3:cad>59.0</ns3:cad>
						<ns3:hr>118</ns3:hr>
					</ns3:TrackPointExtension>
				</extensions>
			</trkpt>
			<trkpt lat="48.98389391" lon="2.33510259">
				<ele>86.42</ele>
				<time>2025-12-05T11:06:57Z</time>
				<extensions>
					<ns3:TrackPointExtension>
						<ns3:speed>1.67</ns3:speed>
						<ns3:cad>59.0</ns3:cad>
						<ns3:hr>118</ns3:hr>
					</ns3:TrackPointExtension>
				</extensions>
			</trkpt>
			<trkpt lat="48.98390857" lon="2.33510858">
				<ele>86.46</ele>
				<time>2025-12-05T11:06:58Z</time>
				<extensions>
					<ns3:TrackPointExtension>
						<ns3:speed>1.67</ns3:speed>
						<ns3:cad>59.0</ns3:cad>
						<ns3:hr>117</ns3:hr>
					</ns3:TrackPointExtension>
				</extensions>
			</trkpt>
			<trkpt lat="48.98392257" lon="2.33511824">
				<ele>86.51</ele>
				<time>2025-12-05T11:06:59Z</time>
				<extensions>
					<ns3:TrackPointExtension>
						<ns3:speed>1.67</ns3:speed>
						<ns3:cad>59.0</ns3:cad>
						<ns3:hr>117</ns3:hr>
					</ns3:TrackPointExtension>
				</extensions>
			</trkpt>
			<trkpt lat="48.98393557" lon="2.3351319">
				<ele>86.56</ele>
				<time>2025-12-05T11:07:00Z</time>
				<extensions>
					<ns3:TrackPointExtension>
						<ns3:speed>1.67</ns3:speed>
						<ns3:cad>59.0</ns3:cad>
						<ns3:hr>117</ns3:hr>
					</ns3:TrackPointExtension>
				</extensions>
			</trkpt>
			<trkpt lat="48.98394756" lon="2.33514623">
				<ele>86.61</ele>
				<time>2025-12-05T11:07:01Z</time>
				<extensions>
					<ns3:TrackPointExtension>
						<ns3:speed>1.67</ns3:speed>
						<ns3:cad>59.0</ns3:cad>
						<ns3:hr>117</ns3:hr>
					</ns3:TrackPointExtension>
				</extensions>
			</trkpt>
			<trkpt lat="48.98395922" lon="2.33516156">
				<ele>86.65</ele>
				<time>2025-12-05T11:07:02Z</time>
				<extensions>
					<ns3:TrackPointExtension>
						<ns3:speed>1.67</ns3:speed>
						<ns3:cad>59.0</ns3:cad>
						<ns3:hr>117</ns3:hr>
					</ns3:TrackPointExtension>
				</extensions>
			</trkpt>
			<trkpt lat="48.98397022" lon="2.33517589">
				<ele>86.67</ele>
				<time>2025-12-05T11:07:03Z</time>
				<extensions>
					<ns3:TrackPointExtension>
						<ns3:speed>1.67</ns3:speed>
						<ns3:cad>59.0</ns3:cad>
						<ns3:hr>116</ns3:hr>
					</ns3:TrackPointExtension>
				</extensions>
			</trkpt>
			<trkpt lat="48.98398155" lon="2.33518855">
				<ele>86.7</ele>
				<time>2025-12-05T11:07:04Z</time>
				<extensions>
					<ns3:TrackPointExtension>
						<ns3:speed>1.67</ns3:speed>
						<ns3:cad>59.0</ns3:cad>
						<ns3:hr>117</ns3:hr>
					</ns3:TrackPointExtension>
				</extensions>
			</trkpt>
			<trkpt lat="48.98399188" lon="2.33520221">
				<ele>86.73</ele>
				<time>2025-12-05T11:07:05Z</time>
				<extensions>
					<ns3:TrackPointExtension>
						<ns3:speed>1.66</ns3:speed>
						<ns3:cad>59.0</ns3:cad>
						<ns3:hr>116</ns3:hr>
					</ns3:TrackPointExtension>
				</extensions>
			</trkpt>
			<trkpt lat="48.98400254" lon="2.33521587">
				<ele>86.71</ele>
				<time>2025-12-05T11:07:06Z</time>
				<extensions>
					<ns3:TrackPointExtension>
						<ns3:speed>1.66</ns3:speed>
						<ns3:cad>59.0</ns3:cad>
						<ns3:hr>116</ns3:hr>
					</ns3:TrackPointExtension>
				</extensions>
			</trkpt>
			<trkpt lat="48.98401354" lon="2.33522853">
				<ele>86.69</ele>
				<time>2025-12-05T11:07:07Z</time>
				<extensions>
					<ns3:TrackPointExtension>
						<ns3:speed>1.66</ns3:speed>
						<ns3:cad>60.0</ns3:cad>
						<ns3:hr>118</ns3:hr>
					</ns3:TrackPointExtension>
				</extensions>
			</trkpt>
			<trkpt lat="48.98402553" lon="2.33524019">
				<ele>86.67</ele>
				<time>2025-12-05T11:07:08Z</time>
				<extensions>
					<ns3:TrackPointExtension>
						<ns3:speed>1.65</ns3:speed>
						<ns3:cad>60.0</ns3:cad>
						<ns3:hr>119</ns3:hr>
					</ns3:TrackPointExtension>
				</extensions>
			</trkpt>
			<trkpt lat="48.98403819" lon="2.33525052">
				<ele>86.66</ele>
				<time>2025-12-05T11:07:09Z</time>
				<extensions>
					<ns3:TrackPointExtension>
						<ns3:speed>1.65</ns3:speed>
						<ns3:cad>60.0</ns3:cad>
						<ns3:hr>120</ns3:hr>
					</ns3:TrackPointExtension>
				</extensions>
			</trkpt>
			<trkpt lat="48.98405019" lon="2.33526051">
				<ele>86.65</ele>
				<time>2025-12-05T11:07:10Z</time>
				<extensions>
					<ns3:TrackPointExtension>
						<ns3:speed>1.65</ns3:speed>
						<ns3:cad>60.0</ns3:cad>
						<ns3:hr>120</ns3:hr>
					</ns3:TrackPointExtension>
				</extensions>
			</trkpt>
			<trkpt lat="48.98406018" lon="2.33527217">
				<ele>86.63</ele>
				<time>2025-12-05T11:07:11Z</time>
				<extensions>
					<ns3:TrackPointExtension>
						<ns3:speed>1.64</ns3:speed>
						<ns3:cad>60.0</ns3:cad>
						<ns3:hr>119</ns3:hr>
					</ns3:TrackPointExtension>
				</extensions>
			</trkpt>
			<trkpt lat="48.98407018" lon="2.33528016">
				<ele>86.63</ele>
				<time>2025-12-05T11:07:12Z</time>
				<extensions>
					<ns3:TrackPointExtension>
						<ns3:speed>1.64</ns3:speed>
						<ns3:cad>61.0</ns3:cad>
						<ns3:hr>119</ns3:hr>
					</ns3:TrackPointExtension>
				</extensions>
			</trkpt>
			<trkpt lat="48.98407951" lon="2.33528649">
				<ele>86.62</ele>
				<time>2025-12-05T11:07:13Z</time>
				<extensions>
					<ns3:TrackPointExtension>
						<ns3:speed>1.63</ns3:speed>
						<ns3:cad>61.0</ns3:cad>
						<ns3:hr>119</ns3:hr>
					</ns3:TrackPointExtension>
				</extensions>
			</trkpt>
			<trkpt lat="48.98408984" lon="2.33529015">
				<ele>86.61</ele>
				<time>2025-12-05T11:07:14Z</time>
				<extensions>
					<ns3:TrackPointExtension>
						<ns3:speed>1.63</ns3:speed>
						<ns3:cad>61.0</ns3:cad>
						<ns3:hr>120</ns3:hr>
					</ns3:TrackPointExtension>
				</extensions>
			</trkpt>
			<trkpt lat="48.98410017" lon="2.33529314">
				<ele>86.62</ele>
				<time>2025-12-05T11:07:15Z</time>
				<extensions>
					<ns3:TrackPointExtension>
						<ns3:speed>1.62</ns3:speed>
						<ns3:cad>61.0</ns3:cad>
						<ns3:hr>120</ns3:hr>
					</ns3:TrackPointExtension>
				</extensions>
			</trkpt>
			<trkpt lat="48.98411083" lon="2.33529613">
				<ele>86.64</ele>
				<time>2025-12-05T11:07:16Z</time>
				<extensions>
					<ns3:TrackPointExtension>
						<ns3:speed>1.61</ns3:speed>
						<ns3:cad>61.0</ns3:cad>
						<ns3:hr>119</ns3:hr>
					</ns3:TrackPointExtension>
				</extensions>
			</trkpt>
			<trkpt lat="48.98412116" lon="2.33529813">
				<ele>86.67</ele>
				<time>2025-12-05T11:07:17Z</time>
				<extensions>
					<ns3:TrackPointExtension>
						<ns3:speed>1.6</ns3:speed>
						<ns3:cad>60.0</ns3:cad>
						<ns3:hr>119</ns3:hr>
					</ns3:TrackPointExtension>
				</extensions>
			</trkpt>
			<trkpt lat="48.98413216" lon="2.3352978">
				<ele>86.71</ele>
				<time>2025-12-05T11:07:18Z</time>
				<extensions>
					<ns3:TrackPointExtension>
						<ns3:speed>1.59</ns3:speed>
						<ns3:cad>60.0</ns3:cad>
						<ns3:hr>118</ns3:hr>
					</ns3:TrackPointExtension>
				</extensions>
			</trkpt>
			<trkpt lat="48.98414349" lon="2.3352958">
				<ele>86.75</ele>
				<time>2025-12-05T11:07:19Z</time>
				<extensions>
					<ns3:TrackPointExtension>
						<ns3:speed>1.57</ns3:speed>
						<ns3:cad>59.0</ns3:cad>
						<ns3:hr>120</ns3:hr>
					</ns3:TrackPointExtension>
				</extensions>
			</trkpt>
			<trkpt lat="48.98415749" lon="2.33529381">
				<ele>86.78</ele>
				<time>2025-12-05T11:07:20Z</time>
				<extensions>
					<ns3:TrackPointExtension>
						<ns3:speed>1.56</ns3:speed>
						<ns3:cad>59.0</ns3:cad>
						<ns3:hr>120</ns3:hr>
					</ns3:TrackPointExtension>
				</extensions>
			</trkpt>
			<trkpt lat="48.98417182" lon="2.33529082">
				<ele>86.8</ele>
				<time>2025-12-05T11:07:21Z</time>
				<extensions>
					<ns3:TrackPointExtension>
						<ns3:speed>1.55</ns3:speed>
						<ns3:cad>59.0</ns3:cad>
						<ns3:hr>119</ns3:hr>
					</ns3:TrackPointExtension>
				</extensions>
			</trkpt>
			<trkpt lat="48.98418915" lon="2.33528749">
				<ele>86.82</ele>
				<time>2025-12-05T11:07:22Z</time>
				<extensions>
					<ns3:TrackPointExtension>
						<ns3:speed>1.54</ns3:speed>
						<ns3:cad>59.0</ns3:cad>
						<ns3:hr>120</ns3:hr>
					</ns3:TrackPointExtension>
				</extensions>
			</trkpt>
			<trkpt lat="48.98420914" lon="2.33528616">
				<ele>86.84</ele>
				<time>2025-12-05T11:07:23Z</time>
				<extensions>
					<ns3:TrackPointExtension>
						<ns3:speed>1.53</ns3:speed>
						<ns3:cad>60.0</ns3:cad>
						<ns3:hr>120</ns3:hr>
					</ns3:TrackPointExtension>
				</extensions>
			</trkpt>
			<trkpt lat="48.98422814" lon="2.3352845">
				<ele>86.85</ele>
				<time>2025-12-05T11:07:24Z</time>
				<extensions>
					<ns3:TrackPointExtension>
						<ns3:speed>1.52</ns3:speed>
						<ns3:cad>60.0</ns3:cad>
						<ns3:hr>120</ns3:hr>
					</ns3:TrackPointExtension>
				</extensions>
			</trkpt>
			<trkpt lat="48.98424813" lon="2.33528317">
				<ele>86.87</ele>
				<time>2025-12-05T11:07:25Z</time>
				<extensions>
					<ns3:TrackPointExtension>
						<ns3:speed>1.51</ns3:speed>
						<ns3:cad>60.0</ns3:cad>
						<ns3:hr>120</ns3:hr>
					</ns3:TrackPointExtension>
				</extensions>
			</trkpt>
			<trkpt lat="48.98426779" lon="2.33528284">
				<ele>86.9</ele>
				<time>2025-12-05T11:07:26Z</time>
				<extensions>
					<ns3:TrackPointExtension>
						<ns3:speed>1.51</ns3:speed>
						<ns3:cad>60.0</ns3:cad>
						<ns3:hr>120</ns3:hr>
					</ns3:TrackPointExtension>
				</extensions>
			</trkpt>
			<trkpt lat="48.98428612" lon="2.33528185">
				<ele>86.92</ele>
				<time>2025-12-05T11:07:27Z</time>
				<extensions>
					<ns3:TrackPointExtension>
						<ns3:speed>1.51</ns3:speed>
						<ns3:cad>60.0</ns3:cad>
						<ns3:hr>121</ns3:hr>
					</ns3:TrackPointExtension>
				</extensions>
			</trkpt>
			<trkpt lat="48.98430445" lon="2.33528019">
				<ele>86.93</ele>
				<time>2025-12-05T11:07:28Z</time>
				<extensions>
					<ns3:TrackPointExtension>
						<ns3:speed>1.51</ns3:speed>
						<ns3:cad>60.0</ns3:cad>
						<ns3:hr>120</ns3:hr>
					</ns3:TrackPointExtension>
				</extensions>
			</trkpt>
			<trkpt lat="48.98432278" lon="2.33527853">
				<ele>86.94</ele>
				<time>2025-12-05T11:07:29Z</time>
				<extensions>
					<ns3:TrackPointExtension>
						<ns3:speed>1.51</ns3:speed>
						<ns3:cad>60.0</ns3:cad>
						<ns3:hr>120</ns3:hr>
					</ns3:TrackPointExtension>
				</extensions>
			</trkpt>
			<trkpt lat="48.98434044" lon="2.3352772">
				<ele>86.95</ele>
				<time>2025-12-05T11:07:30Z</time>
				<extensions>
					<ns3:TrackPointExtension>
						<ns3:speed>1.52</ns3:speed>
						<ns3:cad>60.0</ns3:cad>
						<ns3:hr>120</ns3:hr>
					</ns3:TrackPointExtension>
				</extensions>
			</trkpt>
			<trkpt lat="48.9843571" lon="2.33527753">
				<ele>86.94</ele>
				<time>2025-12-05T11:07:31Z</time>
				<extensions>
					<ns3:TrackPointExtension>
						<ns3:speed>1.53</ns3:speed>
						<ns3:cad>60.0</ns3:cad>
						<ns3:hr>120</ns3:hr>
					</ns3:TrackPointExtension>
				</extensions>
			</trkpt>
			<trkpt lat="48.98437309" lon="2.33527952">
				<ele>86.94</ele>
				<time>2025-12-05T11:07:32Z</time>
				<extensions>
					<ns3:TrackPointExtension>
						<ns3:speed>1.54</ns3:speed>
						<ns3:cad>60.0</ns3:cad>
						<ns3:hr>120</ns3:hr>
					</ns3:TrackPointExtension>
				</extensions>
			</trkpt>
			<trkpt lat="48.98438642" lon="2.33528218">
				<ele>86.93</ele>
				<time>2025-12-05T11:07:33Z</time>
				<extensions>
					<ns3:TrackPointExtension>
						<ns3:speed>1.55</ns3:speed>
						<ns3:cad>60.0</ns3:cad>
						<ns3:hr>120</ns3:hr>
					</ns3:TrackPointExtension>
				</extensions>
			</trkpt>
			<trkpt lat="48.98440008" lon="2.33528351">
				<ele>86.93</ele>
				<time>2025-12-05T11:07:34Z</time>
				<extensions>
					<ns3:TrackPointExtension>
						<ns3:speed>1.55</ns3:speed>
						<ns3:cad>61.0</ns3:cad>
						<ns3:hr>120</ns3:hr>
					</ns3:TrackPointExtension>
				</extensions>
			</trkpt>
			<trkpt lat="48.98441474" lon="2.33528451">
				<ele>86.93</ele>
				<time>2025-12-05T11:07:35Z</time>
				<extensions>
					<ns3:TrackPointExtension>
						<ns3:speed>1.55</ns3:speed>
						<ns3:cad>61.0</ns3:cad>
						<ns3:hr>119</ns3:hr>
					</ns3:TrackPointExtension>
				</extensions>
			</trkpt>
			<trkpt lat="48.9844294" lon="2.33528517">
				<ele>86.93</ele>
				<time>2025-12-05T11:07:36Z</time>
				<extensions>
					<ns3:TrackPointExtension>
						<ns3:speed>1.55</ns3:speed>
						<ns3:cad>61.0</ns3:cad>
						<ns3:hr>118</ns3:hr>
					</ns3:TrackPointExtension>
				</extensions>
			</trkpt>
			<trkpt lat="48.98444506" lon="2.3352855">
				<ele>86.92</ele>
				<time>2025-12-05T11:07:37Z</time>
				<extensions>
					<ns3:TrackPointExtension>
						<ns3:speed>1.55</ns3:speed>
						<ns3:cad>61.0</ns3:cad>
						<ns3:hr>119</ns3:hr>
					</ns3:TrackPointExtension>
				</extensions>
			</trkpt>
			<trkpt lat="48.98446039" lon="2.33528517">
				<ele>86.92</ele>
				<time>2025-12-05T11:07:38Z</time>
				<extensions>
					<ns3:TrackPointExtension>
						<ns3:speed>1.56</ns3:speed>
						<ns3:cad>61.0</ns3:cad>
						<ns3:hr>119</ns3:hr>
					</ns3:TrackPointExtension>
				</extensions>
			</trkpt>
			<trkpt lat="48.98447572" lon="2.33528317">
				<ele>86.92</ele>
				<time>2025-12-05T11:07:39Z</time>
				<extensions>
					<ns3:TrackPointExtension>
						<ns3:speed>1.56</ns3:speed>
						<ns3:cad>61.0</ns3:cad>
						<ns3:hr>119</ns3:hr>
					</ns3:TrackPointExtension>
				</extensions>
			</trkpt>
			<trkpt lat="48.98449005" lon="2.33528151">
				<ele>86.92</ele>
				<time>2025-12-05T11:07:40Z</time>
				<extensions>
					<ns3:TrackPointExtension>
						<ns3:speed>1.56</ns3:speed>
						<ns3:cad>61.0</ns3:cad>
						<ns3:hr>119</ns3:hr>
					</ns3:TrackPointExtension>
				</extensions>
			</trkpt>
			<trkpt lat="48.98450405" lon="2.33528118">
				<ele>86.92</ele>
				<time>2025-12-05T11:07:41Z</time>
				<extensions>
					<ns3:TrackPointExtension>
						<ns3:speed>1.56</ns3:speed>
						<ns3:cad>61.0</ns3:cad>
						<ns3:hr>119</ns3:hr>
					</ns3:TrackPointExtension>
				</extensions>
			</trkpt>
			<trkpt lat="48.98451838" lon="2.33527985">
				<ele>86.92</ele>
				<time>2025-12-05T11:07:42Z</time>
				<extensions>
					<ns3:TrackPointExtension>
						<ns3:speed>1.56</ns3:speed>
						<ns3:cad>61.0</ns3:cad>
						<ns3:hr>119</ns3:hr>
					</ns3:TrackPointExtension>
				</extensions>
			</trkpt>
			<trkpt lat="48.98453238" lon="2.33527619">
				<ele>86.92</ele>
				<time>2025-12-05T11:07:43Z</time>
				<extensions>
					<ns3:TrackPointExtension>
						<ns3:speed>1.56</ns3:speed>
						<ns3:cad>61.0</ns3:cad>
						<ns3:hr>120</ns3:hr>
					</ns3:TrackPointExtension>
				</extensions>
			</trkpt>
			<trkpt lat="48.98454437" lon="2.33527286">
				<ele>86.92</ele>
				<time>2025-12-05T11:07:44Z</time>
				<extensions>
					<ns3:TrackPointExtension>
						<ns3:speed>1.56</ns3:speed>
						<ns3:cad>61.0</ns3:cad>
						<ns3:hr>120</ns3:hr>
					</ns3:TrackPointExtension>
				</extensions>
			</trkpt>
			<trkpt lat="48.98455403" lon="2.33526353">
				<ele>86.92</ele>
				<time>2025-12-05T11:07:45Z</time>
				<extensions>
					<ns3:TrackPointExtension>
						<ns3:speed>1.56</ns3:speed>
						<ns3:cad>60.0</ns3:cad>
						<ns3:hr>120</ns3:hr>
					</ns3:TrackPointExtension>
				</extensions>
			</trkpt>
			<trkpt lat="48.98456102" lon="2.33524787">
				<ele>86.94</ele>
				<time>2025-12-05T11:07:46Z</time>
				<extensions>
					<ns3:TrackPointExtension>
						<ns3:speed>1.56</ns3:speed>
						<ns3:cad>60.0</ns3:cad>
						<ns3:hr>120</ns3:hr>
					</ns3:TrackPointExtension>
				</extensions>
			</trkpt>
			<trkpt lat="48.98456602" lon="2.33522954">
				<ele>86.97</ele>
				<time>2025-12-05T11:07:47Z</time>
				<extensions>
					<ns3:TrackPointExtension>
						<ns3:speed>1.56</ns3:speed>
						<ns3:cad>60.0</ns3:cad>
						<ns3:hr>119</ns3:hr>
					</ns3:TrackPointExtension>
				</extensions>
			</trkpt>
			<trkpt lat="48.98456901" lon="2.33521155">
				<ele>87.0</ele>
				<time>2025-12-05T11:07:48Z</time>
				<extensions>
					<ns3:TrackPointExtension>
						<ns3:speed>1.55</ns3:speed>
						<ns3:cad>59.0</ns3:cad>
						<ns3:hr>119</ns3:hr>
					</ns3:TrackPointExtension>
				</extensions>
			</trkpt>
			<trkpt lat="48.98457067" lon="2.33519256">
				<ele>87.04</ele>
				<time>2025-12-05T11:07:49Z</time>
				<extensions>
					<ns3:TrackPointExtension>
						<ns3:speed>1.55</ns3:speed>
						<ns3:cad>58.0</ns3:cad>
						<ns3:hr>118</ns3:hr>
					</ns3:TrackPointExtension>
				</extensions>
			</trkpt>
			<trkpt lat="48.984572" lon="2.33517456">
				<ele>87.08</ele>
				<time>2025-12-05T11:07:50Z</time>
				<extensions>
					<ns3:TrackPointExtension>
						<ns3:speed>1.54</ns3:speed>
						<ns3:cad>57.0</ns3:cad>
						<ns3:hr>118</ns3:hr>
					</ns3:TrackPointExtension>
				</extensions>
			</trkpt>
			<trkpt lat="48.98457433" lon="2.33515723">
				<ele>87.12</ele>
				<time>2025-12-05T11:07:51Z</time>
				<extensions>
					<ns3:TrackPointExtension>
						<ns3:speed>1.54</ns3:speed>
						<ns3:cad>56.0</ns3:cad>
						<ns3:hr>118</ns3:hr>
					</ns3:TrackPointExtension>
				</extensions>
			</trkpt>
			<trkpt lat="48.98457666" lon="2.33513957">
				<ele>87.16</ele>
				<time>2025-12-05T11:07:52Z</time>
				<extensions>
					<ns3:TrackPointExtension>
						<ns3:speed>1.53</ns3:speed>
						<ns3:cad>56.0</ns3:cad>
						<ns3:hr>118</ns3:hr>
					</ns3:TrackPointExtension>
				</extensions>
			</trkpt>
			<trkpt lat="48.98457799" lon="2.33511991">
				<ele>87.2</ele>
				<time>2025-12-05T11:07:53Z</time>
				<extensions>
					<ns3:TrackPointExtension>
						<ns3:speed>1.52</ns3:speed>
						<ns3:cad>57.0</ns3:cad>
						<ns3:hr>118</ns3:hr>
					</ns3:TrackPointExtension>
				</extensions>
			</trkpt>
			<trkpt lat="48.98457965" lon="2.33509958">
				<ele>87.24</ele>
				<time>2025-12-05T11:07:54Z</time>
				<extensions>
					<ns3:TrackPointExtension>
						<ns3:speed>1.52</ns3:speed>
						<ns3:cad>58.0</ns3:cad>
						<ns3:hr>118</ns3:hr>
					</ns3:TrackPointExtension>
				</extensions>
			</trkpt>
			<trkpt lat="48.98458098" lon="2.33507992">
				<ele>87.27</ele>
				<time>2025-12-05T11:07:55Z</time>
				<extensions>
					<ns3:TrackPointExtension>
						<ns3:speed>1.51</ns3:speed>
						<ns3:cad>58.0</ns3:cad>
						<ns3:hr>118</ns3:hr>
					</ns3:TrackPointExtension>
				</extensions>
			</trkpt>
			<trkpt lat="48.98458264" lon="2.33506193">
				<ele>87.3</ele>
				<time>2025-12-05T11:07:56Z</time>
				<extensions>
					<ns3:TrackPointExtension>
						<ns3:speed>1.51</ns3:speed>
						<ns3:cad>58.0</ns3:cad>
						<ns3:hr>118</ns3:hr>
					</ns3:TrackPointExtension>
				</extensions>
			</trkpt>
			<trkpt lat="48.9845843" lon="2.33504294">
				<ele>87.32</ele>
				<time>2025-12-05T11:07:57Z</time>
				<extensions>
					<ns3:TrackPointExtension>
						<ns3:speed>1.51</ns3:speed>
						<ns3:cad>59.0</ns3:cad>
						<ns3:hr>118</ns3:hr>
					</ns3:TrackPointExtension>
				</extensions>
			</trkpt>
			<trkpt lat="48.98458796" lon="2.33502328">
				<ele>87.35</ele>
				<time>2025-12-05T11:07:58Z</time>
				<extensions>
					<ns3:TrackPointExtension>
						<ns3:speed>1.5</ns3:speed>
						<ns3:cad>59.0</ns3:cad>
						<ns3:hr>118</ns3:hr>
					</ns3:TrackPointExtension>
				</extensions>
			</trkpt>
			<trkpt lat="48.98459129" lon="2.33500362">
				<ele>87.4</ele>
				<time>2025-12-05T11:07:59Z</time>
				<extensions>
					<ns3:TrackPointExtension>
						<ns3:speed>1.5</ns3:speed>
						<ns3:cad>59.0</ns3:cad>
						<ns3:hr>119</ns3:hr>
					</ns3:TrackPointExtension>
				</extensions>
			</trkpt>
			<trkpt lat="48.98459428" lon="2.33498463">
				<ele>87.45</ele>
				<time>2025-12-05T11:08:00Z</time>
				<extensions>
					<ns3:TrackPointExtension>
						<ns3:speed>1.5</ns3:speed>
						<ns3:cad>59.0</ns3:cad>
						<ns3:hr>119</ns3:hr>
					</ns3:TrackPointExtension>
				</extensions>
			</trkpt>
			<trkpt lat="48.98459661" lon="2.33496863">
				<ele>87.49</ele>
				<time>2025-12-05T11:08:01Z</time>
				<extensions>
					<ns3:TrackPointExtension>
						<ns3:speed>1.49</ns3:speed>
						<ns3:cad>59.0</ns3:cad>
						<ns3:hr>119</ns3:hr>
					</ns3:TrackPointExtension>
				</extensions>
			</trkpt>
			<trkpt lat="48.9846006" lon="2.3349543">
				<ele>87.55</ele>
				<time>2025-12-05T11:08:02Z</time>
				<extensions>
					<ns3:TrackPointExtension>
						<ns3:speed>1.49</ns3:speed>
						<ns3:cad>58.0</ns3:cad>
						<ns3:hr>119</ns3:hr>
					</ns3:TrackPointExtension>
				</extensions>
			</trkpt>
			<trkpt lat="48.9846056" lon="2.33494364">
				<ele>87.62</ele>
				<time>2025-12-05T11:08:03Z</time>
				<extensions>
					<ns3:TrackPointExtension>
						<ns3:speed>1.49</ns3:speed>
						<ns3:cad>58.0</ns3:cad>
						<ns3:hr>119</ns3:hr>
					</ns3:TrackPointExtension>
				</extensions>
			</trkpt>
			<trkpt lat="48.98461326" lon="2.33493798">
				<ele>87.69</ele>
				<time>2025-12-05T11:08:04Z</time>
				<extensions>
					<ns3:TrackPointExtension>
						<ns3:speed>1.48</ns3:speed>
						<ns3:cad>58.0</ns3:cad>
						<ns3:hr>119</ns3:hr>
					</ns3:TrackPointExtension>
				</extensions>
			</trkpt>
			<trkpt lat="48.98462459" lon="2.33493532">
				<ele>87.74</ele>
				<time>2025-12-05T11:08:05Z</time>
				<extensions>
					<ns3:TrackPointExtension>
						<ns3:speed>1.47</ns3:speed>
						<ns3:cad>57.0</ns3:cad>
						<ns3:hr>119</ns3:hr>
					</ns3:TrackPointExtension>
				</extensions>
			</trkpt>
			<trkpt lat="48.98463892" lon="2.33493565">
				<ele>87.79</ele>
				<time>2025-12-05T11:08:06Z</time>
				<extensions>
					<ns3:TrackPointExtension>
						<ns3:speed>1.46</ns3:speed>
						<ns3:cad>58.0</ns3:cad>
						<ns3:hr>119</ns3:hr>
					</ns3:TrackPointExtension>
				</extensions>
			</trkpt>
			<trkpt lat="48.98465325" lon="2.33493598">
				<ele>87.82</ele>
				<time>2025-12-05T11:08:07Z</time>
				<extensions>
					<ns3:TrackPointExtension>
						<ns3:speed>1.45</ns3:speed>
						<ns3:cad>58.0</ns3:cad>
						<ns3:hr>119</ns3:hr>
					</ns3:TrackPointExtension>
				</extensions>
			</trkpt>
			<trkpt lat="48.98466791" lon="2.33493532">
				<ele>87.85</ele>
				<time>2025-12-05T11:08:08Z</time>
				<extensions>
					<ns3:TrackPointExtension>
						<ns3:speed>1.44</ns3:speed>
						<ns3:cad>58.0</ns3:cad>
						<ns3:hr>119</ns3:hr>
					</ns3:TrackPointExtension>
				</extensions>
			</trkpt>
			<trkpt lat="48.98468357" lon="2.33493499">
				<ele>87.88</ele>
				<time>2025-12-05T11:08:09Z</time>
				<extensions>
					<ns3:TrackPointExtension>
						<ns3:speed>1.44</ns3:speed>
						<ns3:cad>58.0</ns3:cad>
						<ns3:hr>119</ns3:hr>
					</ns3:TrackPointExtension>
				</extensions>
			</trkpt>
			<trkpt lat="48.98469923" lon="2.33493399">
				<ele>87.89</ele>
				<time>2025-12-05T11:08:10Z</time>
				<extensions>
					<ns3:TrackPointExtension>
						<ns3:speed>1.44</ns3:speed>
						<ns3:cad>58.0</ns3:cad>
						<ns3:hr>118</ns3:hr>
					</ns3:TrackPointExtension>
				</extensions>
			</trkpt>
			<trkpt lat="48.98471622" lon="2.33493166">
				<ele>87.88</ele>
				<time>2025-12-05T11:08:11Z</time>
				<extensions>
					<ns3:TrackPointExtension>
						<ns3:speed>1.43</ns3:speed>
						<ns3:cad>57.0</ns3:cad>
						<ns3:hr>118</ns3:hr>
					</ns3:TrackPointExtension>
				</extensions>
			</trkpt>
			<trkpt lat="48.98473321" lon="2.334928">
				<ele>87.87</ele>
				<time>2025-12-05T11:08:12Z</time>
				<extensions>
					<ns3:TrackPointExtension>
						<ns3:speed>1.43</ns3:speed>
						<ns3:cad>57.0</ns3:cad>
						<ns3:hr>119</ns3:hr>
					</ns3:TrackPointExtension>
				</extensions>
			</trkpt>
			<trkpt lat="48.98474921" lon="2.33492467">
				<ele>87.85</ele>
				<time>2025-12-05T11:08:13Z</time>
				<extensions>
					<ns3:TrackPointExtension>
						<ns3:speed>1.43</ns3:speed>
						<ns3:cad>56.0</ns3:cad>
						<ns3:hr>119</ns3:hr>
					</ns3:TrackPointExtension>
				</extensions>
			</trkpt>
			<trkpt lat="48.98476554" lon="2.33491901">
				<ele>87.84</ele>
				<time>2025-12-05T11:08:14Z</time>
				<extensions>
					<ns3:TrackPointExtension>
						<ns3:speed>1.44</ns3:speed>
						<ns3:cad>56.0</ns3:cad>
						<ns3:hr>118</ns3:hr>
					</ns3:TrackPointExtension>
				</extensions>
			</trkpt>
			<trkpt lat="48.98478053" lon="2.33491335">
				<ele>87.83</ele>
				<time>2025-12-05T11:08:15Z</time>
				<extensions>
					<ns3:TrackPointExtension>
						<ns3:speed>1.45</ns3:speed>
						<ns3:cad>57.0</ns3:cad>
						<ns3:hr>118</ns3:hr>
					</ns3:TrackPointExtension>
				</extensions>
			</trkpt>
			<trkpt lat="48.98479486" lon="2.33490769">
				<ele>87.82</ele>
				<time>2025-12-05T11:08:16Z</time>
				<extensions>
					<ns3:TrackPointExtension>
						<ns3:speed>1.45</ns3:speed>
						<ns3:cad>57.0</ns3:cad>
						<ns3:hr>118</ns3:hr>
					</ns3:TrackPointExtension>
				</extensions>
			</trkpt>
			<trkpt lat="48.98480819" lon="2.33490303">
				<ele>87.81</ele>
				<time>2025-12-05T11:08:17Z</time>
				<extensions>
					<ns3:TrackPointExtension>
						<ns3:speed>1.46</ns3:speed>
						<ns3:cad>58.0</ns3:cad>
						<ns3:hr>118</ns3:hr>
					</ns3:TrackPointExtension>
				</extensions>
			</trkpt>
			<trkpt lat="48.98482152" lon="2.33489903">
				<ele>87.8</ele>
				<time>2025-12-05T11:08:18Z</time>
				<extensions>
					<ns3:TrackPointExtension>
						<ns3:speed>1.46</ns3:speed>
						<ns3:cad>57.0</ns3:cad>
						<ns3:hr>118</ns3:hr>
					</ns3:TrackPointExtension>
				</extensions>
			</trkpt>
			<trkpt lat="48.98483485" lon="2.33489537">
				<ele>87.78</ele>
				<time>2025-12-05T11:08:19Z</time>
				<extensions>
					<ns3:TrackPointExtension>
						<ns3:speed>1.47</ns3:speed>
						<ns3:cad>57.0</ns3:cad>
						<ns3:hr>118</ns3:hr>
					</ns3:TrackPointExtension>
				</extensions>
			</trkpt>
			<trkpt lat="48.98484818" lon="2.33489171">
				<ele>87.76</ele>
				<time>2025-12-05T11:08:20Z</time>
				<extensions>
					<ns3:TrackPointExtension>
						<ns3:speed>1.47</ns3:speed>
						<ns3:cad>56.0</ns3:cad>
						<ns3:hr>118</ns3:hr>
					</ns3:TrackPointExtension>
				</extensions>
			</trkpt>
			<trkpt lat="48.98486151" lon="2.33488805">
				<ele>87.72</ele>
				<time>2025-12-05T11:08:21Z</time>
				<extensions>
					<ns3:TrackPointExtension>
						<ns3:speed>1.47</ns3:speed>
						<ns3:cad>56.0</ns3:cad>
						<ns3:hr>118</ns3:hr>
					</ns3:TrackPointExtension>
				</extensions>
			</trkpt>
			<trkpt lat="48.98487417" lon="2.33488172">
				<ele>87.67</ele>
				<time>2025-12-05T11:08:22Z</time>
				<extensions>
					<ns3:TrackPointExtension>
						<ns3:speed>1.47</ns3:speed>
						<ns3:cad>56.0</ns3:cad>
						<ns3:hr>118</ns3:hr>
					</ns3:TrackPointExtension>
				</extensions>
			</trkpt>
			<trkpt lat="48.98488583" lon="2.33487372">
				<ele>87.63</ele>
				<time>2025-12-05T11:08:23Z</time>
				<extensions>
					<ns3:TrackPointExtension>
						<ns3:speed>1.47</ns3:speed>
						<ns3:cad>56.0</ns3:cad>
						<ns3:hr>118</ns3:hr>
					</ns3:TrackPointExtension>
				</extensions>
			</trkpt>
			<trkpt lat="48.98489816" lon="2.33486406">
				<ele>87.63</ele>
				<time>2025-12-05T11:08:24Z</time>
				<extensions>
					<ns3:TrackPointExtension>
						<ns3:speed>1.47</ns3:speed>
						<ns3:cad>57.0</ns3:cad>
						<ns3:hr>118</ns3:hr>
					</ns3:TrackPointExtension>
				</extensions>
			</trkpt>
			<trkpt lat="48.98491015" lon="2.33485673">
				<ele>87.57</ele>
				<time>2025-12-05T11:08:25Z</time>
				<extensions>
					<ns3:TrackPointExtension>
						<ns3:speed>1.47</ns3:speed>
						<ns3:cad>58.0</ns3:cad>
						<ns3:hr>118</ns3:hr>
					</ns3:TrackPointExtension>
				</extensions>
			</trkpt>
			<trkpt lat="48.98492281" lon="2.3348534">
				<ele>87.57</ele>
				<time>2025-12-05T11:08:26Z</time>
				<extensions>
					<ns3:TrackPointExtension>
						<ns3:speed>1.47</ns3:speed>
						<ns3:cad>58.0</ns3:cad>
						<ns3:hr>118</ns3:hr>
					</ns3:TrackPointExtension>
				</extensions>
			</trkpt>
			<trkpt lat="48.98493347" lon="2.3348524">
				<ele>87.6</ele>
				<time>2025-12-05T11:08:27Z</time>
				<extensions>
					<ns3:TrackPointExtension>
						<ns3:speed>1.47</ns3:speed>
						<ns3:cad>58.0</ns3:cad>
						<ns3:hr>117</ns3:hr>
					</ns3:TrackPointExtension>
				</extensions>
			</trkpt>
			<trkpt lat="48.98494413" lon="2.33485107">
				<ele>87.66</ele>
				<time>2025-12-05T11:08:28Z</time>
				<extensions>
					<ns3:TrackPointExtension>
						<ns3:speed>1.47</ns3:speed>
						<ns3:cad>57.0</ns3:cad>
						<ns3:hr>117</ns3:hr>
					</ns3:TrackPointExtension>
				</extensions>
			</trkpt>
			<trkpt lat="48.98495579" lon="2.33484841">
				<ele>87.7</ele>
				<time>2025-12-05T11:08:29Z</time>
				<extensions>
					<ns3:TrackPointExtension>
						<ns3:speed>1.47</ns3:speed>
						<ns3:cad>57.0</ns3:cad>
						<ns3:hr>117</ns3:hr>
					</ns3:TrackPointExtension>
				</extensions>
			</trkpt>
			<trkpt lat="48.98496912" lon="2.33484508">
				<ele>87.74</ele>
				<time>2025-12-05T11:08:30Z</time>
				<extensions>
					<ns3:TrackPointExtension>
						<ns3:speed>1.47</ns3:speed>
						<ns3:cad>57.0</ns3:cad>
						<ns3:hr>116</ns3:hr>
					</ns3:TrackPointExtension>
				</extensions>
			</trkpt>
			<trkpt lat="48.98498412" lon="2.33484209">
				<ele>87.77</ele>
				<time>2025-12-05T11:08:31Z</time>
				<extensions>
					<ns3:TrackPointExtension>
						<ns3:speed>1.46</ns3:speed>
						<ns3:cad>53.0</ns3:cad>
						<ns3:hr>117</ns3:hr>
					</ns3:TrackPointExtension>
				</extensions>
			</trkpt>
			<trkpt lat="48.98499978" lon="2.3348391">
				<ele>87.8</ele>
				<time>2025-12-05T11:08:32Z</time>
				<extensions>
					<ns3:TrackPointExtension>
						<ns3:speed>1.46</ns3:speed>
						<ns3:cad>52.0</ns3:cad>
						<ns3:hr>117</ns3:hr>
					</ns3:TrackPointExtension>
				</extensions>
			</trkpt>
			<trkpt lat="48.98501578" lon="2.33483744">
				<ele>87.82</ele>
				<time>2025-12-05T11:08:33Z</time>
				<extensions>
					<ns3:TrackPointExtension>
						<ns3:speed>1.46</ns3:speed>
						<ns3:cad>52.0</ns3:cad>
						<ns3:hr>117</ns3:hr>
					</ns3:TrackPointExtension>
				</extensions>
			</trkpt>
			<trkpt lat="48.98503211" lon="2.33483544">
				<ele>87.84</ele>
				<time>2025-12-05T11:08:34Z</time>
				<extensions>
					<ns3:TrackPointExtension>
						<ns3:speed>1.47</ns3:speed>
						<ns3:cad>57.0</ns3:cad>
						<ns3:hr>119</ns3:hr>
					</ns3:TrackPointExtension>
				</extensions>
			</trkpt>
			<trkpt lat="48.98504877" lon="2.33483378">
				<ele>87.85</ele>
				<time>2025-12-05T11:08:35Z</time>
				<extensions>
					<ns3:TrackPointExtension>
						<ns3:speed>1.47</ns3:speed>
						<ns3:cad>60.0</ns3:cad>
						<ns3:hr>119</ns3:hr>
					</ns3:TrackPointExtension>
				</extensions>
			</trkpt>
			<trkpt lat="48.9850651" lon="2.33483345">
				<ele>87.85</ele>
				<time>2025-12-05T11:08:36Z</time>
				<extensions>
					<ns3:TrackPointExtension>
						<ns3:speed>1.48</ns3:speed>
						<ns3:cad>60.0</ns3:cad>
						<ns3:hr>120</ns3:hr>
					</ns3:TrackPointExtension>
				</extensions>
			</trkpt>
			<trkpt lat="48.9850811" lon="2.33483511">
				<ele>87.85</ele>
				<time>2025-12-05T11:08:37Z</time>
				<extensions>
					<ns3:TrackPointExtension>
						<ns3:speed>1.48</ns3:speed>
						<ns3:cad>60.0</ns3:cad>
						<ns3:hr>121</ns3:hr>
					</ns3:TrackPointExtension>
				</extensions>
			</trkpt>
			<trkpt lat="48.98509676" lon="2.33483677">
				<ele>87.86</ele>
				<time>2025-12-05T11:08:38Z</time>
				<extensions>
					<ns3:TrackPointExtension>
						<ns3:speed>1.49</ns3:speed>
						<ns3:cad>60.0</ns3:cad>
						<ns3:hr>121</ns3:hr>
					</ns3:TrackPointExtension>
				</extensions>
			</trkpt>
			<trkpt lat="48.98511209" lon="2.3348381">
				<ele>87.86</ele>
				<time>2025-12-05T11:08:39Z</time>
				<extensions>
					<ns3:TrackPointExtension>
						<ns3:speed>1.5</ns3:speed>
						<ns3:cad>60.0</ns3:cad>
						<ns3:hr>121</ns3:hr>
					</ns3:TrackPointExtension>
				</extensions>
			</trkpt>
			<trkpt lat="48.98512708" lon="2.33483876">
				<ele>87.85</ele>
				<time>2025-12-05T11:08:40Z</time>
				<extensions>
					<ns3:TrackPointExtension>
						<ns3:speed>1.5</ns3:speed>
						<ns3:cad>60.0</ns3:cad>
						<ns3:hr>121</ns3:hr>
					</ns3:TrackPointExtension>
				</extensions>
			</trkpt>
			<trkpt lat="48.98514208" lon="2.33483942">
				<ele>87.85</ele>
				<time>2025-12-05T11:08:41Z</time>
				<extensions>
					<ns3:TrackPointExtension>
						<ns3:speed>1.51</ns3:speed>
						<ns3:cad>59.0</ns3:cad>
						<ns3:hr>120</ns3:hr>
					</ns3:TrackPointExtension>
				</extensions>
			</trkpt>
			<trkpt lat="48.98515774" lon="2.33484075">
				<ele>87.81</ele>
				<time>2025-12-05T11:08:42Z</time>
				<extensions>
					<ns3:TrackPointExtension>
						<ns3:speed>1.51</ns3:speed>
						<ns3:cad>59.0</ns3:cad>
						<ns3:hr>119</ns3:hr>
					</ns3:TrackPointExtension>
				</extensions>
			</trkpt>
			<trkpt lat="48.9851734" lon="2.33484241">
				<ele>87.77</ele>
				<time>2025-12-05T11:08:43Z</time>
				<extensions>
					<ns3:TrackPointExtension>
						<ns3:speed>1.52</ns3:speed>
						<ns3:cad>59.0</ns3:cad>
						<ns3:hr>119</ns3:hr>
					</ns3:TrackPointExtension>
				</extensions>
			</trkpt>
			<trkpt lat="48.9851894" lon="2.33484341">
				<ele>87.74</ele>
				<time>2025-12-05T11:08:44Z</time>
				<extensions>
					<ns3:TrackPointExtension>
						<ns3:speed>1.52</ns3:speed>
						<ns3:cad>60.0</ns3:cad>
						<ns3:hr>119</ns3:hr>
					</ns3:TrackPointExtension>
				</extensions>
			</trkpt>
			<trkpt lat="48.98520473" lon="2.33484374">
				<ele>87.72</ele>
				<time>2025-12-05T11:08:45Z</time>
				<extensions>
					<ns3:TrackPointExtension>
						<ns3:speed>1.53</ns3:speed>
						<ns3:cad>60.0</ns3:cad>
						<ns3:hr>118</ns3:hr>
					</ns3:TrackPointExtension>
				</extensions>
			</trkpt>
			<trkpt lat="48.98522006" lon="2.33484341">
				<ele>87.68</ele>
				<time>2025-12-05T11:08:46Z</time>
				<extensions>
					<ns3:TrackPointExtension>
						<ns3:speed>1.54</ns3:speed>
						<ns3:cad>61.0</ns3:cad>
						<ns3:hr>119</ns3:hr>
					</ns3:TrackPointExtension>
				</extensions>
			</trkpt>
			<trkpt lat="48.98523539" lon="2.33484308">
				<ele>87.65</ele>
				<time>2025-12-05T11:08:47Z</time>
				<extensions>
					<ns3:TrackPointExtension>
						<ns3:speed>1.54</ns3:speed>
						<ns3:cad>61.0</ns3:cad>
						<ns3:hr>118</ns3:hr>
					</ns3:TrackPointExtension>
				</extensions>
			</trkpt>
			<trkpt lat="48.98525038" lon="2.33484242">
				<ele>87.63</ele>
				<time>2025-12-05T11:08:48Z</time>
				<extensions>
					<ns3:TrackPointExtension>
						<ns3:speed>1.55</ns3:speed>
						<ns3:cad>61.0</ns3:cad>
						<ns3:hr>118</ns3:hr>
					</ns3:TrackPointExtension>
				</extensions>
			</trkpt>
			<trkpt lat="48.98526504" lon="2.33483976">
				<ele>87.61</ele>
				<time>2025-12-05T11:08:49Z</time>
				<extensions>
					<ns3:TrackPointExtension>
						<ns3:speed>1.55</ns3:speed>
						<ns3:cad>61.0</ns3:cad>
						<ns3:hr>118</ns3:hr>
					</ns3:TrackPointExtension>
				</extensions>
			</trkpt>
			<trkpt lat="48.9852787" lon="2.33483843">
				<ele>87.59</ele>
				<time>2025-12-05T11:08:50Z</time>
				<extensions>
					<ns3:TrackPointExtension>
						<ns3:speed>1.56</ns3:speed>
						<ns3:cad>61.0</ns3:cad>
						<ns3:hr>117</ns3:hr>
					</ns3:TrackPointExtension>
				</extensions>
			</trkpt>
			<trkpt lat="48.9852927" lon="2.33483677">
				<ele>87.58</ele>
				<time>2025-12-05T11:08:51Z</time>
				<extensions>
					<ns3:TrackPointExtension>
						<ns3:speed>1.56</ns3:speed>
						<ns3:cad>60.0</ns3:cad>
						<ns3:hr>117</ns3:hr>
					</ns3:TrackPointExtension>
				</extensions>
			</trkpt>
			<trkpt lat="48.98530603" lon="2.33483611">
				<ele>87.57</ele>
				<time>2025-12-05T11:08:52Z</time>
				<extensions>
					<ns3:TrackPointExtension>
						<ns3:speed>1.56</ns3:speed>
						<ns3:cad>60.0</ns3:cad>
						<ns3:hr>117</ns3:hr>
					</ns3:TrackPointExtension>
				</extensions>
			</trkpt>
			<trkpt lat="48.98531969" lon="2.33483345">
				<ele>87.57</ele>
				<time>2025-12-05T11:08:53Z</time>
				<extensions>
					<ns3:TrackPointExtension>
						<ns3:speed>1.56</ns3:speed>
						<ns3:cad>60.0</ns3:cad>
						<ns3:hr>117</ns3:hr>
					</ns3:TrackPointExtension>
				</extensions>
			</trkpt>
			<trkpt lat="48.98533369" lon="2.33482912">
				<ele>87.57</ele>
				<time>2025-12-05T11:08:54Z</time>
				<extensions>
					<ns3:TrackPointExtension>
						<ns3:speed>1.56</ns3:speed>
						<ns3:cad>59.0</ns3:cad>
						<ns3:hr>117</ns3:hr>
					</ns3:TrackPointExtension>
				</extensions>
			</trkpt>
			<trkpt lat="48.98534802" lon="2.33482479">
				<ele>87.58</ele>
				<time>2025-12-05T11:08:55Z</time>
				<extensions>
					<ns3:TrackPointExtension>
						<ns3:speed>1.56</ns3:speed>
						<ns3:cad>59.0</ns3:cad>
						<ns3:hr>118</ns3:hr>
					</ns3:TrackPointExtension>
				</extensions>
			</trkpt>
			<trkpt lat="48.98536268" lon="2.33482146">
				<ele>87.58</ele>
				<time>2025-12-05T11:08:56Z</time>
				<extensions>
					<ns3:TrackPointExtension>
						<ns3:speed>1.56</ns3:speed>
						<ns3:cad>59.0</ns3:cad>
						<ns3:hr>118</ns3:hr>
					</ns3:TrackPointExtension>
				</extensions>
			</trkpt>
			<trkpt lat="48.98537668" lon="2.33481746">
				<ele>87.58</ele>
				<time>2025-12-05T11:08:57Z</time>
				<extensions>
					<ns3:TrackPointExtension>
						<ns3:speed>1.56</ns3:speed>
						<ns3:cad>59.0</ns3:cad>
						<ns3:hr>118</ns3:hr>
					</ns3:TrackPointExtension>
				</extensions>
			</trkpt>
			<trkpt lat="48.98539134" lon="2.33481547">
				<ele>87.59</ele>
				<time>2025-12-05T11:08:58Z</time>
				<extensions>
					<ns3:TrackPointExtension>
						<ns3:speed>1.57</ns3:speed>
						<ns3:cad>59.0</ns3:cad>
						<ns3:hr>119</ns3:hr>
					</ns3:TrackPointExtension>
				</extensions>
			</trkpt>
			<trkpt lat="48.98540667" lon="2.33481447">
				<ele>87.61</ele>
				<time>2025-12-05T11:08:59Z</time>
				<extensions>
					<ns3:TrackPointExtension>
						<ns3:speed>1.57</ns3:speed>
						<ns3:cad>59.0</ns3:cad>
						<ns3:hr>118</ns3:hr>
					</ns3:TrackPointExtension>
				</extensions>
			</trkpt>
			<trkpt lat="48.98542333" lon="2.33481447">
				<ele>87.62</ele>
				<time>2025-12-05T11:09:00Z</time>
				<extensions>
					<ns3:TrackPointExtension>
						<ns3:speed>1.57</ns3:speed>
						<ns3:cad>60.0</ns3:cad>
						<ns3:hr>118</ns3:hr>
					</ns3:TrackPointExtension>
				</extensions>
			</trkpt>
			<trkpt lat="48.98544132" lon="2.33481314">
				<ele>87.64</ele>
				<time>2025-12-05T11:09:01Z</time>
				<extensions>
					<ns3:TrackPointExtension>
						<ns3:speed>1.57</ns3:speed>
						<ns3:cad>60.0</ns3:cad>
						<ns3:hr>118</ns3:hr>
					</ns3:TrackPointExtension>
				</extensions>
			</trkpt>
			<trkpt lat="48.98545931" lon="2.33481447">
				<ele>87.66</ele>
				<time>2025-12-05T11:09:02Z</time>
				<extensions>
					<ns3:TrackPointExtension>
						<ns3:speed>1.58</ns3:speed>
						<ns3:cad>60.0</ns3:cad>
						<ns3:hr>118</ns3:hr>
					</ns3:TrackPointExtension>
				</extensions>
			</trkpt>
			<trkpt lat="48.98547897" lon="2.33481713">
				<ele>87.68</ele>
				<time>2025-12-05T11:09:03Z</time>
				<extensions>
					<ns3:TrackPointExtension>
						<ns3:speed>1.58</ns3:speed>
						<ns3:cad>60.0</ns3:cad>
						<ns3:hr>118</ns3:hr>
					</ns3:TrackPointExtension>
				</extensions>
			</trkpt>
			<trkpt lat="48.98549663" lon="2.33481946">
				<ele>87.71</ele>
				<time>2025-12-05T11:09:04Z</time>
				<extensions>
					<ns3:TrackPointExtension>
						<ns3:speed>1.6</ns3:speed>
						<ns3:cad>61.0</ns3:cad>
						<ns3:hr>118</ns3:hr>
					</ns3:TrackPointExtension>
				</extensions>
			</trkpt>
			<trkpt lat="48.98551462" lon="2.33482079">
				<ele>87.73</ele>
				<time>2025-12-05T11:09:05Z</time>
				<extensions>
					<ns3:TrackPointExtension>
						<ns3:speed>1.61</ns3:speed>
						<ns3:cad>61.0</ns3:cad>
						<ns3:hr>118</ns3:hr>
					</ns3:TrackPointExtension>
				</extensions>
			</trkpt>
			<trkpt lat="48.98553128" lon="2.33482079">
				<ele>87.76</ele>
				<time>2025-12-05T11:09:06Z</time>
				<extensions>
					<ns3:TrackPointExtension>
						<ns3:speed>1.61</ns3:speed>
						<ns3:cad>61.0</ns3:cad>
						<ns3:hr>119</ns3:hr>
					</ns3:TrackPointExtension>
				</extensions>
			</trkpt>
			<trkpt lat="48.98554794" lon="2.33482312">
				<ele>87.82</ele>
				<time>2025-12-05T11:09:07Z</time>
				<extensions>
					<ns3:TrackPointExtension>
						<ns3:speed>1.62</ns3:speed>
						<ns3:cad>61.0</ns3:cad>
						<ns3:hr>118</ns3:hr>
					</ns3:TrackPointExtension>
				</extensions>
			</trkpt>
			<trkpt lat="48.98556394" lon="2.33482445">
				<ele>87.86</ele>
				<time>2025-12-05T11:09:08Z</time>
				<extensions>
					<ns3:TrackPointExtension>
						<ns3:speed>1.63</ns3:speed>
						<ns3:cad>61.0</ns3:cad>
						<ns3:hr>118</ns3:hr>
					</ns3:TrackPointExtension>
				</extensions>
			</trkpt>
			<trkpt lat="48.9855796" lon="2.33482578">
				<ele>87.9</ele>
				<time>2025-12-05T11:09:09Z</time>
				<extensions>
					<ns3:TrackPointExtension>
						<ns3:speed>1.63</ns3:speed>
						<ns3:cad>60.0</ns3:cad>
						<ns3:hr>118</ns3:hr>
					</ns3:TrackPointExtension>
				</extensions>
			</trkpt>
			<trkpt lat="48.9855956" lon="2.33482678">
				<ele>87.93</ele>
				<time>2025-12-05T11:09:10Z</time>
				<extensions>
					<ns3:TrackPointExtension>
						<ns3:speed>1.64</ns3:speed>
						<ns3:cad>60.0</ns3:cad>
						<ns3:hr>118</ns3:hr>
					</ns3:TrackPointExtension>
				</extensions>
			</trkpt>
			<trkpt lat="48.98561126" lon="2.33482711">
				<ele>87.96</ele>
				<time>2025-12-05T11:09:11Z</time>
				<extensions>
					<ns3:TrackPointExtension>
						<ns3:speed>1.64</ns3:speed>
						<ns3:cad>60.0</ns3:cad>
						<ns3:hr>118</ns3:hr>
					</ns3:TrackPointExtension>
				</extensions>
			</trkpt>
			<trkpt lat="48.98562659" lon="2.33482611">
				<ele>87.98</ele>
				<time>2025-12-05T11:09:12Z</time>
				<extensions>
					<ns3:TrackPointExtension>
						<ns3:speed>1.64</ns3:speed>
						<ns3:cad>60.0</ns3:cad>
						<ns3:hr>117</ns3:hr>
					</ns3:TrackPointExtension>
				</extensions>
			</trkpt>
			<trkpt lat="48.98564192" lon="2.33482412">
				<ele>88.0</ele>
				<time>2025-12-05T11:09:13Z</time>
				<extensions>
					<ns3:TrackPointExtension>
						<ns3:speed>1.65</ns3:speed>
						<ns3:cad>60.0</ns3:cad>
						<ns3:hr>116</ns3:hr>
					</ns3:TrackPointExtension>
				</extensions>
			</trkpt>
			<trkpt lat="48.98565692" lon="2.33482279">
				<ele>88.02</ele>
				<time>2025-12-05T11:09:14Z</time>
				<extensions>
					<ns3:TrackPointExtension>
						<ns3:speed>1.65</ns3:speed>
						<ns3:cad>60.0</ns3:cad>
						<ns3:hr>115</ns3:hr>
					</ns3:TrackPointExtension>
				</extensions>
			</trkpt>
			<trkpt lat="48.98567191" lon="2.33482146">
				<ele>88.03</ele>
				<time>2025-12-05T11:09:15Z</time>
				<extensions>
					<ns3:TrackPointExtension>
						<ns3:speed>1.65</ns3:speed>
						<ns3:cad>60.0</ns3:cad>
						<ns3:hr>115</ns3:hr>
					</ns3:TrackPointExtension>
				</extensions>
			</trkpt>
			<trkpt lat="48.9856869" lon="2.3348188">
				<ele>88.07</ele>
				<time>2025-12-05T11:09:16Z</time>
				<extensions>
					<ns3:TrackPointExtension>
						<ns3:speed>1.65</ns3:speed>
						<ns3:cad>60.0</ns3:cad>
						<ns3:hr>114</ns3:hr>
					</ns3:TrackPointExtension>
				</extensions>
			</trkpt>
			<trkpt lat="48.9857019" lon="2.3348158">
				<ele>88.1</ele>
				<time>2025-12-05T11:09:17Z</time>
				<extensions>
					<ns3:TrackPointExtension>
						<ns3:speed>1.66</ns3:speed>
						<ns3:cad>60.0</ns3:cad>
						<ns3:hr>114</ns3:hr>
					</ns3:TrackPointExtension>
				</extensions>
			</trkpt>
			<trkpt lat="48.9857159" lon="2.33481114">
				<ele>88.14</ele>
				<time>2025-12-05T11:09:18Z</time>
				<extensions>
					<ns3:TrackPointExtension>
						<ns3:speed>1.66</ns3:speed>
						<ns3:cad>60.0</ns3:cad>
						<ns3:hr>115</ns3:hr>
					</ns3:TrackPointExtension>
				</extensions>
			</trkpt>
			<trkpt lat="48.98572923" lon="2.33480781">
				<ele>88.18</ele>
				<time>2025-12-05T11:09:19Z</time>
				<extensions>
					<ns3:TrackPointExtension>
						<ns3:speed>1.66</ns3:speed>
						<ns3:cad>60.0</ns3:cad>
						<ns3:hr>115</ns3:hr>
					</ns3:TrackPointExtension>
				</extensions>
			</trkpt>
			<trkpt lat="48.98574223" lon="2.33480381">
				<ele>88.2</ele>
				<time>2025-12-05T11:09:20Z</time>
				<extensions>
					<ns3:TrackPointExtension>
						<ns3:speed>1.66</ns3:speed>
						<ns3:cad>60.0</ns3:cad>
						<ns3:hr>115</ns3:hr>
					</ns3:TrackPointExtension>
				</extensions>
			</trkpt>
			<trkpt lat="48.98575589" lon="2.33479948">
				<ele>88.24</ele>
				<time>2025-12-05T11:09:21Z</time>
				<extensions>
					<ns3:TrackPointExtension>
						<ns3:speed>1.65</ns3:speed>
						<ns3:cad>60.0</ns3:cad>
						<ns3:hr>115</ns3:hr>
					</ns3:TrackPointExtension>
				</extensions>
			</trkpt>
			<trkpt lat="48.98576922" lon="2.33479615">
				<ele>88.27</ele>
				<time>2025-12-05T11:09:22Z</time>
				<extensions>
					<ns3:TrackPointExtension>
						<ns3:speed>1.65</ns3:speed>
						<ns3:cad>60.0</ns3:cad>
						<ns3:hr>116</ns3:hr>
					</ns3:TrackPointExtension>
				</extensions>
			</trkpt>
			<trkpt lat="48.98578355" lon="2.33479349">
				<ele>88.32</ele>
				<time>2025-12-05T11:09:23Z</time>
				<extensions>
					<ns3:TrackPointExtension>
						<ns3:speed>1.65</ns3:speed>
						<ns3:cad>60.0</ns3:cad>
						<ns3:hr>116</ns3:hr>
					</ns3:TrackPointExtension>
				</extensions>
			</trkpt>
			<trkpt lat="48.98579721" lon="2.33478916">
				<ele>88.35</ele>
				<time>2025-12-05T11:09:24Z</time>
				<extensions>
					<ns3:TrackPointExtension>
						<ns3:speed>1.65</ns3:speed>
						<ns3:cad>60.0</ns3:cad>
						<ns3:hr>115</ns3:hr>
					</ns3:TrackPointExtension>
				</extensions>
			</trkpt>
			<trkpt lat="48.98581287" lon="2.33478317">
				<ele>88.38</ele>
				<time>2025-12-05T11:09:25Z</time>
				<extensions>
					<ns3:TrackPointExtension>
						<ns3:speed>1.65</ns3:speed>
						<ns3:cad>60.0</ns3:cad>
						<ns3:hr>115</ns3:hr>
					</ns3:TrackPointExtension>
				</extensions>
			</trkpt>
			<trkpt lat="48.9858282" lon="2.33477984">
				<ele>88.38</ele>
				<time>2025-12-05T11:09:26Z</time>
				<extensions>
					<ns3:TrackPointExtension>
						<ns3:speed>1.65</ns3:speed>
						<ns3:cad>60.0</ns3:cad>
						<ns3:hr>115</ns3:hr>
					</ns3:TrackPointExtension>
				</extensions>
			</trkpt>
			<trkpt lat="48.98584086" lon="2.3347925">
				<ele>88.42</ele>
				<time>2025-12-05T11:09:27Z</time>
				<extensions>
					<ns3:TrackPointExtension>
						<ns3:speed>1.65</ns3:speed>
						<ns3:cad>60.0</ns3:cad>
						<ns3:hr>115</ns3:hr>
					</ns3:TrackPointExtension>
				</extensions>
			</trkpt>
			<trkpt lat="48.98585352" lon="2.33479983">
				<ele>88.44</ele>
				<time>2025-12-05T11:09:28Z</time>
				<extensions>
					<ns3:TrackPointExtension>
						<ns3:speed>1.65</ns3:speed>
						<ns3:cad>60.0</ns3:cad>
						<ns3:hr>115</ns3:hr>
					</ns3:TrackPointExtension>
				</extensions>
			</trkpt>
			<trkpt lat="48.98586818" lon="2.33480316">
				<ele>88.47</ele>
				<time>2025-12-05T11:09:29Z</time>
				<extensions>
					<ns3:TrackPointExtension>
						<ns3:speed>1.65</ns3:speed>
						<ns3:cad>60.0</ns3:cad>
						<ns3:hr>115</ns3:hr>
					</ns3:TrackPointExtension>
				</extensions>
			</trkpt>
			<trkpt lat="48.98588417" lon="2.33480516">
				<ele>88.47</ele>
				<time>2025-12-05T11:09:30Z</time>
				<extensions>
					<ns3:TrackPointExtension>
						<ns3:speed>1.65</ns3:speed>
						<ns3:cad>60.0</ns3:cad>
						<ns3:hr>114</ns3:hr>
					</ns3:TrackPointExtension>
				</extensions>
			</trkpt>
			<trkpt lat="48.98590017" lon="2.33480483">
				<ele>88.53</ele>
				<time>2025-12-05T11:09:31Z</time>
				<extensions>
					<ns3:TrackPointExtension>
						<ns3:speed>1.64</ns3:speed>
						<ns3:cad>60.0</ns3:cad>
						<ns3:hr>113</ns3:hr>
					</ns3:TrackPointExtension>
				</extensions>
			</trkpt>
			<trkpt lat="48.9859165" lon="2.33480483">
				<ele>88.56</ele>
				<time>2025-12-05T11:09:32Z</time>
				<extensions>
					<ns3:TrackPointExtension>
						<ns3:speed>1.65</ns3:speed>
						<ns3:cad>60.0</ns3:cad>
						<ns3:hr>113</ns3:hr>
					</ns3:TrackPointExtension>
				</extensions>
			</trkpt>
			<trkpt lat="48.9859325" lon="2.3348035">
				<ele>88.58</ele>
				<time>2025-12-05T11:09:33Z</time>
				<extensions>
					<ns3:TrackPointExtension>
						<ns3:speed>1.65</ns3:speed>
						<ns3:cad>59.0</ns3:cad>
						<ns3:hr>114</ns3:hr>
					</ns3:TrackPointExtension>
				</extensions>
			</trkpt>
			<trkpt lat="48.98594783" lon="2.33480251">
				<ele>88.6</ele>
				<time>2025-12-05T11:09:34Z</time>
				<extensions>
					<ns3:TrackPointExtension>
						<ns3:speed>1.65</ns3:speed>
						<ns3:cad>59.0</ns3:cad>
						<ns3:hr>113</ns3:hr>
					</ns3:TrackPointExtension>
				</extensions>
			</trkpt>
			<trkpt lat="48.98596316" lon="2.33480118">
				<ele>88.61</ele>
				<time>2025-12-05T11:09:35Z</time>
				<extensions>
					<ns3:TrackPointExtension>
						<ns3:speed>1.65</ns3:speed>
						<ns3:cad>60.0</ns3:cad>
						<ns3:hr>114</ns3:hr>
					</ns3:TrackPointExtension>
				</extensions>
			</trkpt>
			<trkpt lat="48.98597815" lon="2.33479985">
				<ele>88.64</ele>
				<time>2025-12-05T11:09:36Z</time>
				<extensions>
					<ns3:TrackPointExtension>
						<ns3:speed>1.65</ns3:speed>
						<ns3:cad>60.0</ns3:cad>
						<ns3:hr>115</ns3:hr>
					</ns3:TrackPointExtension>
				</extensions>
			</trkpt>
			<trkpt lat="48.98599348" lon="2.33480051">
				<ele>88.66</ele>
				<time>2025-12-05T11:09:37Z</time>
				<extensions>
					<ns3:TrackPointExtension>
						<ns3:speed>1.65</ns3:speed>
						<ns3:cad>60.0</ns3:cad>
						<ns3:hr>116</ns3:hr>
					</ns3:TrackPointExtension>
				</extensions>
			</trkpt>
			<trkpt lat="48.98600714" lon="2.33480084">
				<ele>88.68</ele>
				<time>2025-12-05T11:09:38Z</time>
				<extensions>
					<ns3:TrackPointExtension>
						<ns3:speed>1.65</ns3:speed>
						<ns3:cad>60.0</ns3:cad>
						<ns3:hr>116</ns3:hr>
					</ns3:TrackPointExtension>
				</extensions>
			</trkpt>
			<trkpt lat="48.98602147" lon="2.33479951">
				<ele>88.69</ele>
				<time>2025-12-05T11:09:39Z</time>
				<extensions>
					<ns3:TrackPointExtension>
						<ns3:speed>1.65</ns3:speed>
						<ns3:cad>60.0</ns3:cad>
						<ns3:hr>115</ns3:hr>
					</ns3:TrackPointExtension>
				</extensions>
			</trkpt>
			<trkpt lat="48.98603547" lon="2.33479818">
				<ele>88.7</ele>
				<time>2025-12-05T11:09:40Z</time>
				<extensions>
					<ns3:TrackPointExtension>
						<ns3:speed>1.65</ns3:speed>
						<ns3:cad>59.0</ns3:cad>
						<ns3:hr>115</ns3:hr>
					</ns3:TrackPointExtension>
				</extensions>
			</trkpt>
			<trkpt lat="48.98604847" lon="2.33479619">
				<ele>88.72</ele>
				<time>2025-12-05T11:09:41Z</time>
				<extensions>
					<ns3:TrackPointExtension>
						<ns3:speed>1.65</ns3:speed>
						<ns3:cad>59.0</ns3:cad>
						<ns3:hr>115</ns3:hr>
					</ns3:TrackPointExtension>
				</extensions>
			</trkpt>
			<trkpt lat="48.9860628" lon="2.33479353">
				<ele>88.73</ele>
				<time>2025-12-05T11:09:42Z</time>
				<extensions>
					<ns3:TrackPointExtension>
						<ns3:speed>1.65</ns3:speed>
						<ns3:cad>60.0</ns3:cad>
						<ns3:hr>116</ns3:hr>
					</ns3:TrackPointExtension>
				</extensions>
			</trkpt>
			<trkpt lat="48.98607613" lon="2.3347912">
				<ele>88.73</ele>
				<time>2025-12-05T11:09:43Z</time>
				<extensions>
					<ns3:TrackPointExtension>
						<ns3:speed>1.64</ns3:speed>
						<ns3:cad>60.0</ns3:cad>
						<ns3:hr>116</ns3:hr>
					</ns3:TrackPointExtension>
				</extensions>
			</trkpt>
			<trkpt lat="48.98608946" lon="2.33478854">
				<ele>88.74</ele>
				<time>2025-12-05T11:09:44Z</time>
				<extensions>
					<ns3:TrackPointExtension>
						<ns3:speed>1.64</ns3:speed>
						<ns3:cad>60.0</ns3:cad>
						<ns3:hr>116</ns3:hr>
					</ns3:TrackPointExtension>
				</extensions>
			</trkpt>
			<trkpt lat="48.98610212" lon="2.33478788">
				<ele>88.74</ele>
				<time>2025-12-05T11:09:45Z</time>
				<extensions>
					<ns3:TrackPointExtension>
						<ns3:speed>1.63</ns3:speed>
						<ns3:cad>60.0</ns3:cad>
						<ns3:hr>117</ns3:hr>
					</ns3:TrackPointExtension>
				</extensions>
			</trkpt>
			<trkpt lat="48.98611312" lon="2.33478655">
				<ele>88.75</ele>
				<time>2025-12-05T11:09:46Z</time>
				<extensions>
					<ns3:TrackPointExtension>
						<ns3:speed>1.63</ns3:speed>
						<ns3:cad>60.0</ns3:cad>
						<ns3:hr>118</ns3:hr>
					</ns3:TrackPointExtension>
				</extensions>
			</trkpt>
			<trkpt lat="48.98612511" lon="2.33478489">
				<ele>88.75</ele>
				<time>2025-12-05T11:09:47Z</time>
				<extensions>
					<ns3:TrackPointExtension>
						<ns3:speed>1.62</ns3:speed>
						<ns3:cad>59.0</ns3:cad>
						<ns3:hr>118</ns3:hr>
					</ns3:TrackPointExtension>
				</extensions>
			</trkpt>
			<trkpt lat="48.98613544" lon="2.33478356">
				<ele>88.74</ele>
				<time>2025-12-05T11:09:48Z</time>
				<extensions>
					<ns3:TrackPointExtension>
						<ns3:speed>1.62</ns3:speed>
						<ns3:cad>59.0</ns3:cad>
						<ns3:hr>118</ns3:hr>
					</ns3:TrackPointExtension>
				</extensions>
			</trkpt>
			<trkpt lat="48.98614644" lon="2.33478323">
				<ele>88.73</ele>
				<time>2025-12-05T11:09:49Z</time>
				<extensions>
					<ns3:TrackPointExtension>
						<ns3:speed>1.61</ns3:speed>
						<ns3:cad>59.0</ns3:cad>
						<ns3:hr>119</ns3:hr>
					</ns3:TrackPointExtension>
				</extensions>
			</trkpt>
			<trkpt lat="48.98615977" lon="2.33478456">
				<ele>88.72</ele>
				<time>2025-12-05T11:09:50Z</time>
				<extensions>
					<ns3:TrackPointExtension>
						<ns3:speed>1.6</ns3:speed>
						<ns3:cad>59.0</ns3:cad>
						<ns3:hr>118</ns3:hr>
					</ns3:TrackPointExtension>
				</extensions>
			</trkpt>
			<trkpt lat="48.98617243" lon="2.33478656">
				<ele>88.72</ele>
				<time>2025-12-05T11:09:51Z</time>
				<extensions>
					<ns3:TrackPointExtension>
						<ns3:speed>1.59</ns3:speed>
						<ns3:cad>59.0</ns3:cad>
						<ns3:hr>118</ns3:hr>
					</ns3:TrackPointExtension>
				</extensions>
			</trkpt>
			<trkpt lat="48.98618576" lon="2.33478989">
				<ele>88.72</ele>
				<time>2025-12-05T11:09:52Z</time>
				<extensions>
					<ns3:TrackPointExtension>
						<ns3:speed>1.58</ns3:speed>
						<ns3:cad>59.0</ns3:cad>
						<ns3:hr>118</ns3:hr>
					</ns3:TrackPointExtension>
				</extensions>
			</trkpt>
			<trkpt lat="48.98620009" lon="2.33479455">
				<ele>88.75</ele>
				<time>2025-12-05T11:09:53Z</time>
				<extensions>
					<ns3:TrackPointExtension>
						<ns3:speed>1.57</ns3:speed>
						<ns3:cad>60.0</ns3:cad>
						<ns3:hr>118</ns3:hr>
					</ns3:TrackPointExtension>
				</extensions>
			</trkpt>
			<trkpt lat="48.98621375" lon="2.33479921">
				<ele>88.78</ele>
				<time>2025-12-05T11:09:54Z</time>
				<extensions>
					<ns3:TrackPointExtension>
						<ns3:speed>1.57</ns3:speed>
						<ns3:cad>60.0</ns3:cad>
						<ns3:hr>118</ns3:hr>
					</ns3:TrackPointExtension>
				</extensions>
			</trkpt>
			<trkpt lat="48.98622808" lon="2.33480387">
				<ele>88.8</ele>
				<time>2025-12-05T11:09:55Z</time>
				<extensions>
					<ns3:TrackPointExtension>
						<ns3:speed>1.57</ns3:speed>
						<ns3:cad>60.0</ns3:cad>
						<ns3:hr>118</ns3:hr>
					</ns3:TrackPointExtension>
				</extensions>
			</trkpt>
			<trkpt lat="48.98624208" lon="2.3348082">
				<ele>88.85</ele>
				<time>2025-12-05T11:09:56Z</time>
				<extensions>
					<ns3:TrackPointExtension>
						<ns3:speed>1.57</ns3:speed>
						<ns3:cad>60.0</ns3:cad>
						<ns3:hr>118</ns3:hr>
					</ns3:TrackPointExtension>
				</extensions>
			</trkpt>
			<trkpt lat="48.98625574" lon="2.3348122">
				<ele>88.9</ele>
				<time>2025-12-05T11:09:57Z</time>
				<extensions>
					<ns3:TrackPointExtension>
						<ns3:speed>1.57</ns3:speed>
						<ns3:cad>59.0</ns3:cad>
						<ns3:hr>118</ns3:hr>
					</ns3:TrackPointExtension>
				</extensions>
			</trkpt>
			<trkpt lat="48.98627073" lon="2.33481553">
				<ele>88.93</ele>
				<time>2025-12-05T11:09:58Z</time>
				<extensions>
					<ns3:TrackPointExtension>
						<ns3:speed>1.57</ns3:speed>
						<ns3:cad>59.0</ns3:cad>
						<ns3:hr>118</ns3:hr>
					</ns3:TrackPointExtension>
				</extensions>
			</trkpt>
			<trkpt lat="48.98628606" lon="2.33481986">
				<ele>88.97</ele>
				<time>2025-12-05T11:09:59Z</time>
				<extensions>
					<ns3:TrackPointExtension>
						<ns3:speed>1.56</ns3:speed>
						<ns3:cad>58.0</ns3:cad>
						<ns3:hr>118</ns3:hr>
					</ns3:TrackPointExtension>
				</extensions>
			</trkpt>
			<trkpt lat="48.98630272" lon="2.33482719">
				<ele>89.01</ele>
				<time>2025-12-05T11:10:00Z</time>
				<extensions>
					<ns3:TrackPointExtension>
						<ns3:speed>1.56</ns3:speed>
						<ns3:cad>58.0</ns3:cad>
						<ns3:hr>118</ns3:hr>
					</ns3:TrackPointExtension>
				</extensions>
			</trkpt>
			<trkpt lat="48.98631938" lon="2.33483419">
				<ele>89.04</ele>
				<time>2025-12-05T11:10:01Z</time>
				<extensions>
					<ns3:TrackPointExtension>
						<ns3:speed>1.57</ns3:speed>
						<ns3:cad>58.0</ns3:cad>
						<ns3:hr>118</ns3:hr>
					</ns3:TrackPointExtension>
				</extensions>
			</trkpt>
			<trkpt lat="48.98633604" lon="2.33484152">
				<ele>89.07</ele>
				<time>2025-12-05T11:10:02Z</time>
				<extensions>
					<ns3:TrackPointExtension>
						<ns3:speed>1.57</ns3:speed>
						<ns3:cad>58.0</ns3:cad>
						<ns3:hr>118</ns3:hr>
					</ns3:TrackPointExtension>
				</extensions>
			</trkpt>
			<trkpt lat="48.98635137" lon="2.33484752">
				<ele>89.07</ele>
				<time>2025-12-05T11:10:03Z</time>
				<extensions>
					<ns3:TrackPointExtension>
						<ns3:speed>1.57</ns3:speed>
						<ns3:cad>59.0</ns3:cad>
						<ns3:hr>117</ns3:hr>
					</ns3:TrackPointExtension>
				</extensions>
			</trkpt>
			<trkpt lat="48.98636603" lon="2.33485285">
				<ele>89.06</ele>
				<time>2025-12-05T11:10:04Z</time>
				<extensions>
					<ns3:TrackPointExtension>
						<ns3:speed>1.57</ns3:speed>
						<ns3:cad>59.0</ns3:cad>
						<ns3:hr>117</ns3:hr>
					</ns3:TrackPointExtension>
				</extensions>
			</trkpt>
			<trkpt lat="48.98637936" lon="2.33485818">
				<ele>89.06</ele>
				<time>2025-12-05T11:10:05Z</time>
				<extensions>
					<ns3:TrackPointExtension>
						<ns3:speed>1.57</ns3:speed>
						<ns3:cad>59.0</ns3:cad>
						<ns3:hr>118</ns3:hr>
					</ns3:TrackPointExtension>
				</extensions>
			</trkpt>
			<trkpt lat="48.98639336" lon="2.33486484">
				<ele>89.03</ele>
				<time>2025-12-05T11:10:06Z</time>
				<extensions>
					<ns3:TrackPointExtension>
						<ns3:speed>1.57</ns3:speed>
						<ns3:cad>60.0</ns3:cad>
						<ns3:hr>117</ns3:hr>
					</ns3:TrackPointExtension>
				</extensions>
			</trkpt>
			<trkpt lat="48.98640802" lon="2.3348735">
				<ele>89.02</ele>
				<time>2025-12-05T11:10:07Z</time>
				<extensions>
					<ns3:TrackPointExtension>
						<ns3:speed>1.57</ns3:speed>
						<ns3:cad>60.0</ns3:cad>
						<ns3:hr>117</ns3:hr>
					</ns3:TrackPointExtension>
				</extensions>
			</trkpt>
			<trkpt lat="48.98642235" lon="2.33488249">
				<ele>88.99</ele>
				<time>2025-12-05T11:10:08Z</time>
				<extensions>
					<ns3:TrackPointExtension>
						<ns3:speed>1.57</ns3:speed>
						<ns3:cad>60.0</ns3:cad>
						<ns3:hr>117</ns3:hr>
					</ns3:TrackPointExtension>
				</extensions>
			</trkpt>
			<trkpt lat="48.98643934" lon="2.33489215">
				<ele>88.95</ele>
				<time>2025-12-05T11:10:09Z</time>
				<extensions>
					<ns3:TrackPointExtension>
						<ns3:speed>1.58</ns3:speed>
						<ns3:cad>60.0</ns3:cad>
						<ns3:hr>117</ns3:hr>
					</ns3:TrackPointExtension>
				</extensions>
			</trkpt>
			<trkpt lat="48.986456" lon="2.33490048">
				<ele>88.93</ele>
				<time>2025-12-05T11:10:10Z</time>
				<extensions>
					<ns3:TrackPointExtension>
						<ns3:speed>1.58</ns3:speed>
						<ns3:cad>61.0</ns3:cad>
						<ns3:hr>117</ns3:hr>
					</ns3:TrackPointExtension>
				</extensions>
			</trkpt>
			<trkpt lat="48.98647266" lon="2.33490748">
				<ele>88.9</ele>
				<time>2025-12-05T11:10:11Z</time>
				<extensions>
					<ns3:TrackPointExtension>
						<ns3:speed>1.58</ns3:speed>
						<ns3:cad>61.0</ns3:cad>
						<ns3:hr>117</ns3:hr>
					</ns3:TrackPointExtension>
				</extensions>
			</trkpt>
			<trkpt lat="48.98648865" lon="2.33491381">
				<ele>88.88</ele>
				<time>2025-12-05T11:10:12Z</time>
				<extensions>
					<ns3:TrackPointExtension>
						<ns3:speed>1.59</ns3:speed>
						<ns3:cad>61.0</ns3:cad>
						<ns3:hr>117</ns3:hr>
					</ns3:TrackPointExtension>
				</extensions>
			</trkpt>
			<trkpt lat="48.98650498" lon="2.3349208">
				<ele>88.83</ele>
				<time>2025-12-05T11:10:13Z</time>
				<extensions>
					<ns3:TrackPointExtension>
						<ns3:speed>1.6</ns3:speed>
						<ns3:cad>61.0</ns3:cad>
						<ns3:hr>117</ns3:hr>
					</ns3:TrackPointExtension>
				</extensions>
			</trkpt>
			<trkpt lat="48.98652064" lon="2.33492813">
				<ele>88.79</ele>
				<time>2025-12-05T11:10:14Z</time>
				<extensions>
					<ns3:TrackPointExtension>
						<ns3:speed>1.6</ns3:speed>
						<ns3:cad>61.0</ns3:cad>
						<ns3:hr>117</ns3:hr>
					</ns3:TrackPointExtension>
				</extensions>
			</trkpt>
			<trkpt lat="48.9865363" lon="2.33493546">
				<ele>88.76</ele>
				<time>2025-12-05T11:10:15Z</time>
				<extensions>
					<ns3:TrackPointExtension>
						<ns3:speed>1.61</ns3:speed>
						<ns3:cad>61.0</ns3:cad>
						<ns3:hr>118</ns3:hr>
					</ns3:TrackPointExtension>
				</extensions>
			</trkpt>
			<trkpt lat="48.9865513" lon="2.33494379">
				<ele>88.73</ele>
				<time>2025-12-05T11:10:16Z</time>
				<extensions>
					<ns3:TrackPointExtension>
						<ns3:speed>1.62</ns3:speed>
						<ns3:cad>61.0</ns3:cad>
						<ns3:hr>117</ns3:hr>
					</ns3:TrackPointExtension>
				</extensions>
			</trkpt>
			<trkpt lat="48.98656596" lon="2.33495212">
				<ele>88.71</ele>
				<time>2025-12-05T11:10:17Z</time>
				<extensions>
					<ns3:TrackPointExtension>
						<ns3:speed>1.62</ns3:speed>
						<ns3:cad>61.0</ns3:cad>
						<ns3:hr>118</ns3:hr>
					</ns3:TrackPointExtension>
				</extensions>
			</trkpt>
			<trkpt lat="48.98658062" lon="2.33495978">
				<ele>88.69</ele>
				<time>2025-12-05T11:10:18Z</time>
				<extensions>
					<ns3:TrackPointExtension>
						<ns3:speed>1.62</ns3:speed>
						<ns3:cad>61.0</ns3:cad>
						<ns3:hr>119</ns3:hr>
					</ns3:TrackPointExtension>
				</extensions>
			</trkpt>
			<trkpt lat="48.98659528" lon="2.33496711">
				<ele>88.66</ele>
				<time>2025-12-05T11:10:19Z</time>
				<extensions>
					<ns3:TrackPointExtension>
						<ns3:speed>1.63</ns3:speed>
						<ns3:cad>61.0</ns3:cad>
						<ns3:hr>118</ns3:hr>
					</ns3:TrackPointExtension>
				</extensions>
			</trkpt>
			<trkpt lat="48.98661028" lon="2.33497411">
				<ele>88.64</ele>
				<time>2025-12-05T11:10:20Z</time>
				<extensions>
					<ns3:TrackPointExtension>
						<ns3:speed>1.63</ns3:speed>
						<ns3:cad>61.0</ns3:cad>
						<ns3:hr>119</ns3:hr>
					</ns3:TrackPointExtension>
				</extensions>
			</trkpt>
			<trkpt lat="48.98662461" lon="2.33498077">
				<ele>88.62</ele>
				<time>2025-12-05T11:10:21Z</time>
				<extensions>
					<ns3:TrackPointExtension>
						<ns3:speed>1.63</ns3:speed>
						<ns3:cad>61.0</ns3:cad>
						<ns3:hr>120</ns3:hr>
					</ns3:TrackPointExtension>
				</extensions>
			</trkpt>
			<trkpt lat="48.98663894" lon="2.33498676">
				<ele>88.59</ele>
				<time>2025-12-05T11:10:22Z</time>
				<extensions>
					<ns3:TrackPointExtension>
						<ns3:speed>1.63</ns3:speed>
						<ns3:cad>60.0</ns3:cad>
						<ns3:hr>120</ns3:hr>
					</ns3:TrackPointExtension>
				</extensions>
			</trkpt>
			<trkpt lat="48.98665327" lon="2.33499409">
				<ele>88.55</ele>
				<time>2025-12-05T11:10:23Z</time>
				<extensions>
					<ns3:TrackPointExtension>
						<ns3:speed>1.63</ns3:speed>
						<ns3:cad>60.0</ns3:cad>
						<ns3:hr>121</ns3:hr>
					</ns3:TrackPointExtension>
				</extensions>
			</trkpt>
			<trkpt lat="48.9866676" lon="2.33500075">
				<ele>88.51</ele>
				<time>2025-12-05T11:10:24Z</time>
				<extensions>
					<ns3:TrackPointExtension>
						<ns3:speed>1.63</ns3:speed>
						<ns3:cad>60.0</ns3:cad>
						<ns3:hr>121</ns3:hr>
					</ns3:TrackPointExtension>
				</extensions>
			</trkpt>
			<trkpt lat="48.98668226" lon="2.33500775">
				<ele>88.49</ele>
				<time>2025-12-05T11:10:25Z</time>
				<extensions>
					<ns3:TrackPointExtension>
						<ns3:speed>1.63</ns3:speed>
						<ns3:cad>60.0</ns3:cad>
						<ns3:hr>123</ns3:hr>
					</ns3:TrackPointExtension>
				</extensions>
			</trkpt>
			<trkpt lat="48.98669725" lon="2.33501508">
				<ele>88.46</ele>
				<time>2025-12-05T11:10:26Z</time>
				<extensions>
					<ns3:TrackPointExtension>
						<ns3:speed>1.63</ns3:speed>
						<ns3:cad>60.0</ns3:cad>
						<ns3:hr>123</ns3:hr>
					</ns3:TrackPointExtension>
				</extensions>
			</trkpt>
			<trkpt lat="48.98671191" lon="2.33502274">
				<ele>88.43</ele>
				<time>2025-12-05T11:10:27Z</time>
				<extensions>
					<ns3:TrackPointExtension>
						<ns3:speed>1.63</ns3:speed>
						<ns3:cad>60.0</ns3:cad>
						<ns3:hr>123</ns3:hr>
					</ns3:TrackPointExtension>
				</extensions>
			</trkpt>
			<trkpt lat="48.9867269" lon="2.33503007">
				<ele>88.4</ele>
				<time>2025-12-05T11:10:28Z</time>
				<extensions>
					<ns3:TrackPointExtension>
						<ns3:speed>1.64</ns3:speed>
						<ns3:cad>60.0</ns3:cad>
						<ns3:hr>123</ns3:hr>
					</ns3:TrackPointExtension>
				</extensions>
			</trkpt>
			<trkpt lat="48.98674123" lon="2.33503673">
				<ele>88.36</ele>
				<time>2025-12-05T11:10:29Z</time>
				<extensions>
					<ns3:TrackPointExtension>
						<ns3:speed>1.64</ns3:speed>
						<ns3:cad>60.0</ns3:cad>
						<ns3:hr>123</ns3:hr>
					</ns3:TrackPointExtension>
				</extensions>
			</trkpt>
			<trkpt lat="48.98675589" lon="2.33504172">
				<ele>88.34</ele>
				<time>2025-12-05T11:10:30Z</time>
				<extensions>
					<ns3:TrackPointExtension>
						<ns3:speed>1.64</ns3:speed>
						<ns3:cad>60.0</ns3:cad>
						<ns3:hr>123</ns3:hr>
					</ns3:TrackPointExtension>
				</extensions>
			</trkpt>
			<trkpt lat="48.98677055" lon="2.33504672">
				<ele>88.26</ele>
				<time>2025-12-05T11:10:31Z</time>
				<extensions>
					<ns3:TrackPointExtension>
						<ns3:speed>1.64</ns3:speed>
						<ns3:cad>60.0</ns3:cad>
						<ns3:hr>122</ns3:hr>
					</ns3:TrackPointExtension>
				</extensions>
			</trkpt>
			<trkpt lat="48.98678488" lon="2.33505271">
				<ele>88.19</ele>
				<time>2025-12-05T11:10:32Z</time>
				<extensions>
					<ns3:TrackPointExtension>
						<ns3:speed>1.64</ns3:speed>
						<ns3:cad>60.0</ns3:cad>
						<ns3:hr>121</ns3:hr>
					</ns3:TrackPointExtension>
				</extensions>
			</trkpt>
			<trkpt lat="48.98679921" lon="2.33505604">
				<ele>88.11</ele>
				<time>2025-12-05T11:10:33Z</time>
				<extensions>
					<ns3:TrackPointExtension>
						<ns3:speed>1.64</ns3:speed>
						<ns3:cad>60.0</ns3:cad>
						<ns3:hr>121</ns3:hr>
					</ns3:TrackPointExtension>
				</extensions>
			</trkpt>
			<trkpt lat="48.98681387" lon="2.33505471">
				<ele>88.04</ele>
				<time>2025-12-05T11:10:34Z</time>
				<extensions>
					<ns3:TrackPointExtension>
						<ns3:speed>1.64</ns3:speed>
						<ns3:cad>59.0</ns3:cad>
						<ns3:hr>121</ns3:hr>
					</ns3:TrackPointExtension>
				</extensions>
			</trkpt>
			<trkpt lat="48.98682953" lon="2.33505138">
				<ele>87.96</ele>
				<time>2025-12-05T11:10:35Z</time>
				<extensions>
					<ns3:TrackPointExtension>
						<ns3:speed>1.64</ns3:speed>
						<ns3:cad>59.0</ns3:cad>
						<ns3:hr>120</ns3:hr>
					</ns3:TrackPointExtension>
				</extensions>
			</trkpt>
			<trkpt lat="48.98684486" lon="2.33504839">
				<ele>87.9</ele>
				<time>2025-12-05T11:10:36Z</time>
				<extensions>
					<ns3:TrackPointExtension>
						<ns3:speed>1.64</ns3:speed>
						<ns3:cad>59.0</ns3:cad>
						<ns3:hr>120</ns3:hr>
					</ns3:TrackPointExtension>
				</extensions>
			</trkpt>
			<trkpt lat="48.98685919" lon="2.33504606">
				<ele>87.82</ele>
				<time>2025-12-05T11:10:37Z</time>
				<extensions>
					<ns3:TrackPointExtension>
						<ns3:speed>1.64</ns3:speed>
						<ns3:cad>59.0</ns3:cad>
						<ns3:hr>119</ns3:hr>
					</ns3:TrackPointExtension>
				</extensions>
			</trkpt>
			<trkpt lat="48.98687519" lon="2.33504805">
				<ele>87.7</ele>
				<time>2025-12-05T11:10:38Z</time>
				<extensions>
					<ns3:TrackPointExtension>
						<ns3:speed>1.64</ns3:speed>
						<ns3:cad>59.0</ns3:cad>
						<ns3:hr>119</ns3:hr>
					</ns3:TrackPointExtension>
				</extensions>
			</trkpt>
			<trkpt lat="48.98689152" lon="2.33505205">
				<ele>87.54</ele>
				<time>2025-12-05T11:10:39Z</time>
				<extensions>
					<ns3:TrackPointExtension>
						<ns3:speed>1.64</ns3:speed>
						<ns3:cad>60.0</ns3:cad>
						<ns3:hr>119</ns3:hr>
					</ns3:TrackPointExtension>
				</extensions>
			</trkpt>
			<trkpt lat="48.98690685" lon="2.33505638">
				<ele>87.34</ele>
				<time>2025-12-05T11:10:40Z</time>
				<extensions>
					<ns3:TrackPointExtension>
						<ns3:speed>1.64</ns3:speed>
						<ns3:cad>61.0</ns3:cad>
						<ns3:hr>118</ns3:hr>
					</ns3:TrackPointExtension>
				</extensions>
			</trkpt>
			<trkpt lat="48.98692118" lon="2.33506037">
				<ele>87.14</ele>
				<time>2025-12-05T11:10:41Z</time>
				<extensions>
					<ns3:TrackPointExtension>
						<ns3:speed>1.65</ns3:speed>
						<ns3:cad>61.0</ns3:cad>
						<ns3:hr>118</ns3:hr>
					</ns3:TrackPointExtension>
				</extensions>
			</trkpt>
			<trkpt lat="48.98693518" lon="2.3350637">
				<ele>86.95</ele>
				<time>2025-12-05T11:10:42Z</time>
				<extensions>
					<ns3:TrackPointExtension>
						<ns3:speed>1.65</ns3:speed>
						<ns3:cad>66.0</ns3:cad>
						<ns3:hr>118</ns3:hr>
					</ns3:TrackPointExtension>
				</extensions>
			</trkpt>
			<trkpt lat="48.98694951" lon="2.33506669">
				<ele>86.76</ele>
				<time>2025-12-05T11:10:43Z</time>
				<extensions>
					<ns3:TrackPointExtension>
						<ns3:speed>1.65</ns3:speed>
						<ns3:cad>71.0</ns3:cad>
						<ns3:hr>118</ns3:hr>
					</ns3:TrackPointExtension>
				</extensions>
			</trkpt>
			<trkpt lat="48.98696217" lon="2.33507369">
				<ele>86.6</ele>
				<time>2025-12-05T11:10:44Z</time>
				<extensions>
					<ns3:TrackPointExtension>
						<ns3:speed>1.64</ns3:speed>
						<ns3:cad>69.0</ns3:cad>
						<ns3:hr>118</ns3:hr>
					</ns3:TrackPointExtension>
				</extensions>
			</trkpt>
			<trkpt lat="48.98697416" lon="2.33508135">
				<ele>86.46</ele>
				<time>2025-12-05T11:10:45Z</time>
				<extensions>
					<ns3:TrackPointExtension>
						<ns3:speed>1.64</ns3:speed>
						<ns3:cad>64.0</ns3:cad>
						<ns3:hr>118</ns3:hr>
					</ns3:TrackPointExtension>
				</extensions>
			</trkpt>
			<trkpt lat="48.98698682" lon="2.33508801">
				<ele>86.33</ele>
				<time>2025-12-05T11:10:46Z</time>
				<extensions>
					<ns3:TrackPointExtension>
						<ns3:speed>1.64</ns3:speed>
						<ns3:cad>62.0</ns3:cad>
						<ns3:hr>117</ns3:hr>
					</ns3:TrackPointExtension>
				</extensions>
			</trkpt>
			<trkpt lat="48.98699915" lon="2.335094">
				<ele>86.21</ele>
				<time>2025-12-05T11:10:47Z</time>
				<extensions>
					<ns3:TrackPointExtension>
						<ns3:speed>1.63</ns3:speed>
						<ns3:cad>61.0</ns3:cad>
						<ns3:hr>118</ns3:hr>
					</ns3:TrackPointExtension>
				</extensions>
			</trkpt>
			<trkpt lat="48.98701114" lon="2.33510066">
				<ele>86.09</ele>
				<time>2025-12-05T11:10:48Z</time>
				<extensions>
					<ns3:TrackPointExtension>
						<ns3:speed>1.63</ns3:speed>
						<ns3:cad>61.0</ns3:cad>
						<ns3:hr>118</ns3:hr>
					</ns3:TrackPointExtension>
				</extensions>
			</trkpt>
			<trkpt lat="48.98702313" lon="2.33510632">
				<ele>85.96</ele>
				<time>2025-12-05T11:10:49Z</time>
				<extensions>
					<ns3:TrackPointExtension>
						<ns3:speed>1.63</ns3:speed>
						<ns3:cad>60.0</ns3:cad>
						<ns3:hr>119</ns3:hr>
					</ns3:TrackPointExtension>
				</extensions>
			</trkpt>
			<trkpt lat="48.98703546" lon="2.33511165">
				<ele>85.84</ele>
				<time>2025-12-05T11:10:50Z</time>
				<extensions>
					<ns3:TrackPointExtension>
						<ns3:speed>1.62</ns3:speed>
						<ns3:cad>60.0</ns3:cad>
						<ns3:hr>119</ns3:hr>
					</ns3:TrackPointExtension>
				</extensions>
			</trkpt>
			<trkpt lat="48.98704712" lon="2.33511798">
				<ele>85.74</ele>
				<time>2025-12-05T11:10:51Z</time>
				<extensions>
					<ns3:TrackPointExtension>
						<ns3:speed>1.62</ns3:speed>
						<ns3:cad>60.0</ns3:cad>
						<ns3:hr>118</ns3:hr>
					</ns3:TrackPointExtension>
				</extensions>
			</trkpt>
			<trkpt lat="48.98705812" lon="2.33512631">
				<ele>85.63</ele>
				<time>2025-12-05T11:10:52Z</time>
				<extensions>
					<ns3:TrackPointExtension>
						<ns3:speed>1.61</ns3:speed>
						<ns3:cad>60.0</ns3:cad>
						<ns3:hr>117</ns3:hr>
					</ns3:TrackPointExtension>
				</extensions>
			</trkpt>
			<trkpt lat="48.98706845" lon="2.33513631">
				<ele>85.53</ele>
				<time>2025-12-05T11:10:53Z</time>
				<extensions>
					<ns3:TrackPointExtension>
						<ns3:speed>1.61</ns3:speed>
						<ns3:cad>61.0</ns3:cad>
						<ns3:hr>117</ns3:hr>
					</ns3:TrackPointExtension>
				</extensions>
			</trkpt>
			<trkpt lat="48.98708078" lon="2.33514564">
				<ele>85.44</ele>
				<time>2025-12-05T11:10:54Z</time>
				<extensions>
					<ns3:TrackPointExtension>
						<ns3:speed>1.6</ns3:speed>
						<ns3:cad>61.0</ns3:cad>
						<ns3:hr>117</ns3:hr>
					</ns3:TrackPointExtension>
				</extensions>
			</trkpt>
			<trkpt lat="48.98709411" lon="2.33515397">
				<ele>85.35</ele>
				<time>2025-12-05T11:10:55Z</time>
				<extensions>
					<ns3:TrackPointExtension>
						<ns3:speed>1.6</ns3:speed>
						<ns3:cad>61.0</ns3:cad>
						<ns3:hr>117</ns3:hr>
					</ns3:TrackPointExtension>
				</extensions>
			</trkpt>
			<trkpt lat="48.98710744" lon="2.33515996">
				<ele>85.28</ele>
				<time>2025-12-05T11:10:56Z</time>
				<extensions>
					<ns3:TrackPointExtension>
						<ns3:speed>1.6</ns3:speed>
						<ns3:cad>61.0</ns3:cad>
						<ns3:hr>116</ns3:hr>
					</ns3:TrackPointExtension>
				</extensions>
			</trkpt>
			<trkpt lat="48.98712144" lon="2.33516429">
				<ele>85.2</ele>
				<time>2025-12-05T11:10:57Z</time>
				<extensions>
					<ns3:TrackPointExtension>
						<ns3:speed>1.59</ns3:speed>
						<ns3:cad>60.0</ns3:cad>
						<ns3:hr>116</ns3:hr>
					</ns3:TrackPointExtension>
				</extensions>
			</trkpt>
			<trkpt lat="48.9871351" lon="2.33516828">
				<ele>85.12</ele>
				<time>2025-12-05T11:10:58Z</time>
				<extensions>
					<ns3:TrackPointExtension>
						<ns3:speed>1.59</ns3:speed>
						<ns3:cad>60.0</ns3:cad>
						<ns3:hr>116</ns3:hr>
					</ns3:TrackPointExtension>
				</extensions>
			</trkpt>
			<trkpt lat="48.98714943" lon="2.33517161">
				<ele>85.04</ele>
				<time>2025-12-05T11:10:59Z</time>
				<extensions>
					<ns3:TrackPointExtension>
						<ns3:speed>1.59</ns3:speed>
						<ns3:cad>60.0</ns3:cad>
						<ns3:hr>115</ns3:hr>
					</ns3:TrackPointExtension>
				</extensions>
			</trkpt>
			<trkpt lat="48.98716343" lon="2.3351746">
				<ele>84.95</ele>
				<time>2025-12-05T11:11:00Z</time>
				<extensions>
					<ns3:TrackPointExtension>
						<ns3:speed>1.59</ns3:speed>
						<ns3:cad>60.0</ns3:cad>
						<ns3:hr>115</ns3:hr>
					</ns3:TrackPointExtension>
				</extensions>
			</trkpt>
			<trkpt lat="48.98717809" lon="2.33517294">
				<ele>84.87</ele>
				<time>2025-12-05T11:11:01Z</time>
				<extensions>
					<ns3:TrackPointExtension>
						<ns3:speed>1.59</ns3:speed>
						<ns3:cad>60.0</ns3:cad>
						<ns3:hr>115</ns3:hr>
					</ns3:TrackPointExtension>
				</extensions>
			</trkpt>
			<trkpt lat="48.98719209" lon="2.33517493">
				<ele>84.79</ele>
				<time>2025-12-05T11:11:02Z</time>
				<extensions>
					<ns3:TrackPointExtension>
						<ns3:speed>1.59</ns3:speed>
						<ns3:cad>60.0</ns3:cad>
						<ns3:hr>115</ns3:hr>
					</ns3:TrackPointExtension>
				</extensions>
			</trkpt>
			<trkpt lat="48.98720609" lon="2.33517593">
				<ele>84.71</ele>
				<time>2025-12-05T11:11:03Z</time>
				<extensions>
					<ns3:TrackPointExtension>
						<ns3:speed>1.59</ns3:speed>
						<ns3:cad>60.0</ns3:cad>
						<ns3:hr>115</ns3:hr>
					</ns3:TrackPointExtension>
				</extensions>
			</trkpt>
			<trkpt lat="48.98722009" lon="2.33517593">
				<ele>84.63</ele>
				<time>2025-12-05T11:11:04Z</time>
				<extensions>
					<ns3:TrackPointExtension>
						<ns3:speed>1.58</ns3:speed>
						<ns3:cad>59.0</ns3:cad>
						<ns3:hr>115</ns3:hr>
					</ns3:TrackPointExtension>
				</extensions>
			</trkpt>
			<trkpt lat="48.98723275" lon="2.33517593">
				<ele>84.56</ele>
				<time>2025-12-05T11:11:05Z</time>
				<extensions>
					<ns3:TrackPointExtension>
						<ns3:speed>1.58</ns3:speed>
						<ns3:cad>59.0</ns3:cad>
						<ns3:hr>114</ns3:hr>
					</ns3:TrackPointExtension>
				</extensions>
			</trkpt>
			<trkpt lat="48.98724608" lon="2.33517792">
				<ele>84.49</ele>
				<time>2025-12-05T11:11:06Z</time>
				<extensions>
					<ns3:TrackPointExtension>
						<ns3:speed>1.58</ns3:speed>
						<ns3:cad>59.0</ns3:cad>
						<ns3:hr>114</ns3:hr>
					</ns3:TrackPointExtension>
				</extensions>
			</trkpt>
			<trkpt lat="48.98726207" lon="2.33517726">
				<ele>84.43</ele>
				<time>2025-12-05T11:11:07Z</time>
				<extensions>
					<ns3:TrackPointExtension>
						<ns3:speed>1.58</ns3:speed>
						<ns3:cad>59.0</ns3:cad>
						<ns3:hr>113</ns3:hr>
					</ns3:TrackPointExtension>
				</extensions>
			</trkpt>
			<trkpt lat="48.9872754" lon="2.33517693">
				<ele>84.38</ele>
				<time>2025-12-05T11:11:08Z</time>
				<extensions>
					<ns3:TrackPointExtension>
						<ns3:speed>1.57</ns3:speed>
						<ns3:cad>58.0</ns3:cad>
						<ns3:hr>112</ns3:hr>
					</ns3:TrackPointExtension>
				</extensions>
			</trkpt>
			<trkpt lat="48.98728573" lon="2.33516993">
				<ele>84.34</ele>
				<time>2025-12-05T11:11:09Z</time>
				<extensions>
					<ns3:TrackPointExtension>
						<ns3:speed>1.57</ns3:speed>
						<ns3:cad>58.0</ns3:cad>
						<ns3:hr>111</ns3:hr>
					</ns3:TrackPointExtension>
				</extensions>
			</trkpt>
			<trkpt lat="48.98729439" lon="2.33515827">
				<ele>84.3</ele>
				<time>2025-12-05T11:11:10Z</time>
				<extensions>
					<ns3:TrackPointExtension>
						<ns3:speed>1.56</ns3:speed>
						<ns3:cad>58.0</ns3:cad>
						<ns3:hr>110</ns3:hr>
					</ns3:TrackPointExtension>
				</extensions>
			</trkpt>
			<trkpt lat="48.98730038" lon="2.33514627">
				<ele>84.24</ele>
				<time>2025-12-05T11:11:11Z</time>
				<extensions>
					<ns3:TrackPointExtension>
						<ns3:speed>1.56</ns3:speed>
						<ns3:cad>58.0</ns3:cad>
						<ns3:hr>109</ns3:hr>
					</ns3:TrackPointExtension>
				</extensions>
			</trkpt>
			<trkpt lat="48.98730504" lon="2.33513361">
				<ele>84.2</ele>
				<time>2025-12-05T11:11:12Z</time>
				<extensions>
					<ns3:TrackPointExtension>
						<ns3:speed>1.55</ns3:speed>
						<ns3:cad>58.0</ns3:cad>
						<ns3:hr>109</ns3:hr>
					</ns3:TrackPointExtension>
				</extensions>
			</trkpt>
			<trkpt lat="48.9873107" lon="2.33511761">
				<ele>84.13</ele>
				<time>2025-12-05T11:11:13Z</time>
				<extensions>
					<ns3:TrackPointExtension>
						<ns3:speed>1.54</ns3:speed>
						<ns3:cad>59.0</ns3:cad>
						<ns3:hr>109</ns3:hr>
					</ns3:TrackPointExtension>
				</extensions>
			</trkpt>
			<trkpt lat="48.98731669" lon="2.33509962">
				<ele>84.08</ele>
				<time>2025-12-05T11:11:14Z</time>
				<extensions>
					<ns3:TrackPointExtension>
						<ns3:speed>1.53</ns3:speed>
						<ns3:cad>59.0</ns3:cad>
						<ns3:hr>109</ns3:hr>
					</ns3:TrackPointExtension>
				</extensions>
			</trkpt>
			<trkpt lat="48.98732168" lon="2.33508029">
				<ele>84.02</ele>
				<time>2025-12-05T11:11:15Z</time>
				<extensions>
					<ns3:TrackPointExtension>
						<ns3:speed>1.52</ns3:speed>
						<ns3:cad>59.0</ns3:cad>
						<ns3:hr>109</ns3:hr>
					</ns3:TrackPointExtension>
				</extensions>
			</trkpt>
			<trkpt lat="48.98732534" lon="2.33505996">
				<ele>83.95</ele>
				<time>2025-12-05T11:11:16Z</time>
				<extensions>
					<ns3:TrackPointExtension>
						<ns3:speed>1.51</ns3:speed>
						<ns3:cad>59.0</ns3:cad>
						<ns3:hr>110</ns3:hr>
					</ns3:TrackPointExtension>
				</extensions>
			</trkpt>
			<trkpt lat="48.98732933" lon="2.33503963">
				<ele>83.9</ele>
				<time>2025-12-05T11:11:17Z</time>
				<extensions>
					<ns3:TrackPointExtension>
						<ns3:speed>1.51</ns3:speed>
						<ns3:cad>59.0</ns3:cad>
						<ns3:hr>109</ns3:hr>
					</ns3:TrackPointExtension>
				</extensions>
			</trkpt>
			<trkpt lat="48.98733466" lon="2.3350203">
				<ele>83.86</ele>
				<time>2025-12-05T11:11:18Z</time>
				<extensions>
					<ns3:TrackPointExtension>
						<ns3:speed>1.51</ns3:speed>
						<ns3:cad>59.0</ns3:cad>
						<ns3:hr>110</ns3:hr>
					</ns3:TrackPointExtension>
				</extensions>
			</trkpt>
			<trkpt lat="48.98733966" lon="2.33500131">
				<ele>83.82</ele>
				<time>2025-12-05T11:11:19Z</time>
				<extensions>
					<ns3:TrackPointExtension>
						<ns3:speed>1.5</ns3:speed>
						<ns3:cad>59.0</ns3:cad>
						<ns3:hr>110</ns3:hr>
					</ns3:TrackPointExtension>
				</extensions>
			</trkpt>
			<trkpt lat="48.98734365" lon="2.33498098">
				<ele>83.79</ele>
				<time>2025-12-05T11:11:20Z</time>
				<extensions>
					<ns3:TrackPointExtension>
						<ns3:speed>1.5</ns3:speed>
						<ns3:cad>59.0</ns3:cad>
						<ns3:hr>109</ns3:hr>
					</ns3:TrackPointExtension>
				</extensions>
			</trkpt>
			<trkpt lat="48.98734964" lon="2.33496099">
				<ele>83.76</ele>
				<time>2025-12-05T11:11:21Z</time>
				<extensions>
					<ns3:TrackPointExtension>
						<ns3:speed>1.5</ns3:speed>
						<ns3:cad>59.0</ns3:cad>
						<ns3:hr>109</ns3:hr>
					</ns3:TrackPointExtension>
				</extensions>
			</trkpt>
			<trkpt lat="48.98735864" lon="2.33494166">
				<ele>83.74</ele>
				<time>2025-12-05T11:11:22Z</time>
				<extensions>
					<ns3:TrackPointExtension>
						<ns3:speed>1.5</ns3:speed>
						<ns3:cad>59.0</ns3:cad>
						<ns3:hr>109</ns3:hr>
					</ns3:TrackPointExtension>
				</extensions>
			</trkpt>
			<trkpt lat="48.98736763" lon="2.33492366">
				<ele>83.73</ele>
				<time>2025-12-05T11:11:23Z</time>
				<extensions>
					<ns3:TrackPointExtension>
						<ns3:speed>1.5</ns3:speed>
						<ns3:cad>59.0</ns3:cad>
						<ns3:hr>109</ns3:hr>
					</ns3:TrackPointExtension>
				</extensions>
			</trkpt>
			<trkpt lat="48.98737662" lon="2.334906">
				<ele>83.71</ele>
				<time>2025-12-05T11:11:24Z</time>
				<extensions>
					<ns3:TrackPointExtension>
						<ns3:speed>1.5</ns3:speed>
						<ns3:cad>60.0</ns3:cad>
						<ns3:hr>109</ns3:hr>
					</ns3:TrackPointExtension>
				</extensions>
			</trkpt>
			<trkpt lat="48.98738428" lon="2.33489067">
				<ele>83.7</ele>
				<time>2025-12-05T11:11:25Z</time>
				<extensions>
					<ns3:TrackPointExtension>
						<ns3:speed>1.5</ns3:speed>
						<ns3:cad>60.0</ns3:cad>
						<ns3:hr>109</ns3:hr>
					</ns3:TrackPointExtension>
				</extensions>
			</trkpt>
			<trkpt lat="48.98739194" lon="2.33487467">
				<ele>83.69</ele>
				<time>2025-12-05T11:11:26Z</time>
				<extensions>
					<ns3:TrackPointExtension>
						<ns3:speed>1.49</ns3:speed>
						<ns3:cad>60.0</ns3:cad>
						<ns3:hr>109</ns3:hr>
					</ns3:TrackPointExtension>
				</extensions>
			</trkpt>
			<trkpt lat="48.98739927" lon="2.33485668">
				<ele>83.69</ele>
				<time>2025-12-05T11:11:27Z</time>
				<extensions>
					<ns3:TrackPointExtension>
						<ns3:speed>1.49</ns3:speed>
						<ns3:cad>60.0</ns3:cad>
						<ns3:hr>109</ns3:hr>
					</ns3:TrackPointExtension>
				</extensions>
			</trkpt>
			<trkpt lat="48.98740727" lon="2.33483702">
				<ele>83.68</ele>
				<time>2025-12-05T11:11:28Z</time>
				<extensions>
					<ns3:TrackPointExtension>
						<ns3:speed>1.49</ns3:speed>
						<ns3:cad>60.0</ns3:cad>
						<ns3:hr>109</ns3:hr>
					</ns3:TrackPointExtension>
				</extensions>
			</trkpt>
			<trkpt lat="48.98741593" lon="2.33481869">
				<ele>83.68</ele>
				<time>2025-12-05T11:11:29Z</time>
				<extensions>
					<ns3:TrackPointExtension>
						<ns3:speed>1.49</ns3:speed>
						<ns3:cad>60.0</ns3:cad>
						<ns3:hr>110</ns3:hr>
					</ns3:TrackPointExtension>
				</extensions>
			</trkpt>
			<trkpt lat="48.98742393" lon="2.33480036">
				<ele>83.68</ele>
				<time>2025-12-05T11:11:30Z</time>
				<extensions>
					<ns3:TrackPointExtension>
						<ns3:speed>1.49</ns3:speed>
						<ns3:cad>60.0</ns3:cad>
						<ns3:hr>110</ns3:hr>
					</ns3:TrackPointExtension>
				</extensions>
			</trkpt>
			<trkpt lat="48.98743193" lon="2.33478237">
				<ele>83.7</ele>
				<time>2025-12-05T11:11:31Z</time>
				<extensions>
					<ns3:TrackPointExtension>
						<ns3:speed>1.49</ns3:speed>
						<ns3:cad>60.0</ns3:cad>
						<ns3:hr>109</ns3:hr>
					</ns3:TrackPointExtension>
				</extensions>
			</trkpt>
			<trkpt lat="48.98744293" lon="2.33476504">
				<ele>83.7</ele>
				<time>2025-12-05T11:11:32Z</time>
				<extensions>
					<ns3:TrackPointExtension>
						<ns3:speed>1.49</ns3:speed>
						<ns3:cad>60.0</ns3:cad>
						<ns3:hr>109</ns3:hr>
					</ns3:TrackPointExtension>
				</extensions>
			</trkpt>
			<trkpt lat="48.98745392" lon="2.33475038">
				<ele>83.7</ele>
				<time>2025-12-05T11:11:33Z</time>
				<extensions>
					<ns3:TrackPointExtension>
						<ns3:speed>1.49</ns3:speed>
						<ns3:cad>59.0</ns3:cad>
						<ns3:hr>109</ns3:hr>
					</ns3:TrackPointExtension>
				</extensions>
			</trkpt>
			<trkpt lat="48.98746592" lon="2.33473905">
				<ele>83.69</ele>
				<time>2025-12-05T11:11:34Z</time>
				<extensions>
					<ns3:TrackPointExtension>
						<ns3:speed>1.49</ns3:speed>
						<ns3:cad>59.0</ns3:cad>
						<ns3:hr>109</ns3:hr>
					</ns3:TrackPointExtension>
				</extensions>
			</trkpt>
			<trkpt lat="48.98747858" lon="2.33472939">
				<ele>83.67</ele>
				<time>2025-12-05T11:11:35Z</time>
				<extensions>
					<ns3:TrackPointExtension>
						<ns3:speed>1.49</ns3:speed>
						<ns3:cad>59.0</ns3:cad>
						<ns3:hr>109</ns3:hr>
					</ns3:TrackPointExtension>
				</extensions>
			</trkpt>
			<trkpt lat="48.98749058" lon="2.33472406">
				<ele>83.64</ele>
				<time>2025-12-05T11:11:36Z</time>
				<extensions>
					<ns3:TrackPointExtension>
						<ns3:speed>1.49</ns3:speed>
						<ns3:cad>58.0</ns3:cad>
						<ns3:hr>110</ns3:hr>
					</ns3:TrackPointExtension>
				</extensions>
			</trkpt>
			<trkpt lat="48.98750124" lon="2.33472705">
				<ele>83.55</ele>
				<time>2025-12-05T11:11:37Z</time>
				<extensions>
					<ns3:TrackPointExtension>
						<ns3:speed>1.49</ns3:speed>
						<ns3:cad>58.0</ns3:cad>
						<ns3:hr>110</ns3:hr>
					</ns3:TrackPointExtension>
				</extensions>
			</trkpt>
			<trkpt lat="48.9875129" lon="2.33473138">
				<ele>83.45</ele>
				<time>2025-12-05T11:11:38Z</time>
				<extensions>
					<ns3:TrackPointExtension>
						<ns3:speed>1.49</ns3:speed>
						<ns3:cad>59.0</ns3:cad>
						<ns3:hr>110</ns3:hr>
					</ns3:TrackPointExtension>
				</extensions>
			</trkpt>
			<trkpt lat="48.98752523" lon="2.33473604">
				<ele>83.36</ele>
				<time>2025-12-05T11:11:39Z</time>
				<extensions>
					<ns3:TrackPointExtension>
						<ns3:speed>1.49</ns3:speed>
						<ns3:cad>59.0</ns3:cad>
						<ns3:hr>110</ns3:hr>
					</ns3:TrackPointExtension>
				</extensions>
			</trkpt>
			<trkpt lat="48.98753923" lon="2.3347407">
				<ele>83.26</ele>
				<time>2025-12-05T11:11:40Z</time>
				<extensions>
					<ns3:TrackPointExtension>
						<ns3:speed>1.49</ns3:speed>
						<ns3:cad>60.0</ns3:cad>
						<ns3:hr>111</ns3:hr>
					</ns3:TrackPointExtension>
				</extensions>
			</trkpt>
			<trkpt lat="48.98755456" lon="2.3347447">
				<ele>83.13</ele>
				<time>2025-12-05T11:11:41Z</time>
				<extensions>
					<ns3:TrackPointExtension>
						<ns3:speed>1.49</ns3:speed>
						<ns3:cad>60.0</ns3:cad>
						<ns3:hr>111</ns3:hr>
					</ns3:TrackPointExtension>
				</extensions>
			</trkpt>
			<trkpt lat="48.98756889" lon="2.3347487">
				<ele>83.02</ele>
				<time>2025-12-05T11:11:42Z</time>
				<extensions>
					<ns3:TrackPointExtension>
						<ns3:speed>1.49</ns3:speed>
						<ns3:cad>60.0</ns3:cad>
						<ns3:hr>111</ns3:hr>
					</ns3:TrackPointExtension>
				</extensions>
			</trkpt>
			<trkpt lat="48.98758289" lon="2.33475369">
				<ele>82.9</ele>
				<time>2025-12-05T11:11:43Z</time>
				<extensions>
					<ns3:TrackPointExtension>
						<ns3:speed>1.49</ns3:speed>
						<ns3:cad>60.0</ns3:cad>
						<ns3:hr>112</ns3:hr>
					</ns3:TrackPointExtension>
				</extensions>
			</trkpt>
			<trkpt lat="48.98759689" lon="2.33475935">
				<ele>82.77</ele>
				<time>2025-12-05T11:11:44Z</time>
				<extensions>
					<ns3:TrackPointExtension>
						<ns3:speed>1.5</ns3:speed>
						<ns3:cad>60.0</ns3:cad>
						<ns3:hr>113</ns3:hr>
					</ns3:TrackPointExtension>
				</extensions>
			</trkpt>
			<trkpt lat="48.98761155" lon="2.33476401">
				<ele>82.65</ele>
				<time>2025-12-05T11:11:45Z</time>
				<extensions>
					<ns3:TrackPointExtension>
						<ns3:speed>1.5</ns3:speed>
						<ns3:cad>60.0</ns3:cad>
						<ns3:hr>113</ns3:hr>
					</ns3:TrackPointExtension>
				</extensions>
			</trkpt>
			<trkpt lat="48.98762588" lon="2.334773">
				<ele>82.5</ele>
				<time>2025-12-05T11:11:46Z</time>
				<extensions>
					<ns3:TrackPointExtension>
						<ns3:speed>1.5</ns3:speed>
						<ns3:cad>60.0</ns3:cad>
						<ns3:hr>113</ns3:hr>
					</ns3:TrackPointExtension>
				</extensions>
			</trkpt>
			<trkpt lat="48.98763988" lon="2.33478333">
				<ele>82.34</ele>
				<time>2025-12-05T11:11:47Z</time>
				<extensions>
					<ns3:TrackPointExtension>
						<ns3:speed>1.51</ns3:speed>
						<ns3:cad>61.0</ns3:cad>
						<ns3:hr>113</ns3:hr>
					</ns3:TrackPointExtension>
				</extensions>
			</trkpt>
			<trkpt lat="48.98765421" lon="2.33479499">
				<ele>82.19</ele>
				<time>2025-12-05T11:11:48Z</time>
				<extensions>
					<ns3:TrackPointExtension>
						<ns3:speed>1.51</ns3:speed>
						<ns3:cad>61.0</ns3:cad>
						<ns3:hr>114</ns3:hr>
					</ns3:TrackPointExtension>
				</extensions>
			</trkpt>
			<trkpt lat="48.9876702" lon="2.33480499">
				<ele>82.06</ele>
				<time>2025-12-05T11:11:49Z</time>
				<extensions>
					<ns3:TrackPointExtension>
						<ns3:speed>1.51</ns3:speed>
						<ns3:cad>61.0</ns3:cad>
						<ns3:hr>114</ns3:hr>
					</ns3:TrackPointExtension>
				</extensions>
			</trkpt>
			<trkpt lat="48.98768553" lon="2.33481132">
				<ele>81.92</ele>
				<time>2025-12-05T11:11:50Z</time>
				<extensions>
					<ns3:TrackPointExtension>
						<ns3:speed>1.52</ns3:speed>
						<ns3:cad>61.0</ns3:cad>
						<ns3:hr>113</ns3:hr>
					</ns3:TrackPointExtension>
				</extensions>
			</trkpt>
			<trkpt lat="48.98770086" lon="2.33481631">
				<ele>81.78</ele>
				<time>2025-12-05T11:11:51Z</time>
				<extensions>
					<ns3:TrackPointExtension>
						<ns3:speed>1.52</ns3:speed>
						<ns3:cad>61.0</ns3:cad>
						<ns3:hr>113</ns3:hr>
					</ns3:TrackPointExtension>
				</extensions>
			</trkpt>
			<trkpt lat="48.98771686" lon="2.33482031">
				<ele>81.64</ele>
				<time>2025-12-05T11:11:52Z</time>
				<extensions>
					<ns3:TrackPointExtension>
						<ns3:speed>1.53</ns3:speed>
						<ns3:cad>61.0</ns3:cad>
						<ns3:hr>112</ns3:hr>
					</ns3:TrackPointExtension>
				</extensions>
			</trkpt>
			<trkpt lat="48.98773219" lon="2.33482397">
				<ele>81.51</ele>
				<time>2025-12-05T11:11:53Z</time>
				<extensions>
					<ns3:TrackPointExtension>
						<ns3:speed>1.54</ns3:speed>
						<ns3:cad>61.0</ns3:cad>
						<ns3:hr>112</ns3:hr>
					</ns3:TrackPointExtension>
				</extensions>
			</trkpt>
			<trkpt lat="48.98774619" lon="2.3348303">
				<ele>81.51</ele>
				<time>2025-12-05T11:11:54Z</time>
				<extensions>
					<ns3:TrackPointExtension>
						<ns3:speed>1.54</ns3:speed>
						<ns3:cad>61.0</ns3:cad>
						<ns3:hr>112</ns3:hr>
					</ns3:TrackPointExtension>
				</extensions>
			</trkpt>
			<trkpt lat="48.98775952" lon="2.33483796">
				<ele>81.3</ele>
				<time>2025-12-05T11:11:55Z</time>
				<extensions>
					<ns3:TrackPointExtension>
						<ns3:speed>1.55</ns3:speed>
						<ns3:cad>61.0</ns3:cad>
						<ns3:hr>111</ns3:hr>
					</ns3:TrackPointExtension>
				</extensions>
			</trkpt>
			<trkpt lat="48.98777318" lon="2.33484362">
				<ele>81.18</ele>
				<time>2025-12-05T11:11:56Z</time>
				<extensions>
					<ns3:TrackPointExtension>
						<ns3:speed>1.55</ns3:speed>
						<ns3:cad>61.0</ns3:cad>
						<ns3:hr>112</ns3:hr>
					</ns3:TrackPointExtension>
				</extensions>
			</trkpt>
			<trkpt lat="48.98778684" lon="2.33484928">
				<ele>81.07</ele>
				<time>2025-12-05T11:11:57Z</time>
				<extensions>
					<ns3:TrackPointExtension>
						<ns3:speed>1.56</ns3:speed>
						<ns3:cad>61.0</ns3:cad>
						<ns3:hr>113</ns3:hr>
					</ns3:TrackPointExtension>
				</extensions>
			</trkpt>
			<trkpt lat="48.98779917" lon="2.33485994">
				<ele>80.98</ele>
				<time>2025-12-05T11:11:58Z</time>
				<extensions>
					<ns3:TrackPointExtension>
						<ns3:speed>1.56</ns3:speed>
						<ns3:cad>61.0</ns3:cad>
						<ns3:hr>112</ns3:hr>
					</ns3:TrackPointExtension>
				</extensions>
			</trkpt>
			<trkpt lat="48.98781417" lon="2.33486227">
				<ele>80.89</ele>
				<time>2025-12-05T11:11:59Z</time>
				<extensions>
					<ns3:TrackPointExtension>
						<ns3:speed>1.56</ns3:speed>
						<ns3:cad>61.0</ns3:cad>
						<ns3:hr>113</ns3:hr>
					</ns3:TrackPointExtension>
				</extensions>
			</trkpt>
			<trkpt lat="48.98782816" lon="2.33486726">
				<ele>80.79</ele>
				<time>2025-12-05T11:12:00Z</time>
				<extensions>
					<ns3:TrackPointExtension>
						<ns3:speed>1.56</ns3:speed>
						<ns3:cad>61.0</ns3:cad>
						<ns3:hr>113</ns3:hr>
					</ns3:TrackPointExtension>
				</extensions>
			</trkpt>
			<trkpt lat="48.98784049" lon="2.33486926">
				<ele>80.69</ele>
				<time>2025-12-05T11:12:01Z</time>
				<extensions>
					<ns3:TrackPointExtension>
						<ns3:speed>1.56</ns3:speed>
						<ns3:cad>60.0</ns3:cad>
						<ns3:hr>113</ns3:hr>
					</ns3:TrackPointExtension>
				</extensions>
			</trkpt>
			<trkpt lat="48.98785449" lon="2.33486726">
				<ele>80.58</ele>
				<time>2025-12-05T11:12:02Z</time>
				<extensions>
					<ns3:TrackPointExtension>
						<ns3:speed>1.56</ns3:speed>
						<ns3:cad>60.0</ns3:cad>
						<ns3:hr>113</ns3:hr>
					</ns3:TrackPointExtension>
				</extensions>
			</trkpt>
			<trkpt lat="48.98786815" lon="2.33486493">
				<ele>80.46</ele>
				<time>2025-12-05T11:12:03Z</time>
				<extensions>
					<ns3:TrackPointExtension>
						<ns3:speed>1.56</ns3:speed>
						<ns3:cad>60.0</ns3:cad>
						<ns3:hr>113</ns3:hr>
					</ns3:TrackPointExtension>
				</extensions>
			</trkpt>
			<trkpt lat="48.98788248" lon="2.33486393">
				<ele>80.33</ele>
				<time>2025-12-05T11:12:04Z</time>
				<extensions>
					<ns3:TrackPointExtension>
						<ns3:speed>1.56</ns3:speed>
						<ns3:cad>60.0</ns3:cad>
						<ns3:hr>113</ns3:hr>
					</ns3:TrackPointExtension>
				</extensions>
			</trkpt>
			<trkpt lat="48.98789714" lon="2.33486526">
				<ele>80.21</ele>
				<time>2025-12-05T11:12:05Z</time>
				<extensions>
					<ns3:TrackPointExtension>
						<ns3:speed>1.56</ns3:speed>
						<ns3:cad>59.0</ns3:cad>
						<ns3:hr>113</ns3:hr>
					</ns3:TrackPointExtension>
				</extensions>
			</trkpt>
			<trkpt lat="48.9879118" lon="2.33486759">
				<ele>80.06</ele>
				<time>2025-12-05T11:12:06Z</time>
				<extensions>
					<ns3:TrackPointExtension>
						<ns3:speed>1.56</ns3:speed>
						<ns3:cad>59.0</ns3:cad>
						<ns3:hr>113</ns3:hr>
					</ns3:TrackPointExtension>
				</extensions>
			</trkpt>
			<trkpt lat="48.9879268" lon="2.33487025">
				<ele>79.91</ele>
				<time>2025-12-05T11:12:07Z</time>
				<extensions>
					<ns3:TrackPointExtension>
						<ns3:speed>1.56</ns3:speed>
						<ns3:cad>59.0</ns3:cad>
						<ns3:hr>113</ns3:hr>
					</ns3:TrackPointExtension>
				</extensions>
			</trkpt>
			<trkpt lat="48.9879408" lon="2.33487458">
				<ele>79.76</ele>
				<time>2025-12-05T11:12:08Z</time>
				<extensions>
					<ns3:TrackPointExtension>
						<ns3:speed>1.56</ns3:speed>
						<ns3:cad>58.0</ns3:cad>
						<ns3:hr>113</ns3:hr>
					</ns3:TrackPointExtension>
				</extensions>
			</trkpt>
			<trkpt lat="48.98795413" lon="2.33488057">
				<ele>79.62</ele>
				<time>2025-12-05T11:12:09Z</time>
				<extensions>
					<ns3:TrackPointExtension>
						<ns3:speed>1.56</ns3:speed>
						<ns3:cad>58.0</ns3:cad>
						<ns3:hr>112</ns3:hr>
					</ns3:TrackPointExtension>
				</extensions>
			</trkpt>
			<trkpt lat="48.98796679" lon="2.33488856">
				<ele>79.48</ele>
				<time>2025-12-05T11:12:10Z</time>
				<extensions>
					<ns3:TrackPointExtension>
						<ns3:speed>1.56</ns3:speed>
						<ns3:cad>59.0</ns3:cad>
						<ns3:hr>112</ns3:hr>
					</ns3:TrackPointExtension>
				</extensions>
			</trkpt>
			<trkpt lat="48.98797878" lon="2.33489756">
				<ele>79.35</ele>
				<time>2025-12-05T11:12:11Z</time>
				<extensions>
					<ns3:TrackPointExtension>
						<ns3:speed>1.56</ns3:speed>
						<ns3:cad>59.0</ns3:cad>
						<ns3:hr>111</ns3:hr>
					</ns3:TrackPointExtension>
				</extensions>
			</trkpt>
			<trkpt lat="48.98799077" lon="2.33490622">
				<ele>79.24</ele>
				<time>2025-12-05T11:12:12Z</time>
				<extensions>
					<ns3:TrackPointExtension>
						<ns3:speed>1.56</ns3:speed>
						<ns3:cad>59.0</ns3:cad>
						<ns3:hr>111</ns3:hr>
					</ns3:TrackPointExtension>
				</extensions>
			</trkpt>
			<trkpt lat="48.98800477" lon="2.33491288">
				<ele>79.11</ele>
				<time>2025-12-05T11:12:13Z</time>
				<extensions>
					<ns3:TrackPointExtension>
						<ns3:speed>1.56</ns3:speed>
						<ns3:cad>59.0</ns3:cad>
						<ns3:hr>111</ns3:hr>
					</ns3:TrackPointExtension>
				</extensions>
			</trkpt>
			<trkpt lat="48.9880181" lon="2.33492154">
				<ele>79.01</ele>
				<time>2025-12-05T11:12:14Z</time>
				<extensions>
					<ns3:TrackPointExtension>
						<ns3:speed>1.56</ns3:speed>
						<ns3:cad>59.0</ns3:cad>
						<ns3:hr>110</ns3:hr>
					</ns3:TrackPointExtension>
				</extensions>
			</trkpt>
			<trkpt lat="48.98803243" lon="2.33492987">
				<ele>78.91</ele>
				<time>2025-12-05T11:12:15Z</time>
				<extensions>
					<ns3:TrackPointExtension>
						<ns3:speed>1.55</ns3:speed>
						<ns3:cad>59.0</ns3:cad>
						<ns3:hr>110</ns3:hr>
					</ns3:TrackPointExtension>
				</extensions>
			</trkpt>
			<trkpt lat="48.98804543" lon="2.33493753">
				<ele>78.82</ele>
				<time>2025-12-05T11:12:16Z</time>
				<extensions>
					<ns3:TrackPointExtension>
						<ns3:speed>1.55</ns3:speed>
						<ns3:cad>59.0</ns3:cad>
						<ns3:hr>110</ns3:hr>
					</ns3:TrackPointExtension>
				</extensions>
			</trkpt>
			<trkpt lat="48.98805142" lon="2.3349262">
				<ele>78.73</ele>
				<time>2025-12-05T11:12:17Z</time>
				<extensions>
					<ns3:TrackPointExtension>
						<ns3:speed>1.55</ns3:speed>
						<ns3:cad>59.0</ns3:cad>
						<ns3:hr>110</ns3:hr>
					</ns3:TrackPointExtension>
				</extensions>
			</trkpt>
			<trkpt lat="48.98805575" lon="2.33491087">
				<ele>78.6</ele>
				<time>2025-12-05T11:12:18Z</time>
				<extensions>
					<ns3:TrackPointExtension>
						<ns3:speed>1.55</ns3:speed>
						<ns3:cad>59.0</ns3:cad>
						<ns3:hr>111</ns3:hr>
					</ns3:TrackPointExtension>
				</extensions>
			</trkpt>
			<trkpt lat="48.98805908" lon="2.33489688">
				<ele>78.5</ele>
				<time>2025-12-05T11:12:19Z</time>
				<extensions>
					<ns3:TrackPointExtension>
						<ns3:speed>1.55</ns3:speed>
						<ns3:cad>59.0</ns3:cad>
						<ns3:hr>111</ns3:hr>
					</ns3:TrackPointExtension>
				</extensions>
			</trkpt>
			<trkpt lat="48.98806107" lon="2.33488455">
				<ele>78.41</ele>
				<time>2025-12-05T11:12:20Z</time>
				<extensions>
					<ns3:TrackPointExtension>
						<ns3:speed>1.54</ns3:speed>
						<ns3:cad>59.0</ns3:cad>
						<ns3:hr>112</ns3:hr>
					</ns3:TrackPointExtension>
				</extensions>
			</trkpt>
			<trkpt lat="48.98806207" lon="2.33487389">
				<ele>78.3</ele>
				<time>2025-12-05T11:12:21Z</time>
				<extensions>
					<ns3:TrackPointExtension>
						<ns3:speed>1.53</ns3:speed>
						<ns3:cad>59.0</ns3:cad>
						<ns3:hr>111</ns3:hr>
					</ns3:TrackPointExtension>
				</extensions>
			</trkpt>
			<trkpt lat="48.9880654" lon="2.33486989">
				<ele>78.19</ele>
				<time>2025-12-05T11:12:22Z</time>
				<extensions>
					<ns3:TrackPointExtension>
						<ns3:speed>1.52</ns3:speed>
						<ns3:cad>58.0</ns3:cad>
						<ns3:hr>110</ns3:hr>
					</ns3:TrackPointExtension>
				</extensions>
			</trkpt>
			<trkpt lat="48.98806873" lon="2.33487055">
				<ele>78.1</ele>
				<time>2025-12-05T11:12:23Z</time>
				<extensions>
					<ns3:TrackPointExtension>
						<ns3:speed>1.5</ns3:speed>
						<ns3:cad>57.0</ns3:cad>
						<ns3:hr>109</ns3:hr>
					</ns3:TrackPointExtension>
				</extensions>
			</trkpt>
			<trkpt lat="48.98807206" lon="2.33487455">
				<ele>78.01</ele>
				<time>2025-12-05T11:12:24Z</time>
				<extensions>
					<ns3:TrackPointExtension>
						<ns3:speed>1.17</ns3:speed>
						<ns3:cad>56.0</ns3:cad>
						<ns3:hr>108</ns3:hr>
					</ns3:TrackPointExtension>
				</extensions>
			</trkpt>
			<trkpt lat="48.98807672" lon="2.33488054">
				<ele>77.94</ele>
				<time>2025-12-05T11:12:25Z</time>
				<extensions>
					<ns3:TrackPointExtension>
						<ns3:speed>0.79</ns3:speed>
						<ns3:cad>54.0</ns3:cad>
						<ns3:hr>109</ns3:hr>
					</ns3:TrackPointExtension>
				</extensions>
			</trkpt>
			<trkpt lat="48.98808338" lon="2.33488487">
				<ele>77.89</ele>
				<time>2025-12-05T11:12:26Z</time>
				<extensions>
					<ns3:TrackPointExtension>
						<ns3:speed>0.64</ns3:speed>
						<ns3:cad>51.0</ns3:cad>
						<ns3:hr>108</ns3:hr>
					</ns3:TrackPointExtension>
				</extensions>
			</trkpt>
			<trkpt lat="48.98809438" lon="2.33489386">
				<ele>77.83</ele>
				<time>2025-12-05T11:12:27Z</time>
				<extensions>
					<ns3:TrackPointExtension>
						<ns3:speed>0.57</ns3:speed>
						<ns3:cad>48.0</ns3:cad>
						<ns3:hr>107</ns3:hr>
					</ns3:TrackPointExtension>
				</extensions>
			</trkpt>
			<trkpt lat="48.98810538" lon="2.33490752">
				<ele>77.79</ele>
				<time>2025-12-05T11:12:28Z</time>
				<extensions>
					<ns3:TrackPointExtension>
						<ns3:speed>0.55</ns3:speed>
						<ns3:cad>44.0</ns3:cad>
						<ns3:hr>107</ns3:hr>
					</ns3:TrackPointExtension>
				</extensions>
			</trkpt>
			<trkpt lat="48.98811871" lon="2.33492885">
				<ele>77.72</ele>
				<time>2025-12-05T11:12:29Z</time>
				<extensions>
					<ns3:TrackPointExtension>
						<ns3:speed>0.53</ns3:speed>
						<ns3:cad>44.0</ns3:cad>
						<ns3:hr>107</ns3:hr>
					</ns3:TrackPointExtension>
				</extensions>
			</trkpt>
			<trkpt lat="48.9881287" lon="2.33495918">
				<ele>77.64</ele>
				<time>2025-12-05T11:12:30Z</time>
				<extensions>
					<ns3:TrackPointExtension>
						<ns3:speed>0.76</ns3:speed>
						<ns3:cad>44.0</ns3:cad>
						<ns3:hr>107</ns3:hr>
					</ns3:TrackPointExtension>
				</extensions>
			</trkpt>
			<trkpt lat="48.98813603" lon="2.33498918">
				<ele>77.55</ele>
				<time>2025-12-05T11:12:31Z</time>
				<extensions>
					<ns3:TrackPointExtension>
						<ns3:speed>1.16</ns3:speed>
						<ns3:cad>54.0</ns3:cad>
						<ns3:hr>107</ns3:hr>
					</ns3:TrackPointExtension>
				</extensions>
			</trkpt>
			<trkpt lat="48.98814036" lon="2.33501984">
				<ele>77.47</ele>
				<time>2025-12-05T11:12:32Z</time>
				<extensions>
					<ns3:TrackPointExtension>
						<ns3:speed>1.52</ns3:speed>
						<ns3:cad>58.0</ns3:cad>
						<ns3:hr>107</ns3:hr>
					</ns3:TrackPointExtension>
				</extensions>
			</trkpt>
			<trkpt lat="48.98814369" lon="2.3350495">
				<ele>77.39</ele>
				<time>2025-12-05T11:12:33Z</time>
				<extensions>
					<ns3:TrackPointExtension>
						<ns3:speed>1.69</ns3:speed>
						<ns3:cad>59.0</ns3:cad>
						<ns3:hr>107</ns3:hr>
					</ns3:TrackPointExtension>
				</extensions>
			</trkpt>
			<trkpt lat="48.98814635" lon="2.33507749">
				<ele>77.31</ele>
				<time>2025-12-05T11:12:34Z</time>
				<extensions>
					<ns3:TrackPointExtension>
						<ns3:speed>1.68</ns3:speed>
						<ns3:cad>59.0</ns3:cad>
						<ns3:hr>107</ns3:hr>
					</ns3:TrackPointExtension>
				</extensions>
			</trkpt>
			<trkpt lat="48.98814801" lon="2.33510349">
				<ele>77.23</ele>
				<time>2025-12-05T11:12:35Z</time>
				<extensions>
					<ns3:TrackPointExtension>
						<ns3:speed>1.66</ns3:speed>
						<ns3:cad>60.0</ns3:cad>
						<ns3:hr>107</ns3:hr>
					</ns3:TrackPointExtension>
				</extensions>
			</trkpt>
			<trkpt lat="48.98814967" lon="2.33512782">
				<ele>77.15</ele>
				<time>2025-12-05T11:12:36Z</time>
				<extensions>
					<ns3:TrackPointExtension>
						<ns3:speed>1.74</ns3:speed>
						<ns3:cad>61.0</ns3:cad>
						<ns3:hr>107</ns3:hr>
					</ns3:TrackPointExtension>
				</extensions>
			</trkpt>
			<trkpt lat="48.98815266" lon="2.33515082">
				<ele>77.05</ele>
				<time>2025-12-05T11:12:37Z</time>
				<extensions>
					<ns3:TrackPointExtension>
						<ns3:speed>1.8</ns3:speed>
						<ns3:cad>61.0</ns3:cad>
						<ns3:hr>106</ns3:hr>
					</ns3:TrackPointExtension>
				</extensions>
			</trkpt>
			<trkpt lat="48.98815565" lon="2.33517348">
				<ele>76.97</ele>
				<time>2025-12-05T11:12:38Z</time>
				<extensions>
					<ns3:TrackPointExtension>
						<ns3:speed>1.74</ns3:speed>
						<ns3:cad>61.0</ns3:cad>
						<ns3:hr>106</ns3:hr>
					</ns3:TrackPointExtension>
				</extensions>
			</trkpt>
			<trkpt lat="48.98815898" lon="2.33519581">
				<ele>76.89</ele>
				<time>2025-12-05T11:12:39Z</time>
				<extensions>
					<ns3:TrackPointExtension>
						<ns3:speed>1.7</ns3:speed>
						<ns3:cad>61.0</ns3:cad>
						<ns3:hr>106</ns3:hr>
					</ns3:TrackPointExtension>
				</extensions>
			</trkpt>
			<trkpt lat="48.98815898" lon="2.3352178">
				<ele>76.81</ele>
				<time>2025-12-05T11:12:40Z</time>
				<extensions>
					<ns3:TrackPointExtension>
						<ns3:speed>1.67</ns3:speed>
						<ns3:cad>61.0</ns3:cad>
						<ns3:hr>107</ns3:hr>
					</ns3:TrackPointExtension>
				</extensions>
			</trkpt>
			<trkpt lat="48.98815698" lon="2.33523913">
				<ele>76.73</ele>
				<time>2025-12-05T11:12:41Z</time>
				<extensions>
					<ns3:TrackPointExtension>
						<ns3:speed>1.65</ns3:speed>
						<ns3:cad>61.0</ns3:cad>
						<ns3:hr>107</ns3:hr>
					</ns3:TrackPointExtension>
				</extensions>
			</trkpt>
			<trkpt lat="48.98815165" lon="2.33525979">
				<ele>76.64</ele>
				<time>2025-12-05T11:12:42Z</time>
				<extensions>
					<ns3:TrackPointExtension>
						<ns3:speed>1.63</ns3:speed>
						<ns3:cad>60.0</ns3:cad>
						<ns3:hr>107</ns3:hr>
					</ns3:TrackPointExtension>
				</extensions>
			</trkpt>
			<trkpt lat="48.98814632" lon="2.33528312">
				<ele>76.54</ele>
				<time>2025-12-05T11:12:43Z</time>
				<extensions>
					<ns3:TrackPointExtension>
						<ns3:speed>1.62</ns3:speed>
						<ns3:cad>60.0</ns3:cad>
						<ns3:hr>108</ns3:hr>
					</ns3:TrackPointExtension>
				</extensions>
			</trkpt>
			<trkpt lat="48.98814132" lon="2.33530545">
				<ele>76.43</ele>
				<time>2025-12-05T11:12:44Z</time>
				<extensions>
					<ns3:TrackPointExtension>
						<ns3:speed>1.63</ns3:speed>
						<ns3:cad>60.0</ns3:cad>
						<ns3:hr>108</ns3:hr>
					</ns3:TrackPointExtension>
				</extensions>
			</trkpt>
			<trkpt lat="48.98813699" lon="2.33532811">
				<ele>76.33</ele>
				<time>2025-12-05T11:12:45Z</time>
				<extensions>
					<ns3:TrackPointExtension>
						<ns3:speed>1.67</ns3:speed>
						<ns3:cad>61.0</ns3:cad>
						<ns3:hr>107</ns3:hr>
					</ns3:TrackPointExtension>
				</extensions>
			</trkpt>
			<trkpt lat="48.988131" lon="2.33535077">
				<ele>76.23</ele>
				<time>2025-12-05T11:12:46Z</time>
				<extensions>
					<ns3:TrackPointExtension>
						<ns3:speed>1.71</ns3:speed>
						<ns3:cad>61.0</ns3:cad>
						<ns3:hr>106</ns3:hr>
					</ns3:TrackPointExtension>
				</extensions>
			</trkpt>
			<trkpt lat="48.98812534" lon="2.33537276">
				<ele>76.14</ele>
				<time>2025-12-05T11:12:47Z</time>
				<extensions>
					<ns3:TrackPointExtension>
						<ns3:speed>1.73</ns3:speed>
						<ns3:cad>61.0</ns3:cad>
						<ns3:hr>107</ns3:hr>
					</ns3:TrackPointExtension>
				</extensions>
			</trkpt>
			<trkpt lat="48.98812001" lon="2.33539475">
				<ele>76.06</ele>
				<time>2025-12-05T11:12:48Z</time>
				<extensions>
					<ns3:TrackPointExtension>
						<ns3:speed>1.72</ns3:speed>
						<ns3:cad>61.0</ns3:cad>
						<ns3:hr>108</ns3:hr>
					</ns3:TrackPointExtension>
				</extensions>
			</trkpt>
			<trkpt lat="48.98811702" lon="2.33542308">
				<ele>75.99</ele>
				<time>2025-12-05T11:12:49Z</time>
				<extensions>
					<ns3:TrackPointExtension>
						<ns3:speed>1.73</ns3:speed>
						<ns3:cad>61.0</ns3:cad>
						<ns3:hr>108</ns3:hr>
					</ns3:TrackPointExtension>
				</extensions>
			</trkpt>
			<trkpt lat="48.98810636" lon="2.33544408">
				<ele>75.9</ele>
				<time>2025-12-05T11:12:50Z</time>
				<extensions>
					<ns3:TrackPointExtension>
						<ns3:speed>1.76</ns3:speed>
						<ns3:cad>61.0</ns3:cad>
						<ns3:hr>109</ns3:hr>
					</ns3:TrackPointExtension>
				</extensions>
			</trkpt>
			<trkpt lat="48.98809803" lon="2.33546341">
				<ele>75.83</ele>
				<time>2025-12-05T11:12:51Z</time>
				<extensions>
					<ns3:TrackPointExtension>
						<ns3:speed>1.78</ns3:speed>
						<ns3:cad>61.0</ns3:cad>
						<ns3:hr>110</ns3:hr>
					</ns3:TrackPointExtension>
				</extensions>
			</trkpt>
			<trkpt lat="48.9880927" lon="2.3354824">
				<ele>75.76</ele>
				<time>2025-12-05T11:12:52Z</time>
				<extensions>
					<ns3:TrackPointExtension>
						<ns3:speed>1.72</ns3:speed>
						<ns3:cad>61.0</ns3:cad>
						<ns3:hr>110</ns3:hr>
					</ns3:TrackPointExtension>
				</extensions>
			</trkpt>
			<trkpt lat="48.98809137" lon="2.33550106">
				<ele>75.69</ele>
				<time>2025-12-05T11:12:53Z</time>
				<extensions>
					<ns3:TrackPointExtension>
						<ns3:speed>1.66</ns3:speed>
						<ns3:cad>60.0</ns3:cad>
						<ns3:hr>110</ns3:hr>
					</ns3:TrackPointExtension>
				</extensions>
			</trkpt>
			<trkpt lat="48.9880937" lon="2.33552039">
				<ele>75.62</ele>
				<time>2025-12-05T11:12:54Z</time>
				<extensions>
					<ns3:TrackPointExtension>
						<ns3:speed>1.65</ns3:speed>
						<ns3:cad>60.0</ns3:cad>
						<ns3:hr>110</ns3:hr>
					</ns3:TrackPointExtension>
				</extensions>
			</trkpt>
			<trkpt lat="48.98809836" lon="2.33553639">
				<ele>75.56</ele>
				<time>2025-12-05T11:12:55Z</time>
				<extensions>
					<ns3:TrackPointExtension>
						<ns3:speed>1.63</ns3:speed>
						<ns3:cad>60.0</ns3:cad>
						<ns3:hr>111</ns3:hr>
					</ns3:TrackPointExtension>
				</extensions>
			</trkpt>
			<trkpt lat="48.98810402" lon="2.33555038">
				<ele>75.5</ele>
				<time>2025-12-05T11:12:56Z</time>
				<extensions>
					<ns3:TrackPointExtension>
						<ns3:speed>1.62</ns3:speed>
						<ns3:cad>60.0</ns3:cad>
						<ns3:hr>111</ns3:hr>
					</ns3:TrackPointExtension>
				</extensions>
			</trkpt>
			<trkpt lat="48.98811101" lon="2.33556104">
				<ele>75.44</ele>
				<time>2025-12-05T11:12:57Z</time>
				<extensions>
					<ns3:TrackPointExtension>
						<ns3:speed>1.6</ns3:speed>
						<ns3:cad>59.0</ns3:cad>
						<ns3:hr>112</ns3:hr>
					</ns3:TrackPointExtension>
				</extensions>
			</trkpt>
			<trkpt lat="48.98812101" lon="2.3355697">
				<ele>75.37</ele>
				<time>2025-12-05T11:12:58Z</time>
				<extensions>
					<ns3:TrackPointExtension>
						<ns3:speed>1.57</ns3:speed>
						<ns3:cad>59.0</ns3:cad>
						<ns3:hr>112</ns3:hr>
					</ns3:TrackPointExtension>
				</extensions>
			</trkpt>
			<trkpt lat="48.98813067" lon="2.33557803">
				<ele>75.32</ele>
				<time>2025-12-05T11:12:59Z</time>
				<extensions>
					<ns3:TrackPointExtension>
						<ns3:speed>1.56</ns3:speed>
						<ns3:cad>56.0</ns3:cad>
						<ns3:hr>111</ns3:hr>
					</ns3:TrackPointExtension>
				</extensions>
			</trkpt>
			<trkpt lat="48.98813867" lon="2.33558403">
				<ele>75.26</ele>
				<time>2025-12-05T11:13:00Z</time>
				<extensions>
					<ns3:TrackPointExtension>
						<ns3:speed>1.53</ns3:speed>
						<ns3:cad>54.0</ns3:cad>
						<ns3:hr>110</ns3:hr>
					</ns3:TrackPointExtension>
				</extensions>
			</trkpt>
			<trkpt lat="48.988146" lon="2.33558802">
				<ele>75.22</ele>
				<time>2025-12-05T11:13:01Z</time>
				<extensions>
					<ns3:TrackPointExtension>
						<ns3:speed>1.05</ns3:speed>
						<ns3:cad>54.0</ns3:cad>
						<ns3:hr>109</ns3:hr>
					</ns3:TrackPointExtension>
				</extensions>
			</trkpt>
			<trkpt lat="48.98815366" lon="2.33559235">
				<ele>75.16</ele>
				<time>2025-12-05T11:13:02Z</time>
				<extensions>
					<ns3:TrackPointExtension>
						<ns3:speed>0.51</ns3:speed>
						<ns3:cad>53.0</ns3:cad>
						<ns3:hr>109</ns3:hr>
					</ns3:TrackPointExtension>
				</extensions>
			</trkpt>
			<trkpt lat="48.98816299" lon="2.33559768">
				<ele>75.12</ele>
				<time>2025-12-05T11:13:03Z</time>
				<extensions>
					<ns3:TrackPointExtension>
						<ns3:speed>0.65</ns3:speed>
						<ns3:cad>52.0</ns3:cad>
						<ns3:hr>109</ns3:hr>
					</ns3:TrackPointExtension>
				</extensions>
			</trkpt>
			<trkpt lat="48.98817398" lon="2.33560301">
				<ele>75.07</ele>
				<time>2025-12-05T11:13:04Z</time>
				<extensions>
					<ns3:TrackPointExtension>
						<ns3:speed>0.96</ns3:speed>
						<ns3:cad>57.0</ns3:cad>
						<ns3:hr>108</ns3:hr>
					</ns3:TrackPointExtension>
				</extensions>
			</trkpt>
			<trkpt lat="48.98818598" lon="2.335608">
				<ele>75.01</ele>
				<time>2025-12-05T11:13:05Z</time>
				<extensions>
					<ns3:TrackPointExtension>
						<ns3:speed>1.15</ns3:speed>
						<ns3:cad>58.0</ns3:cad>
						<ns3:hr>108</ns3:hr>
					</ns3:TrackPointExtension>
				</extensions>
			</trkpt>
			<trkpt lat="48.98819897" lon="2.33561366">
				<ele>74.93</ele>
				<time>2025-12-05T11:13:06Z</time>
				<extensions>
					<ns3:TrackPointExtension>
						<ns3:speed>1.31</ns3:speed>
						<ns3:cad>59.0</ns3:cad>
						<ns3:hr>108</ns3:hr>
					</ns3:TrackPointExtension>
				</extensions>
			</trkpt>
			<trkpt lat="48.9882133" lon="2.33562032">
				<ele>74.87</ele>
				<time>2025-12-05T11:13:07Z</time>
				<extensions>
					<ns3:TrackPointExtension>
						<ns3:speed>1.44</ns3:speed>
						<ns3:cad>61.0</ns3:cad>
						<ns3:hr>108</ns3:hr>
					</ns3:TrackPointExtension>
				</extensions>
			</trkpt>
			<trkpt lat="48.98822896" lon="2.33562798">
				<ele>74.79</ele>
				<time>2025-12-05T11:13:08Z</time>
				<extensions>
					<ns3:TrackPointExtension>
						<ns3:speed>1.52</ns3:speed>
						<ns3:cad>62.0</ns3:cad>
						<ns3:hr>109</ns3:hr>
					</ns3:TrackPointExtension>
				</extensions>
			</trkpt>
			<trkpt lat="48.98824496" lon="2.33563631">
				<ele>74.71</ele>
				<time>2025-12-05T11:13:09Z</time>
				<extensions>
					<ns3:TrackPointExtension>
						<ns3:speed>1.57</ns3:speed>
						<ns3:cad>62.0</ns3:cad>
						<ns3:hr>109</ns3:hr>
					</ns3:TrackPointExtension>
				</extensions>
			</trkpt>
			<trkpt lat="48.98826095" lon="2.33564497">
				<ele>74.62</ele>
				<time>2025-12-05T11:13:10Z</time>
				<extensions>
					<ns3:TrackPointExtension>
						<ns3:speed>1.48</ns3:speed>
						<ns3:cad>62.0</ns3:cad>
						<ns3:hr>109</ns3:hr>
					</ns3:TrackPointExtension>
				</extensions>
			</trkpt>
			<trkpt lat="48.98827695" lon="2.33565297">
				<ele>74.53</ele>
				<time>2025-12-05T11:13:11Z</time>
				<extensions>
					<ns3:TrackPointExtension>
						<ns3:speed>1.52</ns3:speed>
						<ns3:cad>62.0</ns3:cad>
						<ns3:hr>109</ns3:hr>
					</ns3:TrackPointExtension>
				</extensions>
			</trkpt>
			<trkpt lat="48.98829295" lon="2.3356623">
				<ele>74.53</ele>
				<time>2025-12-05T11:13:12Z</time>
				<extensions>
					<ns3:TrackPointExtension>
						<ns3:speed>1.52</ns3:speed>
						<ns3:cad>62.0</ns3:cad>
						<ns3:hr>108</ns3:hr>
					</ns3:TrackPointExtension>
				</extensions>
			</trkpt>
			<trkpt lat="48.98830928" lon="2.33567163">
				<ele>74.44</ele>
				<time>2025-12-05T11:13:13Z</time>
				<extensions>
					<ns3:TrackPointExtension>
						<ns3:speed>1.71</ns3:speed>
						<ns3:cad>62.0</ns3:cad>
						<ns3:hr>108</ns3:hr>
					</ns3:TrackPointExtension>
				</extensions>
			</trkpt>
			<trkpt lat="48.98832494" lon="2.33567996">
				<ele>74.37</ele>
				<time>2025-12-05T11:13:14Z</time>
				<extensions>
					<ns3:TrackPointExtension>
						<ns3:speed>1.76</ns3:speed>
						<ns3:cad>62.0</ns3:cad>
						<ns3:hr>109</ns3:hr>
					</ns3:TrackPointExtension>
				</extensions>
			</trkpt>
			<trkpt lat="48.98834127" lon="2.33568829">
				<ele>74.31</ele>
				<time>2025-12-05T11:13:15Z</time>
				<extensions>
					<ns3:TrackPointExtension>
						<ns3:speed>1.79</ns3:speed>
						<ns3:cad>62.0</ns3:cad>
						<ns3:hr>108</ns3:hr>
					</ns3:TrackPointExtension>
				</extensions>
			</trkpt>
			<trkpt lat="48.98835626" lon="2.33569628">
				<ele>74.25</ele>
				<time>2025-12-05T11:13:16Z</time>
				<extensions>
					<ns3:TrackPointExtension>
						<ns3:speed>1.8</ns3:speed>
						<ns3:cad>62.0</ns3:cad>
						<ns3:hr>109</ns3:hr>
					</ns3:TrackPointExtension>
				</extensions>
			</trkpt>
			<trkpt lat="48.98837192" lon="2.33570494">
				<ele>74.25</ele>
				<time>2025-12-05T11:13:17Z</time>
				<extensions>
					<ns3:TrackPointExtension>
						<ns3:speed>1.8</ns3:speed>
						<ns3:cad>62.0</ns3:cad>
						<ns3:hr>109</ns3:hr>
					</ns3:TrackPointExtension>
				</extensions>
			</trkpt>
			<trkpt lat="48.98838725" lon="2.33571394">
				<ele>74.16</ele>
				<time>2025-12-05T11:13:18Z</time>
				<extensions>
					<ns3:TrackPointExtension>
						<ns3:speed>1.79</ns3:speed>
						<ns3:cad>62.0</ns3:cad>
						<ns3:hr>111</ns3:hr>
					</ns3:TrackPointExtension>
				</extensions>
			</trkpt>
			<trkpt lat="48.98840258" lon="2.33572193">
				<ele>74.12</ele>
				<time>2025-12-05T11:13:19Z</time>
				<extensions>
					<ns3:TrackPointExtension>
						<ns3:speed>1.79</ns3:speed>
						<ns3:cad>61.0</ns3:cad>
						<ns3:hr>112</ns3:hr>
					</ns3:TrackPointExtension>
				</extensions>
			</trkpt>
			<trkpt lat="48.98841757" lon="2.33572926">
				<ele>74.08</ele>
				<time>2025-12-05T11:13:20Z</time>
				<extensions>
					<ns3:TrackPointExtension>
						<ns3:speed>1.78</ns3:speed>
						<ns3:cad>61.0</ns3:cad>
						<ns3:hr>112</ns3:hr>
					</ns3:TrackPointExtension>
				</extensions>
			</trkpt>
			<trkpt lat="48.98843123" lon="2.33573592">
				<ele>74.03</ele>
				<time>2025-12-05T11:13:21Z</time>
				<extensions>
					<ns3:TrackPointExtension>
						<ns3:speed>1.77</ns3:speed>
						<ns3:cad>61.0</ns3:cad>
						<ns3:hr>112</ns3:hr>
					</ns3:TrackPointExtension>
				</extensions>
			</trkpt>
			<trkpt lat="48.98844556" lon="2.33574158">
				<ele>73.96</ele>
				<time>2025-12-05T11:13:22Z</time>
				<extensions>
					<ns3:TrackPointExtension>
						<ns3:speed>1.73</ns3:speed>
						<ns3:cad>61.0</ns3:cad>
						<ns3:hr>112</ns3:hr>
					</ns3:TrackPointExtension>
				</extensions>
			</trkpt>
			<trkpt lat="48.98845956" lon="2.33574858">
				<ele>73.91</ele>
				<time>2025-12-05T11:13:23Z</time>
				<extensions>
					<ns3:TrackPointExtension>
						<ns3:speed>1.68</ns3:speed>
						<ns3:cad>61.0</ns3:cad>
						<ns3:hr>112</ns3:hr>
					</ns3:TrackPointExtension>
				</extensions>
			</trkpt>
			<trkpt lat="48.98847256" lon="2.33575691">
				<ele>73.91</ele>
				<time>2025-12-05T11:13:24Z</time>
				<extensions>
					<ns3:TrackPointExtension>
						<ns3:speed>1.65</ns3:speed>
						<ns3:cad>61.0</ns3:cad>
						<ns3:hr>112</ns3:hr>
					</ns3:TrackPointExtension>
				</extensions>
			</trkpt>
			<trkpt lat="48.98848622" lon="2.33576224">
				<ele>73.81</ele>
				<time>2025-12-05T11:13:25Z</time>
				<extensions>
					<ns3:TrackPointExtension>
						<ns3:speed>1.63</ns3:speed>
						<ns3:cad>60.0</ns3:cad>
						<ns3:hr>112</ns3:hr>
					</ns3:TrackPointExtension>
				</extensions>
			</trkpt>
			<trkpt lat="48.98849988" lon="2.3357689">
				<ele>73.75</ele>
				<time>2025-12-05T11:13:26Z</time>
				<extensions>
					<ns3:TrackPointExtension>
						<ns3:speed>1.61</ns3:speed>
						<ns3:cad>60.0</ns3:cad>
						<ns3:hr>112</ns3:hr>
					</ns3:TrackPointExtension>
				</extensions>
			</trkpt>
			<trkpt lat="48.98851288" lon="2.33577556">
				<ele>73.68</ele>
				<time>2025-12-05T11:13:27Z</time>
				<extensions>
					<ns3:TrackPointExtension>
						<ns3:speed>1.6</ns3:speed>
						<ns3:cad>61.0</ns3:cad>
						<ns3:hr>113</ns3:hr>
					</ns3:TrackPointExtension>
				</extensions>
			</trkpt>
			<trkpt lat="48.98852654" lon="2.33578289">
				<ele>73.6</ele>
				<time>2025-12-05T11:13:28Z</time>
				<extensions>
					<ns3:TrackPointExtension>
						<ns3:speed>1.59</ns3:speed>
						<ns3:cad>61.0</ns3:cad>
						<ns3:hr>113</ns3:hr>
					</ns3:TrackPointExtension>
				</extensions>
			</trkpt>
			<trkpt lat="48.9885402" lon="2.33579088">
				<ele>73.51</ele>
				<time>2025-12-05T11:13:29Z</time>
				<extensions>
					<ns3:TrackPointExtension>
						<ns3:speed>1.58</ns3:speed>
						<ns3:cad>61.0</ns3:cad>
						<ns3:hr>113</ns3:hr>
					</ns3:TrackPointExtension>
				</extensions>
			</trkpt>
			<trkpt lat="48.98855353" lon="2.33579788">
				<ele>73.41</ele>
				<time>2025-12-05T11:13:30Z</time>
				<extensions>
					<ns3:TrackPointExtension>
						<ns3:speed>1.58</ns3:speed>
						<ns3:cad>61.0</ns3:cad>
						<ns3:hr>113</ns3:hr>
					</ns3:TrackPointExtension>
				</extensions>
			</trkpt>
			<trkpt lat="48.98856486" lon="2.33580488">
				<ele>73.33</ele>
				<time>2025-12-05T11:13:31Z</time>
				<extensions>
					<ns3:TrackPointExtension>
						<ns3:speed>1.59</ns3:speed>
						<ns3:cad>61.0</ns3:cad>
						<ns3:hr>113</ns3:hr>
					</ns3:TrackPointExtension>
				</extensions>
			</trkpt>
			<trkpt lat="48.98857452" lon="2.33580854">
				<ele>73.28</ele>
				<time>2025-12-05T11:13:32Z</time>
				<extensions>
					<ns3:TrackPointExtension>
						<ns3:speed>1.58</ns3:speed>
						<ns3:cad>61.0</ns3:cad>
						<ns3:hr>113</ns3:hr>
					</ns3:TrackPointExtension>
				</extensions>
			</trkpt>
			<trkpt lat="48.98858285" lon="2.33580854">
				<ele>73.23</ele>
				<time>2025-12-05T11:13:33Z</time>
				<extensions>
					<ns3:TrackPointExtension>
						<ns3:speed>1.57</ns3:speed>
						<ns3:cad>60.0</ns3:cad>
						<ns3:hr>113</ns3:hr>
					</ns3:TrackPointExtension>
				</extensions>
			</trkpt>
			<trkpt lat="48.98858918" lon="2.33580721">
				<ele>73.18</ele>
				<time>2025-12-05T11:13:34Z</time>
				<extensions>
					<ns3:TrackPointExtension>
						<ns3:speed>1.53</ns3:speed>
						<ns3:cad>60.0</ns3:cad>
						<ns3:hr>113</ns3:hr>
					</ns3:TrackPointExtension>
				</extensions>
			</trkpt>
			<trkpt lat="48.98859418" lon="2.33580588">
				<ele>73.12</ele>
				<time>2025-12-05T11:13:35Z</time>
				<extensions>
					<ns3:TrackPointExtension>
						<ns3:speed>0.93</ns3:speed>
						<ns3:cad>60.0</ns3:cad>
						<ns3:hr>113</ns3:hr>
					</ns3:TrackPointExtension>
				</extensions>
			</trkpt>
			<trkpt lat="48.98859717" lon="2.33580455">
				<ele>73.08</ele>
				<time>2025-12-05T11:13:36Z</time>
				<extensions>
					<ns3:TrackPointExtension>
						<ns3:speed>0.0</ns3:speed>
						<ns3:cad>0.0</ns3:cad>
						<ns3:hr>113</ns3:hr>
					</ns3:TrackPointExtension>
				</extensions>
			</trkpt>
			<trkpt lat="48.98859983" lon="2.33580222">
				<ele>73.05</ele>
				<time>2025-12-05T11:13:37Z</time>
				<extensions>
					<ns3:TrackPointExtension>
						<ns3:speed>0.0</ns3:speed>
						<ns3:cad>0.0</ns3:cad>
						<ns3:hr>111</ns3:hr>
					</ns3:TrackPointExtension>
				</extensions>
			</trkpt>
			<trkpt lat="48.98859983" lon="2.33580222">
				<ele>73.01</ele>
				<time>2025-12-05T11:13:38Z</time>
				<extensions>
					<ns3:TrackPointExtension>
						<ns3:speed>0.0</ns3:speed>
						<ns3:cad>0.0</ns3:cad>
						<ns3:hr>110</ns3:hr>
					</ns3:TrackPointExtension>
				</extensions>
			</trkpt>
			<trkpt lat="48.98860149" lon="2.33580089">
				<ele>73.01</ele>
				<time>2025-12-05T11:13:39Z</time>
				<extensions>
					<ns3:TrackPointExtension>
						<ns3:speed>0.0</ns3:speed>
						<ns3:cad>0.0</ns3:cad>
						<ns3:hr>110</ns3:hr>
					</ns3:TrackPointExtension>
				</extensions>
			</trkpt>
			<trkpt lat="48.98860249" lon="2.33579956">
				<ele>73.0</ele>
				<time>2025-12-05T11:13:40Z</time>
				<extensions>
					<ns3:TrackPointExtension>
						<ns3:speed>0.0</ns3:speed>
						<ns3:cad>0.0</ns3:cad>
						<ns3:hr>108</ns3:hr>
					</ns3:TrackPointExtension>
				</extensions>
			</trkpt>
			<trkpt lat="48.98860282" lon="2.3357939">
				<ele>73.0</ele>
				<time>2025-12-05T11:13:41Z</time>
				<extensions>
					<ns3:TrackPointExtension>
						<ns3:speed>0.0</ns3:speed>
						<ns3:cad>0.0</ns3:cad>
						<ns3:hr>108</ns3:hr>
					</ns3:TrackPointExtension>
				</extensions>
			</trkpt>
			<trkpt lat="48.98860581" lon="2.33578324">
				<ele>72.94</ele>
				<time>2025-12-05T11:13:42Z</time>
				<extensions>
					<ns3:TrackPointExtension>
						<ns3:speed>0.0</ns3:speed>
						<ns3:cad>59.0</ns3:cad>
						<ns3:hr>107</ns3:hr>
					</ns3:TrackPointExtension>
				</extensions>
			</trkpt>
			<trkpt lat="48.98861014" lon="2.33576958">
				<ele>72.9</ele>
				<time>2025-12-05T11:13:43Z</time>
				<extensions>
					<ns3:TrackPointExtension>
						<ns3:speed>0.71</ns3:speed>
						<ns3:cad>59.0</ns3:cad>
						<ns3:hr>107</ns3:hr>
					</ns3:TrackPointExtension>
				</extensions>
			</trkpt>
			<trkpt lat="48.98861547" lon="2.33575525">
				<ele>72.81</ele>
				<time>2025-12-05T11:13:44Z</time>
				<extensions>
					<ns3:TrackPointExtension>
						<ns3:speed>1.26</ns3:speed>
						<ns3:cad>60.0</ns3:cad>
						<ns3:hr>106</ns3:hr>
					</ns3:TrackPointExtension>
				</extensions>
			</trkpt>
			<trkpt lat="48.98862213" lon="2.33574025">
				<ele>72.72</ele>
				<time>2025-12-05T11:13:45Z</time>
				<extensions>
					<ns3:TrackPointExtension>
						<ns3:speed>1.45</ns3:speed>
						<ns3:cad>64.0</ns3:cad>
						<ns3:hr>106</ns3:hr>
					</ns3:TrackPointExtension>
				</extensions>
			</trkpt>
			<trkpt lat="48.98862979" lon="2.33572292">
				<ele>72.65</ele>
				<time>2025-12-05T11:13:46Z</time>
				<extensions>
					<ns3:TrackPointExtension>
						<ns3:speed>1.61</ns3:speed>
						<ns3:cad>62.0</ns3:cad>
						<ns3:hr>107</ns3:hr>
					</ns3:TrackPointExtension>
				</extensions>
			</trkpt>
			<trkpt lat="48.98863745" lon="2.33570492">
				<ele>72.58</ele>
				<time>2025-12-05T11:13:47Z</time>
				<extensions>
					<ns3:TrackPointExtension>
						<ns3:speed>1.73</ns3:speed>
						<ns3:cad>62.0</ns3:cad>
						<ns3:hr>106</ns3:hr>
					</ns3:TrackPointExtension>
				</extensions>
			</trkpt>
			<trkpt lat="48.98864511" lon="2.33568659">
				<ele>72.53</ele>
				<time>2025-12-05T11:13:48Z</time>
				<extensions>
					<ns3:TrackPointExtension>
						<ns3:speed>1.68</ns3:speed>
						<ns3:cad>62.0</ns3:cad>
						<ns3:hr>107</ns3:hr>
					</ns3:TrackPointExtension>
				</extensions>
			</trkpt>
			<trkpt lat="48.98865311" lon="2.33566793">
				<ele>72.47</ele>
				<time>2025-12-05T11:13:49Z</time>
				<extensions>
					<ns3:TrackPointExtension>
						<ns3:speed>1.6</ns3:speed>
						<ns3:cad>62.0</ns3:cad>
						<ns3:hr>107</ns3:hr>
					</ns3:TrackPointExtension>
				</extensions>
			</trkpt>
			<trkpt lat="48.98866077" lon="2.33564927">
				<ele>72.4</ele>
				<time>2025-12-05T11:13:50Z</time>
				<extensions>
					<ns3:TrackPointExtension>
						<ns3:speed>1.6</ns3:speed>
						<ns3:cad>62.0</ns3:cad>
						<ns3:hr>107</ns3:hr>
					</ns3:TrackPointExtension>
				</extensions>
			</trkpt>
			<trkpt lat="48.98866777" lon="2.33562994">
				<ele>72.33</ele>
				<time>2025-12-05T11:13:51Z</time>
				<extensions>
					<ns3:TrackPointExtension>
						<ns3:speed>1.59</ns3:speed>
						<ns3:cad>61.0</ns3:cad>
						<ns3:hr>107</ns3:hr>
					</ns3:TrackPointExtension>
				</extensions>
			</trkpt>
			<trkpt lat="48.9886761" lon="2.33560994">
				<ele>72.28</ele>
				<time>2025-12-05T11:13:52Z</time>
				<extensions>
					<ns3:TrackPointExtension>
						<ns3:speed>1.6</ns3:speed>
						<ns3:cad>61.0</ns3:cad>
						<ns3:hr>107</ns3:hr>
					</ns3:TrackPointExtension>
				</extensions>
			</trkpt>
			<trkpt lat="48.98868509" lon="2.33559028">
				<ele>72.21</ele>
				<time>2025-12-05T11:13:53Z</time>
				<extensions>
					<ns3:TrackPointExtension>
						<ns3:speed>1.62</ns3:speed>
						<ns3:cad>61.0</ns3:cad>
						<ns3:hr>107</ns3:hr>
					</ns3:TrackPointExtension>
				</extensions>
			</trkpt>
			<trkpt lat="48.98869442" lon="2.33556962">
				<ele>72.21</ele>
				<time>2025-12-05T11:13:54Z</time>
				<extensions>
					<ns3:TrackPointExtension>
						<ns3:speed>1.66</ns3:speed>
						<ns3:cad>61.0</ns3:cad>
						<ns3:hr>107</ns3:hr>
					</ns3:TrackPointExtension>
				</extensions>
			</trkpt>
			<trkpt lat="48.98870475" lon="2.33555063">
				<ele>72.08</ele>
				<time>2025-12-05T11:13:55Z</time>
				<extensions>
					<ns3:TrackPointExtension>
						<ns3:speed>1.7</ns3:speed>
						<ns3:cad>62.0</ns3:cad>
						<ns3:hr>108</ns3:hr>
					</ns3:TrackPointExtension>
				</extensions>
			</trkpt>
			<trkpt lat="48.98871708" lon="2.33553397">
				<ele>72.04</ele>
				<time>2025-12-05T11:13:56Z</time>
				<extensions>
					<ns3:TrackPointExtension>
						<ns3:speed>1.72</ns3:speed>
						<ns3:cad>62.0</ns3:cad>
						<ns3:hr>108</ns3:hr>
					</ns3:TrackPointExtension>
				</extensions>
			</trkpt>
			<trkpt lat="48.98872974" lon="2.33551864">
				<ele>72.0</ele>
				<time>2025-12-05T11:13:57Z</time>
				<extensions>
					<ns3:TrackPointExtension>
						<ns3:speed>1.74</ns3:speed>
						<ns3:cad>62.0</ns3:cad>
						<ns3:hr>108</ns3:hr>
					</ns3:TrackPointExtension>
				</extensions>
			</trkpt>
			<trkpt lat="48.9887384" lon="2.33550398">
				<ele>71.94</ele>
				<time>2025-12-05T11:13:58Z</time>
				<extensions>
					<ns3:TrackPointExtension>
						<ns3:speed>1.75</ns3:speed>
						<ns3:cad>62.0</ns3:cad>
						<ns3:hr>108</ns3:hr>
					</ns3:TrackPointExtension>
				</extensions>
			</trkpt>
			<trkpt lat="48.98874773" lon="2.33549265">
				<ele>71.89</ele>
				<time>2025-12-05T11:13:59Z</time>
				<extensions>
					<ns3:TrackPointExtension>
						<ns3:speed>1.73</ns3:speed>
						<ns3:cad>62.0</ns3:cad>
						<ns3:hr>108</ns3:hr>
					</ns3:TrackPointExtension>
				</extensions>
			</trkpt>
			<trkpt lat="48.98875873" lon="2.33548199">
				<ele>71.85</ele>
				<time>2025-12-05T11:14:00Z</time>
				<extensions>
					<ns3:TrackPointExtension>
						<ns3:speed>1.66</ns3:speed>
						<ns3:cad>62.0</ns3:cad>
						<ns3:hr>108</ns3:hr>
					</ns3:TrackPointExtension>
				</extensions>
			</trkpt>
			<trkpt lat="48.98877039" lon="2.33547066">
				<ele>71.81</ele>
				<time>2025-12-05T11:14:01Z</time>
				<extensions>
					<ns3:TrackPointExtension>
						<ns3:speed>1.59</ns3:speed>
						<ns3:cad>62.0</ns3:cad>
						<ns3:hr>109</ns3:hr>
					</ns3:TrackPointExtension>
				</extensions>
			</trkpt>
			<trkpt lat="48.98878239" lon="2.33545867">
				<ele>71.78</ele>
				<time>2025-12-05T11:14:02Z</time>
				<extensions>
					<ns3:TrackPointExtension>
						<ns3:speed>1.56</ns3:speed>
						<ns3:cad>61.0</ns3:cad>
						<ns3:hr>109</ns3:hr>
					</ns3:TrackPointExtension>
				</extensions>
			</trkpt>
			<trkpt lat="48.98879205" lon="2.33544601">
				<ele>71.75</ele>
				<time>2025-12-05T11:14:03Z</time>
				<extensions>
					<ns3:TrackPointExtension>
						<ns3:speed>1.58</ns3:speed>
						<ns3:cad>61.0</ns3:cad>
						<ns3:hr>109</ns3:hr>
					</ns3:TrackPointExtension>
				</extensions>
			</trkpt>
			<trkpt lat="48.98880271" lon="2.33543402">
				<ele>71.73</ele>
				<time>2025-12-05T11:14:04Z</time>
				<extensions>
					<ns3:TrackPointExtension>
						<ns3:speed>1.59</ns3:speed>
						<ns3:cad>61.0</ns3:cad>
						<ns3:hr>110</ns3:hr>
					</ns3:TrackPointExtension>
				</extensions>
			</trkpt>
			<trkpt lat="48.98881304" lon="2.33542203">
				<ele>71.71</ele>
				<time>2025-12-05T11:14:05Z</time>
				<extensions>
					<ns3:TrackPointExtension>
						<ns3:speed>1.57</ns3:speed>
						<ns3:cad>61.0</ns3:cad>
						<ns3:hr>110</ns3:hr>
					</ns3:TrackPointExtension>
				</extensions>
			</trkpt>
			<trkpt lat="48.98881903" lon="2.3354097">
				<ele>71.69</ele>
				<time>2025-12-05T11:14:06Z</time>
				<extensions>
					<ns3:TrackPointExtension>
						<ns3:speed>1.54</ns3:speed>
						<ns3:cad>61.0</ns3:cad>
						<ns3:hr>110</ns3:hr>
					</ns3:TrackPointExtension>
				</extensions>
			</trkpt>
			<trkpt lat="48.98882769" lon="2.33539871">
				<ele>71.67</ele>
				<time>2025-12-05T11:14:07Z</time>
				<extensions>
					<ns3:TrackPointExtension>
						<ns3:speed>1.49</ns3:speed>
						<ns3:cad>62.0</ns3:cad>
						<ns3:hr>111</ns3:hr>
					</ns3:TrackPointExtension>
				</extensions>
			</trkpt>
			<trkpt lat="48.98883602" lon="2.33538838">
				<ele>71.65</ele>
				<time>2025-12-05T11:14:08Z</time>
				<extensions>
					<ns3:TrackPointExtension>
						<ns3:speed>1.42</ns3:speed>
						<ns3:cad>62.0</ns3:cad>
						<ns3:hr>111</ns3:hr>
					</ns3:TrackPointExtension>
				</extensions>
			</trkpt>
			<trkpt lat="48.98884702" lon="2.33537805">
				<ele>71.62</ele>
				<time>2025-12-05T11:14:09Z</time>
				<extensions>
					<ns3:TrackPointExtension>
						<ns3:speed>1.36</ns3:speed>
						<ns3:cad>62.0</ns3:cad>
						<ns3:hr>111</ns3:hr>
					</ns3:TrackPointExtension>
				</extensions>
			</trkpt>
			<trkpt lat="48.98886035" lon="2.33536706">
				<ele>71.61</ele>
				<time>2025-12-05T11:14:10Z</time>
				<extensions>
					<ns3:TrackPointExtension>
						<ns3:speed>1.36</ns3:speed>
						<ns3:cad>62.0</ns3:cad>
						<ns3:hr>111</ns3:hr>
					</ns3:TrackPointExtension>
				</extensions>
			</trkpt>
			<trkpt lat="48.98887235" lon="2.3353574">
				<ele>71.6</ele>
				<time>2025-12-05T11:14:11Z</time>
				<extensions>
					<ns3:TrackPointExtension>
						<ns3:speed>1.41</ns3:speed>
						<ns3:cad>61.0</ns3:cad>
						<ns3:hr>111</ns3:hr>
					</ns3:TrackPointExtension>
				</extensions>
			</trkpt>
			<trkpt lat="48.98888401" lon="2.33534607">
				<ele>71.6</ele>
				<time>2025-12-05T11:14:12Z</time>
				<extensions>
					<ns3:TrackPointExtension>
						<ns3:speed>1.45</ns3:speed>
						<ns3:cad>61.0</ns3:cad>
						<ns3:hr>111</ns3:hr>
					</ns3:TrackPointExtension>
				</extensions>
			</trkpt>
			<trkpt lat="48.98889567" lon="2.33533308">
				<ele>71.6</ele>
				<time>2025-12-05T11:14:13Z</time>
				<extensions>
					<ns3:TrackPointExtension>
						<ns3:speed>1.47</ns3:speed>
						<ns3:cad>61.0</ns3:cad>
						<ns3:hr>111</ns3:hr>
					</ns3:TrackPointExtension>
				</extensions>
			</trkpt>
			<trkpt lat="48.98890667" lon="2.33531875">
				<ele>71.61</ele>
				<time>2025-12-05T11:14:14Z</time>
				<extensions>
					<ns3:TrackPointExtension>
						<ns3:speed>1.45</ns3:speed>
						<ns3:cad>60.0</ns3:cad>
						<ns3:hr>111</ns3:hr>
					</ns3:TrackPointExtension>
				</extensions>
			</trkpt>
			<trkpt lat="48.98891933" lon="2.33530142">
				<ele>71.61</ele>
				<time>2025-12-05T11:14:15Z</time>
				<extensions>
					<ns3:TrackPointExtension>
						<ns3:speed>1.44</ns3:speed>
						<ns3:cad>60.0</ns3:cad>
						<ns3:hr>112</ns3:hr>
					</ns3:TrackPointExtension>
				</extensions>
			</trkpt>
			<trkpt lat="48.98892899" lon="2.33528176">
				<ele>71.6</ele>
				<time>2025-12-05T11:14:16Z</time>
				<extensions>
					<ns3:TrackPointExtension>
						<ns3:speed>1.38</ns3:speed>
						<ns3:cad>61.0</ns3:cad>
						<ns3:hr>111</ns3:hr>
					</ns3:TrackPointExtension>
				</extensions>
			</trkpt>
			<trkpt lat="48.98893798" lon="2.3352601">
				<ele>71.58</ele>
				<time>2025-12-05T11:14:17Z</time>
				<extensions>
					<ns3:TrackPointExtension>
						<ns3:speed>1.32</ns3:speed>
						<ns3:cad>61.0</ns3:cad>
						<ns3:hr>112</ns3:hr>
					</ns3:TrackPointExtension>
				</extensions>
			</trkpt>
			<trkpt lat="48.98894864" lon="2.3352351">
				<ele>71.58</ele>
				<time>2025-12-05T11:14:18Z</time>
				<extensions>
					<ns3:TrackPointExtension>
						<ns3:speed>1.32</ns3:speed>
						<ns3:cad>61.0</ns3:cad>
						<ns3:hr>111</ns3:hr>
					</ns3:TrackPointExtension>
				</extensions>
			</trkpt>
			<trkpt lat="48.98895863" lon="2.33520911">
				<ele>71.57</ele>
				<time>2025-12-05T11:14:19Z</time>
				<extensions>
					<ns3:TrackPointExtension>
						<ns3:speed>1.33</ns3:speed>
						<ns3:cad>61.0</ns3:cad>
						<ns3:hr>111</ns3:hr>
					</ns3:TrackPointExtension>
				</extensions>
			</trkpt>
			<trkpt lat="48.98896896" lon="2.33518378">
				<ele>71.57</ele>
				<time>2025-12-05T11:14:20Z</time>
				<extensions>
					<ns3:TrackPointExtension>
						<ns3:speed>1.33</ns3:speed>
						<ns3:cad>60.0</ns3:cad>
						<ns3:hr>111</ns3:hr>
					</ns3:TrackPointExtension>
				</extensions>
			</trkpt>
			<trkpt lat="48.98897862" lon="2.33516045">
				<ele>71.57</ele>
				<time>2025-12-05T11:14:21Z</time>
				<extensions>
					<ns3:TrackPointExtension>
						<ns3:speed>1.34</ns3:speed>
						<ns3:cad>60.0</ns3:cad>
						<ns3:hr>111</ns3:hr>
					</ns3:TrackPointExtension>
				</extensions>
			</trkpt>
			<trkpt lat="48.98898862" lon="2.33513912">
				<ele>71.61</ele>
				<time>2025-12-05T11:14:22Z</time>
				<extensions>
					<ns3:TrackPointExtension>
						<ns3:speed>1.35</ns3:speed>
						<ns3:cad>60.0</ns3:cad>
						<ns3:hr>110</ns3:hr>
					</ns3:TrackPointExtension>
				</extensions>
			</trkpt>
			<trkpt lat="48.98899295" lon="2.33511312">
				<ele>71.65</ele>
				<time>2025-12-05T11:14:23Z</time>
				<extensions>
					<ns3:TrackPointExtension>
						<ns3:speed>1.36</ns3:speed>
						<ns3:cad>60.0</ns3:cad>
						<ns3:hr>110</ns3:hr>
					</ns3:TrackPointExtension>
				</extensions>
			</trkpt>
			<trkpt lat="48.98899661" lon="2.33508879">
				<ele>71.73</ele>
				<time>2025-12-05T11:14:24Z</time>
				<extensions>
					<ns3:TrackPointExtension>
						<ns3:speed>1.36</ns3:speed>
						<ns3:cad>59.0</ns3:cad>
						<ns3:hr>111</ns3:hr>
					</ns3:TrackPointExtension>
				</extensions>
			</trkpt>
			<trkpt lat="48.98899927" lon="2.3350678">
				<ele>71.81</ele>
				<time>2025-12-05T11:14:25Z</time>
				<extensions>
					<ns3:TrackPointExtension>
						<ns3:speed>1.37</ns3:speed>
						<ns3:cad>59.0</ns3:cad>
						<ns3:hr>110</ns3:hr>
					</ns3:TrackPointExtension>
				</extensions>
			</trkpt>
			<trkpt lat="48.98900427" lon="2.33505047">
				<ele>71.87</ele>
				<time>2025-12-05T11:14:26Z</time>
				<extensions>
					<ns3:TrackPointExtension>
						<ns3:speed>1.38</ns3:speed>
						<ns3:cad>59.0</ns3:cad>
						<ns3:hr>110</ns3:hr>
					</ns3:TrackPointExtension>
				</extensions>
			</trkpt>
			<trkpt lat="48.9890106" lon="2.33503447">
				<ele>71.93</ele>
				<time>2025-12-05T11:14:27Z</time>
				<extensions>
					<ns3:TrackPointExtension>
						<ns3:speed>1.39</ns3:speed>
						<ns3:cad>58.0</ns3:cad>
						<ns3:hr>110</ns3:hr>
					</ns3:TrackPointExtension>
				</extensions>
			</trkpt>
			<trkpt lat="48.98901493" lon="2.33501814">
				<ele>71.99</ele>
				<time>2025-12-05T11:14:28Z</time>
				<extensions>
					<ns3:TrackPointExtension>
						<ns3:speed>1.39</ns3:speed>
						<ns3:cad>58.0</ns3:cad>
						<ns3:hr>110</ns3:hr>
					</ns3:TrackPointExtension>
				</extensions>
			</trkpt>
			<trkpt lat="48.98901759" lon="2.33500548">
				<ele>72.06</ele>
				<time>2025-12-05T11:14:29Z</time>
				<extensions>
					<ns3:TrackPointExtension>
						<ns3:speed>1.38</ns3:speed>
						<ns3:cad>57.0</ns3:cad>
						<ns3:hr>110</ns3:hr>
					</ns3:TrackPointExtension>
				</extensions>
			</trkpt>
			<trkpt lat="48.98902125" lon="2.33499282">
				<ele>72.11</ele>
				<time>2025-12-05T11:14:30Z</time>
				<extensions>
					<ns3:TrackPointExtension>
						<ns3:speed>1.37</ns3:speed>
						<ns3:cad>57.0</ns3:cad>
						<ns3:hr>110</ns3:hr>
					</ns3:TrackPointExtension>
				</extensions>
			</trkpt>
			<trkpt lat="48.98902491" lon="2.33498082">
				<ele>72.15</ele>
				<time>2025-12-05T11:14:31Z</time>
				<extensions>
					<ns3:TrackPointExtension>
						<ns3:speed>1.36</ns3:speed>
						<ns3:cad>57.0</ns3:cad>
						<ns3:hr>110</ns3:hr>
					</ns3:TrackPointExtension>
				</extensions>
			</trkpt>
			<trkpt lat="48.98902957" lon="2.33496816">
				<ele>72.19</ele>
				<time>2025-12-05T11:14:32Z</time>
				<extensions>
					<ns3:TrackPointExtension>
						<ns3:speed>1.34</ns3:speed>
						<ns3:cad>57.0</ns3:cad>
						<ns3:hr>110</ns3:hr>
					</ns3:TrackPointExtension>
				</extensions>
			</trkpt>
			<trkpt lat="48.98903423" lon="2.3349525">
				<ele>72.22</ele>
				<time>2025-12-05T11:14:33Z</time>
				<extensions>
					<ns3:TrackPointExtension>
						<ns3:speed>1.32</ns3:speed>
						<ns3:cad>58.0</ns3:cad>
						<ns3:hr>111</ns3:hr>
					</ns3:TrackPointExtension>
				</extensions>
			</trkpt>
			<trkpt lat="48.98903923" lon="2.33493517">
				<ele>72.26</ele>
				<time>2025-12-05T11:14:34Z</time>
				<extensions>
					<ns3:TrackPointExtension>
						<ns3:speed>1.31</ns3:speed>
						<ns3:cad>58.0</ns3:cad>
						<ns3:hr>113</ns3:hr>
					</ns3:TrackPointExtension>
				</extensions>
			</trkpt>
			<trkpt lat="48.98904356" lon="2.33491884">
				<ele>72.31</ele>
				<time>2025-12-05T11:14:35Z</time>
				<extensions>
					<ns3:TrackPointExtension>
						<ns3:speed>1.3</ns3:speed>
						<ns3:cad>59.0</ns3:cad>
						<ns3:hr>113</ns3:hr>
					</ns3:TrackPointExtension>
				</extensions>
			</trkpt>
			<trkpt lat="48.98904955" lon="2.33490018">
				<ele>72.37</ele>
				<time>2025-12-05T11:14:36Z</time>
				<extensions>
					<ns3:TrackPointExtension>
						<ns3:speed>1.3</ns3:speed>
						<ns3:cad>59.0</ns3:cad>
						<ns3:hr>114</ns3:hr>
					</ns3:TrackPointExtension>
				</extensions>
			</trkpt>
			<trkpt lat="48.98905554" lon="2.33488119">
				<ele>72.44</ele>
				<time>2025-12-05T11:14:37Z</time>
				<extensions>
					<ns3:TrackPointExtension>
						<ns3:speed>1.3</ns3:speed>
						<ns3:cad>59.0</ns3:cad>
						<ns3:hr>115</ns3:hr>
					</ns3:TrackPointExtension>
				</extensions>
			</trkpt>
			<trkpt lat="48.9890612" lon="2.33486186">
				<ele>72.51</ele>
				<time>2025-12-05T11:14:38Z</time>
				<extensions>
					<ns3:TrackPointExtension>
						<ns3:speed>1.3</ns3:speed>
						<ns3:cad>59.0</ns3:cad>
						<ns3:hr>115</ns3:hr>
					</ns3:TrackPointExtension>
				</extensions>
			</trkpt>
			<trkpt lat="48.98906653" lon="2.33484153">
				<ele>72.58</ele>
				<time>2025-12-05T11:14:39Z</time>
				<extensions>
					<ns3:TrackPointExtension>
						<ns3:speed>1.31</ns3:speed>
						<ns3:cad>58.0</ns3:cad>
						<ns3:hr>115</ns3:hr>
					</ns3:TrackPointExtension>
				</extensions>
			</trkpt>
			<trkpt lat="48.98907186" lon="2.3348212">
				<ele>72.66</ele>
				<time>2025-12-05T11:14:40Z</time>
				<extensions>
					<ns3:TrackPointExtension>
						<ns3:speed>1.31</ns3:speed>
						<ns3:cad>58.0</ns3:cad>
						<ns3:hr>115</ns3:hr>
					</ns3:TrackPointExtension>
				</extensions>
			</trkpt>
			<trkpt lat="48.98907619" lon="2.33479921">
				<ele>72.73</ele>
				<time>2025-12-05T11:14:41Z</time>
				<extensions>
					<ns3:TrackPointExtension>
						<ns3:speed>1.32</ns3:speed>
						<ns3:cad>58.0</ns3:cad>
						<ns3:hr>115</ns3:hr>
					</ns3:TrackPointExtension>
				</extensions>
			</trkpt>
			<trkpt lat="48.98908119" lon="2.33477855">
				<ele>72.8</ele>
				<time>2025-12-05T11:14:42Z</time>
				<extensions>
					<ns3:TrackPointExtension>
						<ns3:speed>1.33</ns3:speed>
						<ns3:cad>58.0</ns3:cad>
						<ns3:hr>116</ns3:hr>
					</ns3:TrackPointExtension>
				</extensions>
			</trkpt>
			<trkpt lat="48.98908619" lon="2.33475822">
				<ele>72.85</ele>
				<time>2025-12-05T11:14:43Z</time>
				<extensions>
					<ns3:TrackPointExtension>
						<ns3:speed>1.34</ns3:speed>
						<ns3:cad>58.0</ns3:cad>
						<ns3:hr>115</ns3:hr>
					</ns3:TrackPointExtension>
				</extensions>
			</trkpt>
			<trkpt lat="48.98909085" lon="2.33473789">
				<ele>72.9</ele>
				<time>2025-12-05T11:14:44Z</time>
				<extensions>
					<ns3:TrackPointExtension>
						<ns3:speed>1.35</ns3:speed>
						<ns3:cad>58.0</ns3:cad>
						<ns3:hr>115</ns3:hr>
					</ns3:TrackPointExtension>
				</extensions>
			</trkpt>
			<trkpt lat="48.98909585" lon="2.33471656">
				<ele>72.94</ele>
				<time>2025-12-05T11:14:45Z</time>
				<extensions>
					<ns3:TrackPointExtension>
						<ns3:speed>1.36</ns3:speed>
						<ns3:cad>58.0</ns3:cad>
						<ns3:hr>115</ns3:hr>
					</ns3:TrackPointExtension>
				</extensions>
			</trkpt>
			<trkpt lat="48.98910085" lon="2.33469623">
				<ele>72.97</ele>
				<time>2025-12-05T11:14:46Z</time>
				<extensions>
					<ns3:TrackPointExtension>
						<ns3:speed>1.37</ns3:speed>
						<ns3:cad>57.0</ns3:cad>
						<ns3:hr>115</ns3:hr>
					</ns3:TrackPointExtension>
				</extensions>
			</trkpt>
			<trkpt lat="48.98910384" lon="2.33468223">
				<ele>73.01</ele>
				<time>2025-12-05T11:14:47Z</time>
				<extensions>
					<ns3:TrackPointExtension>
						<ns3:speed>1.37</ns3:speed>
						<ns3:cad>57.0</ns3:cad>
						<ns3:hr>115</ns3:hr>
					</ns3:TrackPointExtension>
				</extensions>
			</trkpt>
			<trkpt lat="48.9891055" lon="2.3346689">
				<ele>73.06</ele>
				<time>2025-12-05T11:14:48Z</time>
				<extensions>
					<ns3:TrackPointExtension>
						<ns3:speed>1.37</ns3:speed>
						<ns3:cad>58.0</ns3:cad>
						<ns3:hr>115</ns3:hr>
					</ns3:TrackPointExtension>
				</extensions>
			</trkpt>
			<trkpt lat="48.98910749" lon="2.33465457">
				<ele>73.1</ele>
				<time>2025-12-05T11:14:49Z</time>
				<extensions>
					<ns3:TrackPointExtension>
						<ns3:speed>1.35</ns3:speed>
						<ns3:cad>57.0</ns3:cad>
						<ns3:hr>116</ns3:hr>
					</ns3:TrackPointExtension>
				</extensions>
			</trkpt>
			<trkpt lat="48.98910982" lon="2.33464058">
				<ele>73.12</ele>
				<time>2025-12-05T11:14:50Z</time>
				<extensions>
					<ns3:TrackPointExtension>
						<ns3:speed>0.92</ns3:speed>
						<ns3:cad>62.0</ns3:cad>
						<ns3:hr>115</ns3:hr>
					</ns3:TrackPointExtension>
				</extensions>
			</trkpt>
			<trkpt lat="48.98911248" lon="2.33462458">
				<ele>73.19</ele>
				<time>2025-12-05T11:14:51Z</time>
				<extensions>
					<ns3:TrackPointExtension>
						<ns3:speed>0.65</ns3:speed>
						<ns3:cad>67.0</ns3:cad>
						<ns3:hr>115</ns3:hr>
					</ns3:TrackPointExtension>
				</extensions>
			</trkpt>
			<trkpt lat="48.98911748" lon="2.33460925">
				<ele>73.24</ele>
				<time>2025-12-05T11:14:52Z</time>
				<extensions>
					<ns3:TrackPointExtension>
						<ns3:speed>0.93</ns3:speed>
						<ns3:cad>67.0</ns3:cad>
						<ns3:hr>117</ns3:hr>
					</ns3:TrackPointExtension>
				</extensions>
			</trkpt>
			<trkpt lat="48.98912181" lon="2.33459325">
				<ele>73.29</ele>
				<time>2025-12-05T11:14:53Z</time>
				<extensions>
					<ns3:TrackPointExtension>
						<ns3:speed>1.11</ns3:speed>
						<ns3:cad>62.0</ns3:cad>
						<ns3:hr>117</ns3:hr>
					</ns3:TrackPointExtension>
				</extensions>
			</trkpt>
			<trkpt lat="48.98912781" lon="2.33457725">
				<ele>73.29</ele>
				<time>2025-12-05T11:14:54Z</time>
				<extensions>
					<ns3:TrackPointExtension>
						<ns3:speed>1.2</ns3:speed>
						<ns3:cad>61.0</ns3:cad>
						<ns3:hr>116</ns3:hr>
					</ns3:TrackPointExtension>
				</extensions>
			</trkpt>
			<trkpt lat="48.98913314" lon="2.33455792">
				<ele>73.39</ele>
				<time>2025-12-05T11:14:55Z</time>
				<extensions>
					<ns3:TrackPointExtension>
						<ns3:speed>1.28</ns3:speed>
						<ns3:cad>61.0</ns3:cad>
						<ns3:hr>116</ns3:hr>
					</ns3:TrackPointExtension>
				</extensions>
			</trkpt>
			<trkpt lat="48.98913847" lon="2.33453859">
				<ele>73.43</ele>
				<time>2025-12-05T11:14:56Z</time>
				<extensions>
					<ns3:TrackPointExtension>
						<ns3:speed>1.32</ns3:speed>
						<ns3:cad>60.0</ns3:cad>
						<ns3:hr>116</ns3:hr>
					</ns3:TrackPointExtension>
				</extensions>
			</trkpt>
			<trkpt lat="48.9891438" lon="2.33451893">
				<ele>73.47</ele>
				<time>2025-12-05T11:14:57Z</time>
				<extensions>
					<ns3:TrackPointExtension>
						<ns3:speed>1.35</ns3:speed>
						<ns3:cad>60.0</ns3:cad>
						<ns3:hr>116</ns3:hr>
					</ns3:TrackPointExtension>
				</extensions>
			</trkpt>
			<trkpt lat="48.98914746" lon="2.33449893">
				<ele>73.49</ele>
				<time>2025-12-05T11:14:58Z</time>
				<extensions>
					<ns3:TrackPointExtension>
						<ns3:speed>1.37</ns3:speed>
						<ns3:cad>60.0</ns3:cad>
						<ns3:hr>116</ns3:hr>
					</ns3:TrackPointExtension>
				</extensions>
			</trkpt>
			<trkpt lat="48.98915179" lon="2.3344806">
				<ele>73.53</ele>
				<time>2025-12-05T11:14:59Z</time>
				<extensions>
					<ns3:TrackPointExtension>
						<ns3:speed>1.4</ns3:speed>
						<ns3:cad>60.0</ns3:cad>
						<ns3:hr>116</ns3:hr>
					</ns3:TrackPointExtension>
				</extensions>
			</trkpt>
			<trkpt lat="48.98915778" lon="2.33446194">
				<ele>73.57</ele>
				<time>2025-12-05T11:15:00Z</time>
				<extensions>
					<ns3:TrackPointExtension>
						<ns3:speed>1.42</ns3:speed>
						<ns3:cad>60.0</ns3:cad>
						<ns3:hr>116</ns3:hr>
					</ns3:TrackPointExtension>
				</extensions>
			</trkpt>
			<trkpt lat="48.98916544" lon="2.33444761">
				<ele>73.6</ele>
				<time>2025-12-05T11:15:01Z</time>
				<extensions>
					<ns3:TrackPointExtension>
						<ns3:speed>1.44</ns3:speed>
						<ns3:cad>60.0</ns3:cad>
						<ns3:hr>116</ns3:hr>
					</ns3:TrackPointExtension>
				</extensions>
			</trkpt>
			<trkpt lat="48.98917443" lon="2.33443628">
				<ele>73.64</ele>
				<time>2025-12-05T11:15:02Z</time>
				<extensions>
					<ns3:TrackPointExtension>
						<ns3:speed>1.44</ns3:speed>
						<ns3:cad>59.0</ns3:cad>
						<ns3:hr>117</ns3:hr>
					</ns3:TrackPointExtension>
				</extensions>
			</trkpt>
			<trkpt lat="48.98918676" lon="2.33442228">
				<ele>73.66</ele>
				<time>2025-12-05T11:15:03Z</time>
				<extensions>
					<ns3:TrackPointExtension>
						<ns3:speed>1.42</ns3:speed>
						<ns3:cad>59.0</ns3:cad>
						<ns3:hr>118</ns3:hr>
					</ns3:TrackPointExtension>
				</extensions>
			</trkpt>
			<trkpt lat="48.98919742" lon="2.33440595">
				<ele>73.69</ele>
				<time>2025-12-05T11:15:04Z</time>
				<extensions>
					<ns3:TrackPointExtension>
						<ns3:speed>1.47</ns3:speed>
						<ns3:cad>59.0</ns3:cad>
						<ns3:hr>120</ns3:hr>
					</ns3:TrackPointExtension>
				</extensions>
			</trkpt>
			<trkpt lat="48.98920808" lon="2.33438729">
				<ele>73.71</ele>
				<time>2025-12-05T11:15:05Z</time>
				<extensions>
					<ns3:TrackPointExtension>
						<ns3:speed>1.56</ns3:speed>
						<ns3:cad>60.0</ns3:cad>
						<ns3:hr>120</ns3:hr>
					</ns3:TrackPointExtension>
				</extensions>
			</trkpt>
			<trkpt lat="48.98921941" lon="2.33436463">
				<ele>73.74</ele>
				<time>2025-12-05T11:15:06Z</time>
				<extensions>
					<ns3:TrackPointExtension>
						<ns3:speed>1.53</ns3:speed>
						<ns3:cad>60.0</ns3:cad>
						<ns3:hr>120</ns3:hr>
					</ns3:TrackPointExtension>
				</extensions>
			</trkpt>
			<trkpt lat="48.98922941" lon="2.33434264">
				<ele>73.76</ele>
				<time>2025-12-05T11:15:07Z</time>
				<extensions>
					<ns3:TrackPointExtension>
						<ns3:speed>1.45</ns3:speed>
						<ns3:cad>61.0</ns3:cad>
						<ns3:hr>120</ns3:hr>
					</ns3:TrackPointExtension>
				</extensions>
			</trkpt>
			<trkpt lat="48.9892384" lon="2.33432198">
				<ele>73.8</ele>
				<time>2025-12-05T11:15:08Z</time>
				<extensions>
					<ns3:TrackPointExtension>
						<ns3:speed>1.45</ns3:speed>
						<ns3:cad>61.0</ns3:cad>
						<ns3:hr>120</ns3:hr>
					</ns3:TrackPointExtension>
				</extensions>
			</trkpt>
			<trkpt lat="48.98924573" lon="2.33430299">
				<ele>73.82</ele>
				<time>2025-12-05T11:15:09Z</time>
				<extensions>
					<ns3:TrackPointExtension>
						<ns3:speed>1.54</ns3:speed>
						<ns3:cad>60.0</ns3:cad>
						<ns3:hr>121</ns3:hr>
					</ns3:TrackPointExtension>
				</extensions>
			</trkpt>
			<trkpt lat="48.98925139" lon="2.33428433">
				<ele>73.86</ele>
				<time>2025-12-05T11:15:10Z</time>
				<extensions>
					<ns3:TrackPointExtension>
						<ns3:speed>1.59</ns3:speed>
						<ns3:cad>60.0</ns3:cad>
						<ns3:hr>121</ns3:hr>
					</ns3:TrackPointExtension>
				</extensions>
			</trkpt>
			<trkpt lat="48.98925739" lon="2.33426633">
				<ele>73.9</ele>
				<time>2025-12-05T11:15:11Z</time>
				<extensions>
					<ns3:TrackPointExtension>
						<ns3:speed>1.53</ns3:speed>
						<ns3:cad>60.0</ns3:cad>
						<ns3:hr>121</ns3:hr>
					</ns3:TrackPointExtension>
				</extensions>
			</trkpt>
			<trkpt lat="48.98926438" lon="2.33424767">
				<ele>73.92</ele>
				<time>2025-12-05T11:15:12Z</time>
				<extensions>
					<ns3:TrackPointExtension>
						<ns3:speed>1.51</ns3:speed>
						<ns3:cad>60.0</ns3:cad>
						<ns3:hr>121</ns3:hr>
					</ns3:TrackPointExtension>
				</extensions>
			</trkpt>
			<trkpt lat="48.98927104" lon="2.33422834">
				<ele>73.94</ele>
				<time>2025-12-05T11:15:13Z</time>
				<extensions>
					<ns3:TrackPointExtension>
						<ns3:speed>1.51</ns3:speed>
						<ns3:cad>60.0</ns3:cad>
						<ns3:hr>121</ns3:hr>
					</ns3:TrackPointExtension>
				</extensions>
			</trkpt>
			<trkpt lat="48.98927804" lon="2.33420868">
				<ele>73.96</ele>
				<time>2025-12-05T11:15:14Z</time>
				<extensions>
					<ns3:TrackPointExtension>
						<ns3:speed>1.53</ns3:speed>
						<ns3:cad>60.0</ns3:cad>
						<ns3:hr>122</ns3:hr>
					</ns3:TrackPointExtension>
				</extensions>
			</trkpt>
			<trkpt lat="48.9892847" lon="2.33418768">
				<ele>73.98</ele>
				<time>2025-12-05T11:15:15Z</time>
				<extensions>
					<ns3:TrackPointExtension>
						<ns3:speed>1.56</ns3:speed>
						<ns3:cad>60.0</ns3:cad>
						<ns3:hr>123</ns3:hr>
					</ns3:TrackPointExtension>
				</extensions>
			</trkpt>
			<trkpt lat="48.98928936" lon="2.33416502">
				<ele>74.0</ele>
				<time>2025-12-05T11:15:16Z</time>
				<extensions>
					<ns3:TrackPointExtension>
						<ns3:speed>1.58</ns3:speed>
						<ns3:cad>60.0</ns3:cad>
						<ns3:hr>123</ns3:hr>
					</ns3:TrackPointExtension>
				</extensions>
			</trkpt>
			<trkpt lat="48.98929335" lon="2.33414036">
				<ele>74.03</ele>
				<time>2025-12-05T11:15:17Z</time>
				<extensions>
					<ns3:TrackPointExtension>
						<ns3:speed>1.62</ns3:speed>
						<ns3:cad>60.0</ns3:cad>
						<ns3:hr>123</ns3:hr>
					</ns3:TrackPointExtension>
				</extensions>
			</trkpt>
			<trkpt lat="48.98929601" lon="2.3341147">
				<ele>74.05</ele>
				<time>2025-12-05T11:15:18Z</time>
				<extensions>
					<ns3:TrackPointExtension>
						<ns3:speed>1.66</ns3:speed>
						<ns3:cad>60.0</ns3:cad>
						<ns3:hr>124</ns3:hr>
					</ns3:TrackPointExtension>
				</extensions>
			</trkpt>
			<trkpt lat="48.98929934" lon="2.3340887">
				<ele>74.06</ele>
				<time>2025-12-05T11:15:19Z</time>
				<extensions>
					<ns3:TrackPointExtension>
						<ns3:speed>1.68</ns3:speed>
						<ns3:cad>60.0</ns3:cad>
						<ns3:hr>124</ns3:hr>
					</ns3:TrackPointExtension>
				</extensions>
			</trkpt>
			<trkpt lat="48.98930133" lon="2.3340627">
				<ele>74.07</ele>
				<time>2025-12-05T11:15:20Z</time>
				<extensions>
					<ns3:TrackPointExtension>
						<ns3:speed>1.69</ns3:speed>
						<ns3:cad>60.0</ns3:cad>
						<ns3:hr>124</ns3:hr>
					</ns3:TrackPointExtension>
				</extensions>
			</trkpt>
			<trkpt lat="48.98930666" lon="2.33403804">
				<ele>74.08</ele>
				<time>2025-12-05T11:15:21Z</time>
				<extensions>
					<ns3:TrackPointExtension>
						<ns3:speed>1.7</ns3:speed>
						<ns3:cad>60.0</ns3:cad>
						<ns3:hr>124</ns3:hr>
					</ns3:TrackPointExtension>
				</extensions>
			</trkpt>
			<trkpt lat="48.98931466" lon="2.33401204">
				<ele>74.12</ele>
				<time>2025-12-05T11:15:22Z</time>
				<extensions>
					<ns3:TrackPointExtension>
						<ns3:speed>1.7</ns3:speed>
						<ns3:cad>60.0</ns3:cad>
						<ns3:hr>124</ns3:hr>
					</ns3:TrackPointExtension>
				</extensions>
			</trkpt>
			<trkpt lat="48.98932199" lon="2.33398938">
				<ele>74.15</ele>
				<time>2025-12-05T11:15:23Z</time>
				<extensions>
					<ns3:TrackPointExtension>
						<ns3:speed>1.71</ns3:speed>
						<ns3:cad>60.0</ns3:cad>
						<ns3:hr>124</ns3:hr>
					</ns3:TrackPointExtension>
				</extensions>
			</trkpt>
			<trkpt lat="48.98932865" lon="2.33396805">
				<ele>74.18</ele>
				<time>2025-12-05T11:15:24Z</time>
				<extensions>
					<ns3:TrackPointExtension>
						<ns3:speed>1.72</ns3:speed>
						<ns3:cad>60.0</ns3:cad>
						<ns3:hr>124</ns3:hr>
					</ns3:TrackPointExtension>
				</extensions>
			</trkpt>
			<trkpt lat="48.98933365" lon="2.33394672">
				<ele>74.18</ele>
				<time>2025-12-05T11:15:25Z</time>
				<extensions>
					<ns3:TrackPointExtension>
						<ns3:speed>1.72</ns3:speed>
						<ns3:cad>60.0</ns3:cad>
						<ns3:hr>123</ns3:hr>
					</ns3:TrackPointExtension>
				</extensions>
			</trkpt>
			<trkpt lat="48.98934131" lon="2.33392506">
				<ele>74.19</ele>
				<time>2025-12-05T11:15:26Z</time>
				<extensions>
					<ns3:TrackPointExtension>
						<ns3:speed>1.72</ns3:speed>
						<ns3:cad>60.0</ns3:cad>
						<ns3:hr>122</ns3:hr>
					</ns3:TrackPointExtension>
				</extensions>
			</trkpt>
			<trkpt lat="48.98934997" lon="2.33390373">
				<ele>74.19</ele>
				<time>2025-12-05T11:15:27Z</time>
				<extensions>
					<ns3:TrackPointExtension>
						<ns3:speed>1.72</ns3:speed>
						<ns3:cad>60.0</ns3:cad>
						<ns3:hr>121</ns3:hr>
					</ns3:TrackPointExtension>
				</extensions>
			</trkpt>
			<trkpt lat="48.98935663" lon="2.3338814">
				<ele>74.22</ele>
				<time>2025-12-05T11:15:28Z</time>
				<extensions>
					<ns3:TrackPointExtension>
						<ns3:speed>1.71</ns3:speed>
						<ns3:cad>60.0</ns3:cad>
						<ns3:hr>121</ns3:hr>
					</ns3:TrackPointExtension>
				</extensions>
			</trkpt>
			<trkpt lat="48.98936262" lon="2.3338594">
				<ele>74.23</ele>
				<time>2025-12-05T11:15:29Z</time>
				<extensions>
					<ns3:TrackPointExtension>
						<ns3:speed>1.71</ns3:speed>
						<ns3:cad>60.0</ns3:cad>
						<ns3:hr>120</ns3:hr>
					</ns3:TrackPointExtension>
				</extensions>
			</trkpt>
			<trkpt lat="48.98936828" lon="2.33383874">
				<ele>74.24</ele>
				<time>2025-12-05T11:15:30Z</time>
				<extensions>
					<ns3:TrackPointExtension>
						<ns3:speed>1.71</ns3:speed>
						<ns3:cad>60.0</ns3:cad>
						<ns3:hr>120</ns3:hr>
					</ns3:TrackPointExtension>
				</extensions>
			</trkpt>
			<trkpt lat="48.98937494" lon="2.33382174">
				<ele>74.25</ele>
				<time>2025-12-05T11:15:31Z</time>
				<extensions>
					<ns3:TrackPointExtension>
						<ns3:speed>1.71</ns3:speed>
						<ns3:cad>60.0</ns3:cad>
						<ns3:hr>120</ns3:hr>
					</ns3:TrackPointExtension>
				</extensions>
			</trkpt>
			<trkpt lat="48.98938227" lon="2.33380341">
				<ele>74.26</ele>
				<time>2025-12-05T11:15:32Z</time>
				<extensions>
					<ns3:TrackPointExtension>
						<ns3:speed>1.7</ns3:speed>
						<ns3:cad>60.0</ns3:cad>
						<ns3:hr>120</ns3:hr>
					</ns3:TrackPointExtension>
				</extensions>
			</trkpt>
			<trkpt lat="48.9893886" lon="2.33378341">
				<ele>74.28</ele>
				<time>2025-12-05T11:15:33Z</time>
				<extensions>
					<ns3:TrackPointExtension>
						<ns3:speed>1.7</ns3:speed>
						<ns3:cad>60.0</ns3:cad>
						<ns3:hr>120</ns3:hr>
					</ns3:TrackPointExtension>
				</extensions>
			</trkpt>
			<trkpt lat="48.9893936" lon="2.33376042">
				<ele>74.32</ele>
				<time>2025-12-05T11:15:34Z</time>
				<extensions>
					<ns3:TrackPointExtension>
						<ns3:speed>1.69</ns3:speed>
						<ns3:cad>60.0</ns3:cad>
						<ns3:hr>120</ns3:hr>
					</ns3:TrackPointExtension>
				</extensions>
			</trkpt>
			<trkpt lat="48.98939726" lon="2.33373609">
				<ele>74.36</ele>
				<time>2025-12-05T11:15:35Z</time>
				<extensions>
					<ns3:TrackPointExtension>
						<ns3:speed>1.69</ns3:speed>
						<ns3:cad>60.0</ns3:cad>
						<ns3:hr>120</ns3:hr>
					</ns3:TrackPointExtension>
				</extensions>
			</trkpt>
			<trkpt lat="48.98940159" lon="2.33371276">
				<ele>74.39</ele>
				<time>2025-12-05T11:15:36Z</time>
				<extensions>
					<ns3:TrackPointExtension>
						<ns3:speed>1.69</ns3:speed>
						<ns3:cad>60.0</ns3:cad>
						<ns3:hr>118</ns3:hr>
					</ns3:TrackPointExtension>
				</extensions>
			</trkpt>
			<trkpt lat="48.98940625" lon="2.33368876">
				<ele>74.42</ele>
				<time>2025-12-05T11:15:37Z</time>
				<extensions>
					<ns3:TrackPointExtension>
						<ns3:speed>1.69</ns3:speed>
						<ns3:cad>59.0</ns3:cad>
						<ns3:hr>118</ns3:hr>
					</ns3:TrackPointExtension>
				</extensions>
			</trkpt>
			<trkpt lat="48.98941091" lon="2.3336651">
				<ele>74.44</ele>
				<time>2025-12-05T11:15:38Z</time>
				<extensions>
					<ns3:TrackPointExtension>
						<ns3:speed>1.69</ns3:speed>
						<ns3:cad>59.0</ns3:cad>
						<ns3:hr>117</ns3:hr>
					</ns3:TrackPointExtension>
				</extensions>
			</trkpt>
			<trkpt lat="48.98941491" lon="2.33364144">
				<ele>74.48</ele>
				<time>2025-12-05T11:15:39Z</time>
				<extensions>
					<ns3:TrackPointExtension>
						<ns3:speed>1.69</ns3:speed>
						<ns3:cad>59.0</ns3:cad>
						<ns3:hr>117</ns3:hr>
					</ns3:TrackPointExtension>
				</extensions>
			</trkpt>
			<trkpt lat="48.9894189" lon="2.33362011">
				<ele>74.51</ele>
				<time>2025-12-05T11:15:40Z</time>
				<extensions>
					<ns3:TrackPointExtension>
						<ns3:speed>1.69</ns3:speed>
						<ns3:cad>58.0</ns3:cad>
						<ns3:hr>117</ns3:hr>
					</ns3:TrackPointExtension>
				</extensions>
			</trkpt>
			<trkpt lat="48.98942189" lon="2.33359911">
				<ele>74.57</ele>
				<time>2025-12-05T11:15:41Z</time>
				<extensions>
					<ns3:TrackPointExtension>
						<ns3:speed>1.68</ns3:speed>
						<ns3:cad>58.0</ns3:cad>
						<ns3:hr>117</ns3:hr>
					</ns3:TrackPointExtension>
				</extensions>
			</trkpt>
			<trkpt lat="48.98942488" lon="2.33357812">
				<ele>74.61</ele>
				<time>2025-12-05T11:15:42Z</time>
				<extensions>
					<ns3:TrackPointExtension>
						<ns3:speed>1.68</ns3:speed>
						<ns3:cad>58.0</ns3:cad>
						<ns3:hr>116</ns3:hr>
					</ns3:TrackPointExtension>
				</extensions>
			</trkpt>
			<trkpt lat="48.98942688" lon="2.33355779">
				<ele>74.61</ele>
				<time>2025-12-05T11:15:43Z</time>
				<extensions>
					<ns3:TrackPointExtension>
						<ns3:speed>1.68</ns3:speed>
						<ns3:cad>57.0</ns3:cad>
						<ns3:hr>116</ns3:hr>
					</ns3:TrackPointExtension>
				</extensions>
			</trkpt>
			<trkpt lat="48.98942854" lon="2.33353846">
				<ele>74.64</ele>
				<time>2025-12-05T11:15:44Z</time>
				<extensions>
					<ns3:TrackPointExtension>
						<ns3:speed>1.67</ns3:speed>
						<ns3:cad>57.0</ns3:cad>
						<ns3:hr>116</ns3:hr>
					</ns3:TrackPointExtension>
				</extensions>
			</trkpt>
			<trkpt lat="48.98943054" lon="2.3335198">
				<ele>74.64</ele>
				<time>2025-12-05T11:15:45Z</time>
				<extensions>
					<ns3:TrackPointExtension>
						<ns3:speed>1.67</ns3:speed>
						<ns3:cad>57.0</ns3:cad>
						<ns3:hr>116</ns3:hr>
					</ns3:TrackPointExtension>
				</extensions>
			</trkpt>
			<trkpt lat="48.98943287" lon="2.33350114">
				<ele>74.72</ele>
				<time>2025-12-05T11:15:46Z</time>
				<extensions>
					<ns3:TrackPointExtension>
						<ns3:speed>1.66</ns3:speed>
						<ns3:cad>56.0</ns3:cad>
						<ns3:hr>116</ns3:hr>
					</ns3:TrackPointExtension>
				</extensions>
			</trkpt>
			<trkpt lat="48.98943487" lon="2.33348181">
				<ele>74.78</ele>
				<time>2025-12-05T11:15:47Z</time>
				<extensions>
					<ns3:TrackPointExtension>
						<ns3:speed>1.65</ns3:speed>
						<ns3:cad>56.0</ns3:cad>
						<ns3:hr>116</ns3:hr>
					</ns3:TrackPointExtension>
				</extensions>
			</trkpt>
			<trkpt lat="48.98943686" lon="2.33346282">
				<ele>74.83</ele>
				<time>2025-12-05T11:15:48Z</time>
				<extensions>
					<ns3:TrackPointExtension>
						<ns3:speed>1.65</ns3:speed>
						<ns3:cad>56.0</ns3:cad>
						<ns3:hr>116</ns3:hr>
					</ns3:TrackPointExtension>
				</extensions>
			</trkpt>
			<trkpt lat="48.98943852" lon="2.33344283">
				<ele>74.89</ele>
				<time>2025-12-05T11:15:49Z</time>
				<extensions>
					<ns3:TrackPointExtension>
						<ns3:speed>1.64</ns3:speed>
						<ns3:cad>56.0</ns3:cad>
						<ns3:hr>117</ns3:hr>
					</ns3:TrackPointExtension>
				</extensions>
			</trkpt>
			<trkpt lat="48.98944052" lon="2.33342283">
				<ele>74.94</ele>
				<time>2025-12-05T11:15:50Z</time>
				<extensions>
					<ns3:TrackPointExtension>
						<ns3:speed>1.63</ns3:speed>
						<ns3:cad>56.0</ns3:cad>
						<ns3:hr>117</ns3:hr>
					</ns3:TrackPointExtension>
				</extensions>
			</trkpt>
			<trkpt lat="48.98944151" lon="2.33340283">
				<ele>74.99</ele>
				<time>2025-12-05T11:15:51Z</time>
				<extensions>
					<ns3:TrackPointExtension>
						<ns3:speed>1.62</ns3:speed>
						<ns3:cad>56.0</ns3:cad>
						<ns3:hr>117</ns3:hr>
					</ns3:TrackPointExtension>
				</extensions>
			</trkpt>
			<trkpt lat="48.98944351" lon="2.33338284">
				<ele>75.06</ele>
				<time>2025-12-05T11:15:52Z</time>
				<extensions>
					<ns3:TrackPointExtension>
						<ns3:speed>1.62</ns3:speed>
						<ns3:cad>57.0</ns3:cad>
						<ns3:hr>118</ns3:hr>
					</ns3:TrackPointExtension>
				</extensions>
			</trkpt>
			<trkpt lat="48.9894465" lon="2.33336218">
				<ele>75.12</ele>
				<time>2025-12-05T11:15:53Z</time>
				<extensions>
					<ns3:TrackPointExtension>
						<ns3:speed>1.61</ns3:speed>
						<ns3:cad>57.0</ns3:cad>
						<ns3:hr>119</ns3:hr>
					</ns3:TrackPointExtension>
				</extensions>
			</trkpt>
			<trkpt lat="48.98945049" lon="2.33334052">
				<ele>75.19</ele>
				<time>2025-12-05T11:15:54Z</time>
				<extensions>
					<ns3:TrackPointExtension>
						<ns3:speed>1.61</ns3:speed>
						<ns3:cad>58.0</ns3:cad>
						<ns3:hr>119</ns3:hr>
					</ns3:TrackPointExtension>
				</extensions>
			</trkpt>
			<trkpt lat="48.98945415" lon="2.33331819">
				<ele>75.26</ele>
				<time>2025-12-05T11:15:55Z</time>
				<extensions>
					<ns3:TrackPointExtension>
						<ns3:speed>1.61</ns3:speed>
						<ns3:cad>58.0</ns3:cad>
						<ns3:hr>119</ns3:hr>
					</ns3:TrackPointExtension>
				</extensions>
			</trkpt>
			<trkpt lat="48.98945748" lon="2.33329653">
				<ele>75.26</ele>
				<time>2025-12-05T11:15:56Z</time>
				<extensions>
					<ns3:TrackPointExtension>
						<ns3:speed>1.6</ns3:speed>
						<ns3:cad>58.0</ns3:cad>
						<ns3:hr>120</ns3:hr>
					</ns3:TrackPointExtension>
				</extensions>
			</trkpt>
			<trkpt lat="48.98946114" lon="2.33327587">
				<ele>75.37</ele>
				<time>2025-12-05T11:15:57Z</time>
				<extensions>
					<ns3:TrackPointExtension>
						<ns3:speed>1.6</ns3:speed>
						<ns3:cad>58.0</ns3:cad>
						<ns3:hr>121</ns3:hr>
					</ns3:TrackPointExtension>
				</extensions>
			</trkpt>
			<trkpt lat="48.98946447" lon="2.33325488">
				<ele>75.43</ele>
				<time>2025-12-05T11:15:58Z</time>
				<extensions>
					<ns3:TrackPointExtension>
						<ns3:speed>1.6</ns3:speed>
						<ns3:cad>59.0</ns3:cad>
						<ns3:hr>122</ns3:hr>
					</ns3:TrackPointExtension>
				</extensions>
			</trkpt>
			<trkpt lat="48.9894678" lon="2.33323422">
				<ele>75.48</ele>
				<time>2025-12-05T11:15:59Z</time>
				<extensions>
					<ns3:TrackPointExtension>
						<ns3:speed>1.6</ns3:speed>
						<ns3:cad>59.0</ns3:cad>
						<ns3:hr>122</ns3:hr>
					</ns3:TrackPointExtension>
				</extensions>
			</trkpt>
			<trkpt lat="48.98947046" lon="2.33321289">
				<ele>75.55</ele>
				<time>2025-12-05T11:16:00Z</time>
				<extensions>
					<ns3:TrackPointExtension>
						<ns3:speed>1.6</ns3:speed>
						<ns3:cad>60.0</ns3:cad>
						<ns3:hr>123</ns3:hr>
					</ns3:TrackPointExtension>
				</extensions>
			</trkpt>
			<trkpt lat="48.98947345" lon="2.33319156">
				<ele>75.62</ele>
				<time>2025-12-05T11:16:01Z</time>
				<extensions>
					<ns3:TrackPointExtension>
						<ns3:speed>1.6</ns3:speed>
						<ns3:cad>60.0</ns3:cad>
						<ns3:hr>123</ns3:hr>
					</ns3:TrackPointExtension>
				</extensions>
			</trkpt>
			<trkpt lat="48.98947778" lon="2.3331709">
				<ele>75.68</ele>
				<time>2025-12-05T11:16:02Z</time>
				<extensions>
					<ns3:TrackPointExtension>
						<ns3:speed>1.6</ns3:speed>
						<ns3:cad>60.0</ns3:cad>
						<ns3:hr>123</ns3:hr>
					</ns3:TrackPointExtension>
				</extensions>
			</trkpt>
			<trkpt lat="48.98948244" lon="2.33315057">
				<ele>75.74</ele>
				<time>2025-12-05T11:16:03Z</time>
				<extensions>
					<ns3:TrackPointExtension>
						<ns3:speed>1.6</ns3:speed>
						<ns3:cad>59.0</ns3:cad>
						<ns3:hr>123</ns3:hr>
					</ns3:TrackPointExtension>
				</extensions>
			</trkpt>
			<trkpt lat="48.98948743" lon="2.33312924">
				<ele>75.79</ele>
				<time>2025-12-05T11:16:04Z</time>
				<extensions>
					<ns3:TrackPointExtension>
						<ns3:speed>1.6</ns3:speed>
						<ns3:cad>59.0</ns3:cad>
						<ns3:hr>124</ns3:hr>
					</ns3:TrackPointExtension>
				</extensions>
			</trkpt>
			<trkpt lat="48.98949276" lon="2.33310958">
				<ele>75.83</ele>
				<time>2025-12-05T11:16:05Z</time>
				<extensions>
					<ns3:TrackPointExtension>
						<ns3:speed>1.6</ns3:speed>
						<ns3:cad>59.0</ns3:cad>
						<ns3:hr>124</ns3:hr>
					</ns3:TrackPointExtension>
				</extensions>
			</trkpt>
			<trkpt lat="48.98949875" lon="2.33308892">
				<ele>75.87</ele>
				<time>2025-12-05T11:16:06Z</time>
				<extensions>
					<ns3:TrackPointExtension>
						<ns3:speed>1.6</ns3:speed>
						<ns3:cad>59.0</ns3:cad>
						<ns3:hr>125</ns3:hr>
					</ns3:TrackPointExtension>
				</extensions>
			</trkpt>
			<trkpt lat="48.98950575" lon="2.33306859">
				<ele>75.92</ele>
				<time>2025-12-05T11:16:07Z</time>
				<extensions>
					<ns3:TrackPointExtension>
						<ns3:speed>1.6</ns3:speed>
						<ns3:cad>59.0</ns3:cad>
						<ns3:hr>124</ns3:hr>
					</ns3:TrackPointExtension>
				</extensions>
			</trkpt>
			<trkpt lat="48.98951408" lon="2.33304826">
				<ele>75.96</ele>
				<time>2025-12-05T11:16:08Z</time>
				<extensions>
					<ns3:TrackPointExtension>
						<ns3:speed>1.6</ns3:speed>
						<ns3:cad>60.0</ns3:cad>
						<ns3:hr>124</ns3:hr>
					</ns3:TrackPointExtension>
				</extensions>
			</trkpt>
			<trkpt lat="48.98952208" lon="2.33302893">
				<ele>75.99</ele>
				<time>2025-12-05T11:16:09Z</time>
				<extensions>
					<ns3:TrackPointExtension>
						<ns3:speed>1.61</ns3:speed>
						<ns3:cad>60.0</ns3:cad>
						<ns3:hr>124</ns3:hr>
					</ns3:TrackPointExtension>
				</extensions>
			</trkpt>
			<trkpt lat="48.98952974" lon="2.33300794">
				<ele>76.01</ele>
				<time>2025-12-05T11:16:10Z</time>
				<extensions>
					<ns3:TrackPointExtension>
						<ns3:speed>1.61</ns3:speed>
						<ns3:cad>60.0</ns3:cad>
						<ns3:hr>125</ns3:hr>
					</ns3:TrackPointExtension>
				</extensions>
			</trkpt>
			<trkpt lat="48.98953774" lon="2.33298661">
				<ele>76.04</ele>
				<time>2025-12-05T11:16:11Z</time>
				<extensions>
					<ns3:TrackPointExtension>
						<ns3:speed>1.61</ns3:speed>
						<ns3:cad>60.0</ns3:cad>
						<ns3:hr>123</ns3:hr>
					</ns3:TrackPointExtension>
				</extensions>
			</trkpt>
			<trkpt lat="48.9895464" lon="2.33296762">
				<ele>76.05</ele>
				<time>2025-12-05T11:16:12Z</time>
				<extensions>
					<ns3:TrackPointExtension>
						<ns3:speed>1.61</ns3:speed>
						<ns3:cad>60.0</ns3:cad>
						<ns3:hr>122</ns3:hr>
					</ns3:TrackPointExtension>
				</extensions>
			</trkpt>
			<trkpt lat="48.98955506" lon="2.33294629">
				<ele>76.05</ele>
				<time>2025-12-05T11:16:13Z</time>
				<extensions>
					<ns3:TrackPointExtension>
						<ns3:speed>1.61</ns3:speed>
						<ns3:cad>60.0</ns3:cad>
						<ns3:hr>122</ns3:hr>
					</ns3:TrackPointExtension>
				</extensions>
			</trkpt>
			<trkpt lat="48.98956339" lon="2.33292629">
				<ele>76.06</ele>
				<time>2025-12-05T11:16:14Z</time>
				<extensions>
					<ns3:TrackPointExtension>
						<ns3:speed>1.62</ns3:speed>
						<ns3:cad>60.0</ns3:cad>
						<ns3:hr>122</ns3:hr>
					</ns3:TrackPointExtension>
				</extensions>
			</trkpt>
			<trkpt lat="48.98957172" lon="2.3329063">
				<ele>76.04</ele>
				<time>2025-12-05T11:16:15Z</time>
				<extensions>
					<ns3:TrackPointExtension>
						<ns3:speed>1.62</ns3:speed>
						<ns3:cad>61.0</ns3:cad>
						<ns3:hr>122</ns3:hr>
					</ns3:TrackPointExtension>
				</extensions>
			</trkpt>
			<trkpt lat="48.98957938" lon="2.33288564">
				<ele>76.03</ele>
				<time>2025-12-05T11:16:16Z</time>
				<extensions>
					<ns3:TrackPointExtension>
						<ns3:speed>1.62</ns3:speed>
						<ns3:cad>61.0</ns3:cad>
						<ns3:hr>122</ns3:hr>
					</ns3:TrackPointExtension>
				</extensions>
			</trkpt>
			<trkpt lat="48.98958804" lon="2.33286531">
				<ele>76.03</ele>
				<time>2025-12-05T11:16:17Z</time>
				<extensions>
					<ns3:TrackPointExtension>
						<ns3:speed>1.63</ns3:speed>
						<ns3:cad>61.0</ns3:cad>
						<ns3:hr>122</ns3:hr>
					</ns3:TrackPointExtension>
				</extensions>
			</trkpt>
			<trkpt lat="48.98959604" lon="2.33284432">
				<ele>76.0</ele>
				<time>2025-12-05T11:16:18Z</time>
				<extensions>
					<ns3:TrackPointExtension>
						<ns3:speed>1.63</ns3:speed>
						<ns3:cad>60.0</ns3:cad>
						<ns3:hr>121</ns3:hr>
					</ns3:TrackPointExtension>
				</extensions>
			</trkpt>
			<trkpt lat="48.98960404" lon="2.33282399">
				<ele>75.99</ele>
				<time>2025-12-05T11:16:19Z</time>
				<extensions>
					<ns3:TrackPointExtension>
						<ns3:speed>1.63</ns3:speed>
						<ns3:cad>60.0</ns3:cad>
						<ns3:hr>121</ns3:hr>
					</ns3:TrackPointExtension>
				</extensions>
			</trkpt>
			<trkpt lat="48.9896117" lon="2.33280266">
				<ele>75.98</ele>
				<time>2025-12-05T11:16:20Z</time>
				<extensions>
					<ns3:TrackPointExtension>
						<ns3:speed>1.64</ns3:speed>
						<ns3:cad>60.0</ns3:cad>
						<ns3:hr>121</ns3:hr>
					</ns3:TrackPointExtension>
				</extensions>
			</trkpt>
			<trkpt lat="48.98961936" lon="2.332783">
				<ele>75.94</ele>
				<time>2025-12-05T11:16:21Z</time>
				<extensions>
					<ns3:TrackPointExtension>
						<ns3:speed>1.64</ns3:speed>
						<ns3:cad>60.0</ns3:cad>
						<ns3:hr>121</ns3:hr>
					</ns3:TrackPointExtension>
				</extensions>
			</trkpt>
			<trkpt lat="48.98962936" lon="2.33276567">
				<ele>75.92</ele>
				<time>2025-12-05T11:16:22Z</time>
				<extensions>
					<ns3:TrackPointExtension>
						<ns3:speed>1.64</ns3:speed>
						<ns3:cad>60.0</ns3:cad>
						<ns3:hr>120</ns3:hr>
					</ns3:TrackPointExtension>
				</extensions>
			</trkpt>
			<trkpt lat="48.98963869" lon="2.33274734">
				<ele>75.91</ele>
				<time>2025-12-05T11:16:23Z</time>
				<extensions>
					<ns3:TrackPointExtension>
						<ns3:speed>1.65</ns3:speed>
						<ns3:cad>60.0</ns3:cad>
						<ns3:hr>121</ns3:hr>
					</ns3:TrackPointExtension>
				</extensions>
			</trkpt>
			<trkpt lat="48.98964702" lon="2.33272868">
				<ele>75.9</ele>
				<time>2025-12-05T11:16:24Z</time>
				<extensions>
					<ns3:TrackPointExtension>
						<ns3:speed>1.65</ns3:speed>
						<ns3:cad>60.0</ns3:cad>
						<ns3:hr>121</ns3:hr>
					</ns3:TrackPointExtension>
				</extensions>
			</trkpt>
			<trkpt lat="48.98965468" lon="2.33271268">
				<ele>75.87</ele>
				<time>2025-12-05T11:16:25Z</time>
				<extensions>
					<ns3:TrackPointExtension>
						<ns3:speed>1.65</ns3:speed>
						<ns3:cad>61.0</ns3:cad>
						<ns3:hr>120</ns3:hr>
					</ns3:TrackPointExtension>
				</extensions>
			</trkpt>
			<trkpt lat="48.98965867" lon="2.33269269">
				<ele>75.83</ele>
				<time>2025-12-05T11:16:26Z</time>
				<extensions>
					<ns3:TrackPointExtension>
						<ns3:speed>1.65</ns3:speed>
						<ns3:cad>61.0</ns3:cad>
						<ns3:hr>120</ns3:hr>
					</ns3:TrackPointExtension>
				</extensions>
			</trkpt>
			<trkpt lat="48.989665" lon="2.33267569">
				<ele>75.82</ele>
				<time>2025-12-05T11:16:27Z</time>
				<extensions>
					<ns3:TrackPointExtension>
						<ns3:speed>1.65</ns3:speed>
						<ns3:cad>61.0</ns3:cad>
						<ns3:hr>121</ns3:hr>
					</ns3:TrackPointExtension>
				</extensions>
			</trkpt>
			<trkpt lat="48.98967333" lon="2.3326647">
				<ele>75.81</ele>
				<time>2025-12-05T11:16:28Z</time>
				<extensions>
					<ns3:TrackPointExtension>
						<ns3:speed>1.64</ns3:speed>
						<ns3:cad>61.0</ns3:cad>
						<ns3:hr>121</ns3:hr>
					</ns3:TrackPointExtension>
				</extensions>
			</trkpt>
			<trkpt lat="48.98968232" lon="2.33265537">
				<ele>75.8</ele>
				<time>2025-12-05T11:16:29Z</time>
				<extensions>
					<ns3:TrackPointExtension>
						<ns3:speed>1.64</ns3:speed>
						<ns3:cad>60.0</ns3:cad>
						<ns3:hr>121</ns3:hr>
					</ns3:TrackPointExtension>
				</extensions>
			</trkpt>
			<trkpt lat="48.98969032" lon="2.33264304">
				<ele>75.8</ele>
				<time>2025-12-05T11:16:30Z</time>
				<extensions>
					<ns3:TrackPointExtension>
						<ns3:speed>1.63</ns3:speed>
						<ns3:cad>60.0</ns3:cad>
						<ns3:hr>122</ns3:hr>
					</ns3:TrackPointExtension>
				</extensions>
			</trkpt>
			<trkpt lat="48.98969731" lon="2.33263305">
				<ele>75.81</ele>
				<time>2025-12-05T11:16:31Z</time>
				<extensions>
					<ns3:TrackPointExtension>
						<ns3:speed>1.62</ns3:speed>
						<ns3:cad>60.0</ns3:cad>
						<ns3:hr>122</ns3:hr>
					</ns3:TrackPointExtension>
				</extensions>
			</trkpt>
			<trkpt lat="48.98970364" lon="2.33262105">
				<ele>75.81</ele>
				<time>2025-12-05T11:16:32Z</time>
				<extensions>
					<ns3:TrackPointExtension>
						<ns3:speed>1.62</ns3:speed>
						<ns3:cad>60.0</ns3:cad>
						<ns3:hr>123</ns3:hr>
					</ns3:TrackPointExtension>
				</extensions>
			</trkpt>
			<trkpt lat="48.98971164" lon="2.33260639">
				<ele>75.81</ele>
				<time>2025-12-05T11:16:33Z</time>
				<extensions>
					<ns3:TrackPointExtension>
						<ns3:speed>1.61</ns3:speed>
						<ns3:cad>60.0</ns3:cad>
						<ns3:hr>123</ns3:hr>
					</ns3:TrackPointExtension>
				</extensions>
			</trkpt>
			<trkpt lat="48.9897163" lon="2.33259306">
				<ele>75.81</ele>
				<time>2025-12-05T11:16:34Z</time>
				<extensions>
					<ns3:TrackPointExtension>
						<ns3:speed>1.59</ns3:speed>
						<ns3:cad>60.0</ns3:cad>
						<ns3:hr>122</ns3:hr>
					</ns3:TrackPointExtension>
				</extensions>
			</trkpt>
			<trkpt lat="48.98971929" lon="2.33257973">
				<ele>75.81</ele>
				<time>2025-12-05T11:16:35Z</time>
				<extensions>
					<ns3:TrackPointExtension>
						<ns3:speed>1.58</ns3:speed>
						<ns3:cad>59.0</ns3:cad>
						<ns3:hr>123</ns3:hr>
					</ns3:TrackPointExtension>
				</extensions>
			</trkpt>
			<trkpt lat="48.98972195" lon="2.33256574">
				<ele>75.82</ele>
				<time>2025-12-05T11:16:36Z</time>
				<extensions>
					<ns3:TrackPointExtension>
						<ns3:speed>1.57</ns3:speed>
						<ns3:cad>59.0</ns3:cad>
						<ns3:hr>123</ns3:hr>
					</ns3:TrackPointExtension>
				</extensions>
			</trkpt>
			<trkpt lat="48.98972561" lon="2.33255074">
				<ele>75.82</ele>
				<time>2025-12-05T11:16:37Z</time>
				<extensions>
					<ns3:TrackPointExtension>
						<ns3:speed>1.56</ns3:speed>
						<ns3:cad>59.0</ns3:cad>
						<ns3:hr>123</ns3:hr>
					</ns3:TrackPointExtension>
				</extensions>
			</trkpt>
			<trkpt lat="48.98972994" lon="2.33253375">
				<ele>75.82</ele>
				<time>2025-12-05T11:16:38Z</time>
				<extensions>
					<ns3:TrackPointExtension>
						<ns3:speed>1.54</ns3:speed>
						<ns3:cad>59.0</ns3:cad>
						<ns3:hr>122</ns3:hr>
					</ns3:TrackPointExtension>
				</extensions>
			</trkpt>
			<trkpt lat="48.98973627" lon="2.33251075">
				<ele>75.82</ele>
				<time>2025-12-05T11:16:39Z</time>
				<extensions>
					<ns3:TrackPointExtension>
						<ns3:speed>1.54</ns3:speed>
						<ns3:cad>60.0</ns3:cad>
						<ns3:hr>122</ns3:hr>
					</ns3:TrackPointExtension>
				</extensions>
			</trkpt>
			<trkpt lat="48.98974326" lon="2.33248909">
				<ele>75.82</ele>
				<time>2025-12-05T11:16:40Z</time>
				<extensions>
					<ns3:TrackPointExtension>
						<ns3:speed>1.53</ns3:speed>
						<ns3:cad>60.0</ns3:cad>
						<ns3:hr>122</ns3:hr>
					</ns3:TrackPointExtension>
				</extensions>
			</trkpt>
			<trkpt lat="48.98975126" lon="2.33246676">
				<ele>75.82</ele>
				<time>2025-12-05T11:16:41Z</time>
				<extensions>
					<ns3:TrackPointExtension>
						<ns3:speed>1.52</ns3:speed>
						<ns3:cad>60.0</ns3:cad>
						<ns3:hr>122</ns3:hr>
					</ns3:TrackPointExtension>
				</extensions>
			</trkpt>
			<trkpt lat="48.98975725" lon="2.3324461">
				<ele>75.83</ele>
				<time>2025-12-05T11:16:42Z</time>
				<extensions>
					<ns3:TrackPointExtension>
						<ns3:speed>1.51</ns3:speed>
						<ns3:cad>60.0</ns3:cad>
						<ns3:hr>123</ns3:hr>
					</ns3:TrackPointExtension>
				</extensions>
			</trkpt>
			<trkpt lat="48.98976258" lon="2.33242611">
				<ele>75.83</ele>
				<time>2025-12-05T11:16:43Z</time>
				<extensions>
					<ns3:TrackPointExtension>
						<ns3:speed>1.51</ns3:speed>
						<ns3:cad>60.0</ns3:cad>
						<ns3:hr>125</ns3:hr>
					</ns3:TrackPointExtension>
				</extensions>
			</trkpt>
			<trkpt lat="48.98976857" lon="2.33240712">
				<ele>75.85</ele>
				<time>2025-12-05T11:16:44Z</time>
				<extensions>
					<ns3:TrackPointExtension>
						<ns3:speed>1.51</ns3:speed>
						<ns3:cad>60.0</ns3:cad>
						<ns3:hr>127</ns3:hr>
					</ns3:TrackPointExtension>
				</extensions>
			</trkpt>
			<trkpt lat="48.9897769" lon="2.33238879">
				<ele>75.86</ele>
				<time>2025-12-05T11:16:45Z</time>
				<extensions>
					<ns3:TrackPointExtension>
						<ns3:speed>1.51</ns3:speed>
						<ns3:cad>60.0</ns3:cad>
						<ns3:hr>123</ns3:hr>
					</ns3:TrackPointExtension>
				</extensions>
			</trkpt>
			<trkpt lat="48.9897839" lon="2.3323688">
				<ele>75.87</ele>
				<time>2025-12-05T11:16:46Z</time>
				<extensions>
					<ns3:TrackPointExtension>
						<ns3:speed>1.51</ns3:speed>
						<ns3:cad>60.0</ns3:cad>
						<ns3:hr>125</ns3:hr>
					</ns3:TrackPointExtension>
				</extensions>
			</trkpt>
			<trkpt lat="48.98979156" lon="2.33234647">
				<ele>75.87</ele>
				<time>2025-12-05T11:16:47Z</time>
				<extensions>
					<ns3:TrackPointExtension>
						<ns3:speed>1.51</ns3:speed>
						<ns3:cad>60.0</ns3:cad>
						<ns3:hr>125</ns3:hr>
					</ns3:TrackPointExtension>
				</extensions>
			</trkpt>
			<trkpt lat="48.98979855" lon="2.33232448">
				<ele>75.87</ele>
				<time>2025-12-05T11:16:48Z</time>
				<extensions>
					<ns3:TrackPointExtension>
						<ns3:speed>1.51</ns3:speed>
						<ns3:cad>60.0</ns3:cad>
						<ns3:hr>124</ns3:hr>
					</ns3:TrackPointExtension>
				</extensions>
			</trkpt>
			<trkpt lat="48.98980688" lon="2.33230215">
				<ele>75.9</ele>
				<time>2025-12-05T11:16:49Z</time>
				<extensions>
					<ns3:TrackPointExtension>
						<ns3:speed>1.51</ns3:speed>
						<ns3:cad>60.0</ns3:cad>
						<ns3:hr>124</ns3:hr>
					</ns3:TrackPointExtension>
				</extensions>
			</trkpt>
			<trkpt lat="48.98981521" lon="2.33227849">
				<ele>75.91</ele>
				<time>2025-12-05T11:16:50Z</time>
				<extensions>
					<ns3:TrackPointExtension>
						<ns3:speed>1.5</ns3:speed>
						<ns3:cad>60.0</ns3:cad>
						<ns3:hr>124</ns3:hr>
					</ns3:TrackPointExtension>
				</extensions>
			</trkpt>
			<trkpt lat="48.98982487" lon="2.33225583">
				<ele>75.92</ele>
				<time>2025-12-05T11:16:51Z</time>
				<extensions>
					<ns3:TrackPointExtension>
						<ns3:speed>1.5</ns3:speed>
						<ns3:cad>60.0</ns3:cad>
						<ns3:hr>124</ns3:hr>
					</ns3:TrackPointExtension>
				</extensions>
			</trkpt>
			<trkpt lat="48.98983787" lon="2.33223417">
				<ele>75.93</ele>
				<time>2025-12-05T11:16:52Z</time>
				<extensions>
					<ns3:TrackPointExtension>
						<ns3:speed>1.5</ns3:speed>
						<ns3:cad>60.0</ns3:cad>
						<ns3:hr>122</ns3:hr>
					</ns3:TrackPointExtension>
				</extensions>
			</trkpt>
			<trkpt lat="48.9898492" lon="2.33221251">
				<ele>75.94</ele>
				<time>2025-12-05T11:16:53Z</time>
				<extensions>
					<ns3:TrackPointExtension>
						<ns3:speed>1.5</ns3:speed>
						<ns3:cad>60.0</ns3:cad>
						<ns3:hr>122</ns3:hr>
					</ns3:TrackPointExtension>
				</extensions>
			</trkpt>
			<trkpt lat="48.9898592" lon="2.33218951">
				<ele>75.98</ele>
				<time>2025-12-05T11:16:54Z</time>
				<extensions>
					<ns3:TrackPointExtension>
						<ns3:speed>1.51</ns3:speed>
						<ns3:cad>60.0</ns3:cad>
						<ns3:hr>122</ns3:hr>
					</ns3:TrackPointExtension>
				</extensions>
			</trkpt>
			<trkpt lat="48.98986719" lon="2.33216552">
				<ele>76.01</ele>
				<time>2025-12-05T11:16:55Z</time>
				<extensions>
					<ns3:TrackPointExtension>
						<ns3:speed>1.51</ns3:speed>
						<ns3:cad>60.0</ns3:cad>
						<ns3:hr>123</ns3:hr>
					</ns3:TrackPointExtension>
				</extensions>
			</trkpt>
			<trkpt lat="48.98987552" lon="2.33214086">
				<ele>76.07</ele>
				<time>2025-12-05T11:16:56Z</time>
				<extensions>
					<ns3:TrackPointExtension>
						<ns3:speed>1.52</ns3:speed>
						<ns3:cad>60.0</ns3:cad>
						<ns3:hr>123</ns3:hr>
					</ns3:TrackPointExtension>
				</extensions>
			</trkpt>
			<trkpt lat="48.98988152" lon="2.33211286">
				<ele>76.12</ele>
				<time>2025-12-05T11:16:57Z</time>
				<extensions>
					<ns3:TrackPointExtension>
						<ns3:speed>1.53</ns3:speed>
						<ns3:cad>60.0</ns3:cad>
						<ns3:hr>123</ns3:hr>
					</ns3:TrackPointExtension>
				</extensions>
			</trkpt>
			<trkpt lat="48.98988685" lon="2.33208953">
				<ele>76.12</ele>
				<time>2025-12-05T11:16:58Z</time>
				<extensions>
					<ns3:TrackPointExtension>
						<ns3:speed>1.53</ns3:speed>
						<ns3:cad>60.0</ns3:cad>
						<ns3:hr>123</ns3:hr>
					</ns3:TrackPointExtension>
				</extensions>
			</trkpt>
			<trkpt lat="48.98989151" lon="2.3320672">
				<ele>76.17</ele>
				<time>2025-12-05T11:16:59Z</time>
				<extensions>
					<ns3:TrackPointExtension>
						<ns3:speed>1.54</ns3:speed>
						<ns3:cad>60.0</ns3:cad>
						<ns3:hr>124</ns3:hr>
					</ns3:TrackPointExtension>
				</extensions>
			</trkpt>
			<trkpt lat="48.98989651" lon="2.3320442">
				<ele>76.23</ele>
				<time>2025-12-05T11:17:00Z</time>
				<extensions>
					<ns3:TrackPointExtension>
						<ns3:speed>1.55</ns3:speed>
						<ns3:cad>60.0</ns3:cad>
						<ns3:hr>124</ns3:hr>
					</ns3:TrackPointExtension>
				</extensions>
			</trkpt>
			<trkpt lat="48.98990284" lon="2.33202321">
				<ele>76.26</ele>
				<time>2025-12-05T11:17:01Z</time>
				<extensions>
					<ns3:TrackPointExtension>
						<ns3:speed>1.56</ns3:speed>
						<ns3:cad>60.0</ns3:cad>
						<ns3:hr>123</ns3:hr>
					</ns3:TrackPointExtension>
				</extensions>
			</trkpt>
			<trkpt lat="48.98991084" lon="2.33200255">
				<ele>76.26</ele>
				<time>2025-12-05T11:17:02Z</time>
				<extensions>
					<ns3:TrackPointExtension>
						<ns3:speed>1.56</ns3:speed>
						<ns3:cad>60.0</ns3:cad>
						<ns3:hr>122</ns3:hr>
					</ns3:TrackPointExtension>
				</extensions>
			</trkpt>
			<trkpt lat="48.98992017" lon="2.33198289">
				<ele>76.36</ele>
				<time>2025-12-05T11:17:03Z</time>
				<extensions>
					<ns3:TrackPointExtension>
						<ns3:speed>1.56</ns3:speed>
						<ns3:cad>60.0</ns3:cad>
						<ns3:hr>122</ns3:hr>
					</ns3:TrackPointExtension>
				</extensions>
			</trkpt>
			<trkpt lat="48.98993117" lon="2.3319639">
				<ele>76.41</ele>
				<time>2025-12-05T11:17:04Z</time>
				<extensions>
					<ns3:TrackPointExtension>
						<ns3:speed>1.57</ns3:speed>
						<ns3:cad>60.0</ns3:cad>
						<ns3:hr>121</ns3:hr>
					</ns3:TrackPointExtension>
				</extensions>
			</trkpt>
			<trkpt lat="48.98994117" lon="2.33194624">
				<ele>76.47</ele>
				<time>2025-12-05T11:17:05Z</time>
				<extensions>
					<ns3:TrackPointExtension>
						<ns3:speed>1.57</ns3:speed>
						<ns3:cad>60.0</ns3:cad>
						<ns3:hr>121</ns3:hr>
					</ns3:TrackPointExtension>
				</extensions>
			</trkpt>
			<trkpt lat="48.98995016" lon="2.33193125">
				<ele>76.51</ele>
				<time>2025-12-05T11:17:06Z</time>
				<extensions>
					<ns3:TrackPointExtension>
						<ns3:speed>1.58</ns3:speed>
						<ns3:cad>60.0</ns3:cad>
						<ns3:hr>121</ns3:hr>
					</ns3:TrackPointExtension>
				</extensions>
			</trkpt>
			<trkpt lat="48.98995849" lon="2.33191725">
				<ele>76.57</ele>
				<time>2025-12-05T11:17:07Z</time>
				<extensions>
					<ns3:TrackPointExtension>
						<ns3:speed>1.58</ns3:speed>
						<ns3:cad>60.0</ns3:cad>
						<ns3:hr>121</ns3:hr>
					</ns3:TrackPointExtension>
				</extensions>
			</trkpt>
			<trkpt lat="48.98996548" lon="2.33190325">
				<ele>76.62</ele>
				<time>2025-12-05T11:17:08Z</time>
				<extensions>
					<ns3:TrackPointExtension>
						<ns3:speed>1.58</ns3:speed>
						<ns3:cad>60.0</ns3:cad>
						<ns3:hr>121</ns3:hr>
					</ns3:TrackPointExtension>
				</extensions>
			</trkpt>
			<trkpt lat="48.98997181" lon="2.33188725">
				<ele>76.67</ele>
				<time>2025-12-05T11:17:09Z</time>
				<extensions>
					<ns3:TrackPointExtension>
						<ns3:speed>1.58</ns3:speed>
						<ns3:cad>60.0</ns3:cad>
						<ns3:hr>121</ns3:hr>
					</ns3:TrackPointExtension>
				</extensions>
			</trkpt>
			<trkpt lat="48.98997814" lon="2.33187092">
				<ele>76.71</ele>
				<time>2025-12-05T11:17:10Z</time>
				<extensions>
					<ns3:TrackPointExtension>
						<ns3:speed>1.57</ns3:speed>
						<ns3:cad>60.0</ns3:cad>
						<ns3:hr>120</ns3:hr>
					</ns3:TrackPointExtension>
				</extensions>
			</trkpt>
			<trkpt lat="48.98998447" lon="2.33185526">
				<ele>76.76</ele>
				<time>2025-12-05T11:17:11Z</time>
				<extensions>
					<ns3:TrackPointExtension>
						<ns3:speed>1.57</ns3:speed>
						<ns3:cad>60.0</ns3:cad>
						<ns3:hr>120</ns3:hr>
					</ns3:TrackPointExtension>
				</extensions>
			</trkpt>
			<trkpt lat="48.98999113" lon="2.33183926">
				<ele>76.8</ele>
				<time>2025-12-05T11:17:12Z</time>
				<extensions>
					<ns3:TrackPointExtension>
						<ns3:speed>1.56</ns3:speed>
						<ns3:cad>60.0</ns3:cad>
						<ns3:hr>120</ns3:hr>
					</ns3:TrackPointExtension>
				</extensions>
			</trkpt>
			<trkpt lat="48.98999779" lon="2.3318216">
				<ele>76.83</ele>
				<time>2025-12-05T11:17:13Z</time>
				<extensions>
					<ns3:TrackPointExtension>
						<ns3:speed>1.56</ns3:speed>
						<ns3:cad>59.0</ns3:cad>
						<ns3:hr>117</ns3:hr>
					</ns3:TrackPointExtension>
				</extensions>
			</trkpt>
			<trkpt lat="48.99000545" lon="2.33180094">
				<ele>76.89</ele>
				<time>2025-12-05T11:17:14Z</time>
				<extensions>
					<ns3:TrackPointExtension>
						<ns3:speed>1.55</ns3:speed>
						<ns3:cad>59.0</ns3:cad>
						<ns3:hr>117</ns3:hr>
					</ns3:TrackPointExtension>
				</extensions>
			</trkpt>
			<trkpt lat="48.99001311" lon="2.33178128">
				<ele>76.92</ele>
				<time>2025-12-05T11:17:15Z</time>
				<extensions>
					<ns3:TrackPointExtension>
						<ns3:speed>1.55</ns3:speed>
						<ns3:cad>59.0</ns3:cad>
						<ns3:hr>117</ns3:hr>
					</ns3:TrackPointExtension>
				</extensions>
			</trkpt>
			<trkpt lat="48.99002077" lon="2.33176162">
				<ele>76.96</ele>
				<time>2025-12-05T11:17:16Z</time>
				<extensions>
					<ns3:TrackPointExtension>
						<ns3:speed>1.55</ns3:speed>
						<ns3:cad>59.0</ns3:cad>
						<ns3:hr>117</ns3:hr>
					</ns3:TrackPointExtension>
				</extensions>
			</trkpt>
			<trkpt lat="48.99002943" lon="2.33174296">
				<ele>77.0</ele>
				<time>2025-12-05T11:17:17Z</time>
				<extensions>
					<ns3:TrackPointExtension>
						<ns3:speed>1.54</ns3:speed>
						<ns3:cad>59.0</ns3:cad>
						<ns3:hr>117</ns3:hr>
					</ns3:TrackPointExtension>
				</extensions>
			</trkpt>
			<trkpt lat="48.99003943" lon="2.3317233">
				<ele>77.08</ele>
				<time>2025-12-05T11:17:18Z</time>
				<extensions>
					<ns3:TrackPointExtension>
						<ns3:speed>1.55</ns3:speed>
						<ns3:cad>59.0</ns3:cad>
						<ns3:hr>117</ns3:hr>
					</ns3:TrackPointExtension>
				</extensions>
			</trkpt>
			<trkpt lat="48.99004942" lon="2.33170264">
				<ele>77.16</ele>
				<time>2025-12-05T11:17:19Z</time>
				<extensions>
					<ns3:TrackPointExtension>
						<ns3:speed>1.55</ns3:speed>
						<ns3:cad>59.0</ns3:cad>
						<ns3:hr>117</ns3:hr>
					</ns3:TrackPointExtension>
				</extensions>
			</trkpt>
			<trkpt lat="48.99006008" lon="2.33168298">
				<ele>77.23</ele>
				<time>2025-12-05T11:17:20Z</time>
				<extensions>
					<ns3:TrackPointExtension>
						<ns3:speed>1.55</ns3:speed>
						<ns3:cad>59.0</ns3:cad>
						<ns3:hr>117</ns3:hr>
					</ns3:TrackPointExtension>
				</extensions>
			</trkpt>
			<trkpt lat="48.99006907" lon="2.33166399">
				<ele>77.32</ele>
				<time>2025-12-05T11:17:21Z</time>
				<extensions>
					<ns3:TrackPointExtension>
						<ns3:speed>1.55</ns3:speed>
						<ns3:cad>58.0</ns3:cad>
						<ns3:hr>117</ns3:hr>
					</ns3:TrackPointExtension>
				</extensions>
			</trkpt>
			<trkpt lat="48.99007707" lon="2.331645">
				<ele>77.39</ele>
				<time>2025-12-05T11:17:22Z</time>
				<extensions>
					<ns3:TrackPointExtension>
						<ns3:speed>1.56</ns3:speed>
						<ns3:cad>58.0</ns3:cad>
						<ns3:hr>117</ns3:hr>
					</ns3:TrackPointExtension>
				</extensions>
			</trkpt>
			<trkpt lat="48.99008407" lon="2.331627">
				<ele>77.46</ele>
				<time>2025-12-05T11:17:23Z</time>
				<extensions>
					<ns3:TrackPointExtension>
						<ns3:speed>1.56</ns3:speed>
						<ns3:cad>59.0</ns3:cad>
						<ns3:hr>117</ns3:hr>
					</ns3:TrackPointExtension>
				</extensions>
			</trkpt>
			<trkpt lat="48.99009073" lon="2.33160967">
				<ele>77.46</ele>
				<time>2025-12-05T11:17:24Z</time>
				<extensions>
					<ns3:TrackPointExtension>
						<ns3:speed>1.56</ns3:speed>
						<ns3:cad>59.0</ns3:cad>
						<ns3:hr>117</ns3:hr>
					</ns3:TrackPointExtension>
				</extensions>
			</trkpt>
			<trkpt lat="48.99009739" lon="2.33159167">
				<ele>77.62</ele>
				<time>2025-12-05T11:17:25Z</time>
				<extensions>
					<ns3:TrackPointExtension>
						<ns3:speed>1.56</ns3:speed>
						<ns3:cad>59.0</ns3:cad>
						<ns3:hr>117</ns3:hr>
					</ns3:TrackPointExtension>
				</extensions>
			</trkpt>
			<trkpt lat="48.99010472" lon="2.33157301">
				<ele>77.68</ele>
				<time>2025-12-05T11:17:26Z</time>
				<extensions>
					<ns3:TrackPointExtension>
						<ns3:speed>1.56</ns3:speed>
						<ns3:cad>58.0</ns3:cad>
						<ns3:hr>117</ns3:hr>
					</ns3:TrackPointExtension>
				</extensions>
			</trkpt>
			<trkpt lat="48.99011238" lon="2.33155402">
				<ele>77.75</ele>
				<time>2025-12-05T11:17:27Z</time>
				<extensions>
					<ns3:TrackPointExtension>
						<ns3:speed>1.56</ns3:speed>
						<ns3:cad>58.0</ns3:cad>
						<ns3:hr>118</ns3:hr>
					</ns3:TrackPointExtension>
				</extensions>
			</trkpt>
			<trkpt lat="48.99012104" lon="2.33153436">
				<ele>77.81</ele>
				<time>2025-12-05T11:17:28Z</time>
				<extensions>
					<ns3:TrackPointExtension>
						<ns3:speed>1.55</ns3:speed>
						<ns3:cad>58.0</ns3:cad>
						<ns3:hr>117</ns3:hr>
					</ns3:TrackPointExtension>
				</extensions>
			</trkpt>
			<trkpt lat="48.99012904" lon="2.3315147">
				<ele>77.85</ele>
				<time>2025-12-05T11:17:29Z</time>
				<extensions>
					<ns3:TrackPointExtension>
						<ns3:speed>1.55</ns3:speed>
						<ns3:cad>58.0</ns3:cad>
						<ns3:hr>117</ns3:hr>
					</ns3:TrackPointExtension>
				</extensions>
			</trkpt>
			<trkpt lat="48.99013703" lon="2.33149537">
				<ele>77.89</ele>
				<time>2025-12-05T11:17:30Z</time>
				<extensions>
					<ns3:TrackPointExtension>
						<ns3:speed>1.55</ns3:speed>
						<ns3:cad>58.0</ns3:cad>
						<ns3:hr>117</ns3:hr>
					</ns3:TrackPointExtension>
				</extensions>
			</trkpt>
			<trkpt lat="48.99014603" lon="2.33147804">
				<ele>77.94</ele>
				<time>2025-12-05T11:17:31Z</time>
				<extensions>
					<ns3:TrackPointExtension>
						<ns3:speed>1.55</ns3:speed>
						<ns3:cad>58.0</ns3:cad>
						<ns3:hr>117</ns3:hr>
					</ns3:TrackPointExtension>
				</extensions>
			</trkpt>
			<trkpt lat="48.99015436" lon="2.33146038">
				<ele>78.01</ele>
				<time>2025-12-05T11:17:32Z</time>
				<extensions>
					<ns3:TrackPointExtension>
						<ns3:speed>1.55</ns3:speed>
						<ns3:cad>58.0</ns3:cad>
						<ns3:hr>117</ns3:hr>
					</ns3:TrackPointExtension>
				</extensions>
			</trkpt>
			<trkpt lat="48.99016302" lon="2.33144205">
				<ele>78.07</ele>
				<time>2025-12-05T11:17:33Z</time>
				<extensions>
					<ns3:TrackPointExtension>
						<ns3:speed>1.55</ns3:speed>
						<ns3:cad>58.0</ns3:cad>
						<ns3:hr>117</ns3:hr>
					</ns3:TrackPointExtension>
				</extensions>
			</trkpt>
			<trkpt lat="48.99017135" lon="2.33142205">
				<ele>78.12</ele>
				<time>2025-12-05T11:17:34Z</time>
				<extensions>
					<ns3:TrackPointExtension>
						<ns3:speed>1.54</ns3:speed>
						<ns3:cad>58.0</ns3:cad>
						<ns3:hr>116</ns3:hr>
					</ns3:TrackPointExtension>
				</extensions>
			</trkpt>
			<trkpt lat="48.99017968" lon="2.33140205">
				<ele>78.18</ele>
				<time>2025-12-05T11:17:35Z</time>
				<extensions>
					<ns3:TrackPointExtension>
						<ns3:speed>1.54</ns3:speed>
						<ns3:cad>58.0</ns3:cad>
						<ns3:hr>116</ns3:hr>
					</ns3:TrackPointExtension>
				</extensions>
			</trkpt>
			<trkpt lat="48.99018901" lon="2.33138239">
				<ele>78.24</ele>
				<time>2025-12-05T11:17:36Z</time>
				<extensions>
					<ns3:TrackPointExtension>
						<ns3:speed>1.54</ns3:speed>
						<ns3:cad>58.0</ns3:cad>
						<ns3:hr>116</ns3:hr>
					</ns3:TrackPointExtension>
				</extensions>
			</trkpt>
			<trkpt lat="48.99019567" lon="2.33136306">
				<ele>78.28</ele>
				<time>2025-12-05T11:17:37Z</time>
				<extensions>
					<ns3:TrackPointExtension>
						<ns3:speed>1.54</ns3:speed>
						<ns3:cad>59.0</ns3:cad>
						<ns3:hr>117</ns3:hr>
					</ns3:TrackPointExtension>
				</extensions>
			</trkpt>
			<trkpt lat="48.99020233" lon="2.33134307">
				<ele>78.32</ele>
				<time>2025-12-05T11:17:38Z</time>
				<extensions>
					<ns3:TrackPointExtension>
						<ns3:speed>1.55</ns3:speed>
						<ns3:cad>59.0</ns3:cad>
						<ns3:hr>117</ns3:hr>
					</ns3:TrackPointExtension>
				</extensions>
			</trkpt>
			<trkpt lat="48.99020899" lon="2.33132341">
				<ele>78.36</ele>
				<time>2025-12-05T11:17:39Z</time>
				<extensions>
					<ns3:TrackPointExtension>
						<ns3:speed>1.55</ns3:speed>
						<ns3:cad>60.0</ns3:cad>
						<ns3:hr>118</ns3:hr>
					</ns3:TrackPointExtension>
				</extensions>
			</trkpt>
			<trkpt lat="48.99021632" lon="2.33130341">
				<ele>78.4</ele>
				<time>2025-12-05T11:17:40Z</time>
				<extensions>
					<ns3:TrackPointExtension>
						<ns3:speed>1.55</ns3:speed>
						<ns3:cad>60.0</ns3:cad>
						<ns3:hr>118</ns3:hr>
					</ns3:TrackPointExtension>
				</extensions>
			</trkpt>
			<trkpt lat="48.99022465" lon="2.33128408">
				<ele>78.44</ele>
				<time>2025-12-05T11:17:41Z</time>
				<extensions>
					<ns3:TrackPointExtension>
						<ns3:speed>1.55</ns3:speed>
						<ns3:cad>60.0</ns3:cad>
						<ns3:hr>119</ns3:hr>
					</ns3:TrackPointExtension>
				</extensions>
			</trkpt>
			<trkpt lat="48.99023398" lon="2.33126375">
				<ele>78.49</ele>
				<time>2025-12-05T11:17:42Z</time>
				<extensions>
					<ns3:TrackPointExtension>
						<ns3:speed>1.55</ns3:speed>
						<ns3:cad>60.0</ns3:cad>
						<ns3:hr>120</ns3:hr>
					</ns3:TrackPointExtension>
				</extensions>
			</trkpt>
			<trkpt lat="48.99024264" lon="2.33124375">
				<ele>78.53</ele>
				<time>2025-12-05T11:17:43Z</time>
				<extensions>
					<ns3:TrackPointExtension>
						<ns3:speed>1.55</ns3:speed>
						<ns3:cad>60.0</ns3:cad>
						<ns3:hr>121</ns3:hr>
					</ns3:TrackPointExtension>
				</extensions>
			</trkpt>
			<trkpt lat="48.9902513" lon="2.33122375">
				<ele>78.57</ele>
				<time>2025-12-05T11:17:44Z</time>
				<extensions>
					<ns3:TrackPointExtension>
						<ns3:speed>1.55</ns3:speed>
						<ns3:cad>59.0</ns3:cad>
						<ns3:hr>121</ns3:hr>
					</ns3:TrackPointExtension>
				</extensions>
			</trkpt>
			<trkpt lat="48.99025963" lon="2.33120276">
				<ele>78.62</ele>
				<time>2025-12-05T11:17:45Z</time>
				<extensions>
					<ns3:TrackPointExtension>
						<ns3:speed>1.55</ns3:speed>
						<ns3:cad>59.0</ns3:cad>
						<ns3:hr>122</ns3:hr>
					</ns3:TrackPointExtension>
				</extensions>
			</trkpt>
			<trkpt lat="48.99026829" lon="2.33118243">
				<ele>78.67</ele>
				<time>2025-12-05T11:17:46Z</time>
				<extensions>
					<ns3:TrackPointExtension>
						<ns3:speed>1.55</ns3:speed>
						<ns3:cad>59.0</ns3:cad>
						<ns3:hr>123</ns3:hr>
					</ns3:TrackPointExtension>
				</extensions>
			</trkpt>
			<trkpt lat="48.99027662" lon="2.33116277">
				<ele>78.73</ele>
				<time>2025-12-05T11:17:47Z</time>
				<extensions>
					<ns3:TrackPointExtension>
						<ns3:speed>1.56</ns3:speed>
						<ns3:cad>59.0</ns3:cad>
						<ns3:hr>122</ns3:hr>
					</ns3:TrackPointExtension>
				</extensions>
			</trkpt>
			<trkpt lat="48.99028295" lon="2.33114378">
				<ele>78.79</ele>
				<time>2025-12-05T11:17:48Z</time>
				<extensions>
					<ns3:TrackPointExtension>
						<ns3:speed>1.56</ns3:speed>
						<ns3:cad>59.0</ns3:cad>
						<ns3:hr>123</ns3:hr>
					</ns3:TrackPointExtension>
				</extensions>
			</trkpt>
			<trkpt lat="48.99029061" lon="2.33112445">
				<ele>78.83</ele>
				<time>2025-12-05T11:17:49Z</time>
				<extensions>
					<ns3:TrackPointExtension>
						<ns3:speed>1.56</ns3:speed>
						<ns3:cad>59.0</ns3:cad>
						<ns3:hr>123</ns3:hr>
					</ns3:TrackPointExtension>
				</extensions>
			</trkpt>
			<trkpt lat="48.99029794" lon="2.33110512">
				<ele>78.9</ele>
				<time>2025-12-05T11:17:50Z</time>
				<extensions>
					<ns3:TrackPointExtension>
						<ns3:speed>1.56</ns3:speed>
						<ns3:cad>59.0</ns3:cad>
						<ns3:hr>123</ns3:hr>
					</ns3:TrackPointExtension>
				</extensions>
			</trkpt>
			<trkpt lat="48.99030493" lon="2.33108646">
				<ele>78.96</ele>
				<time>2025-12-05T11:17:51Z</time>
				<extensions>
					<ns3:TrackPointExtension>
						<ns3:speed>1.56</ns3:speed>
						<ns3:cad>59.0</ns3:cad>
						<ns3:hr>122</ns3:hr>
					</ns3:TrackPointExtension>
				</extensions>
			</trkpt>
			<trkpt lat="48.99031259" lon="2.3310708">
				<ele>79.01</ele>
				<time>2025-12-05T11:17:52Z</time>
				<extensions>
					<ns3:TrackPointExtension>
						<ns3:speed>1.56</ns3:speed>
						<ns3:cad>59.0</ns3:cad>
						<ns3:hr>122</ns3:hr>
					</ns3:TrackPointExtension>
				</extensions>
			</trkpt>
			<trkpt lat="48.99031958" lon="2.33105447">
				<ele>79.08</ele>
				<time>2025-12-05T11:17:53Z</time>
				<extensions>
					<ns3:TrackPointExtension>
						<ns3:speed>1.55</ns3:speed>
						<ns3:cad>59.0</ns3:cad>
						<ns3:hr>122</ns3:hr>
					</ns3:TrackPointExtension>
				</extensions>
			</trkpt>
			<trkpt lat="48.99032691" lon="2.33103947">
				<ele>79.15</ele>
				<time>2025-12-05T11:17:54Z</time>
				<extensions>
					<ns3:TrackPointExtension>
						<ns3:speed>1.55</ns3:speed>
						<ns3:cad>60.0</ns3:cad>
						<ns3:hr>122</ns3:hr>
					</ns3:TrackPointExtension>
				</extensions>
			</trkpt>
			<trkpt lat="48.99033357" lon="2.33102181">
				<ele>79.21</ele>
				<time>2025-12-05T11:17:55Z</time>
				<extensions>
					<ns3:TrackPointExtension>
						<ns3:speed>1.55</ns3:speed>
						<ns3:cad>60.0</ns3:cad>
						<ns3:hr>123</ns3:hr>
					</ns3:TrackPointExtension>
				</extensions>
			</trkpt>
			<trkpt lat="48.99034057" lon="2.33100382">
				<ele>79.26</ele>
				<time>2025-12-05T11:17:56Z</time>
				<extensions>
					<ns3:TrackPointExtension>
						<ns3:speed>1.54</ns3:speed>
						<ns3:cad>60.0</ns3:cad>
						<ns3:hr>122</ns3:hr>
					</ns3:TrackPointExtension>
				</extensions>
			</trkpt>
			<trkpt lat="48.9903479" lon="2.33098616">
				<ele>79.33</ele>
				<time>2025-12-05T11:17:57Z</time>
				<extensions>
					<ns3:TrackPointExtension>
						<ns3:speed>1.54</ns3:speed>
						<ns3:cad>60.0</ns3:cad>
						<ns3:hr>122</ns3:hr>
					</ns3:TrackPointExtension>
				</extensions>
			</trkpt>
			<trkpt lat="48.99035623" lon="2.3309705">
				<ele>79.37</ele>
				<time>2025-12-05T11:17:58Z</time>
				<extensions>
					<ns3:TrackPointExtension>
						<ns3:speed>1.54</ns3:speed>
						<ns3:cad>60.0</ns3:cad>
						<ns3:hr>122</ns3:hr>
					</ns3:TrackPointExtension>
				</extensions>
			</trkpt>
			<trkpt lat="48.99036523" lon="2.33095517">
				<ele>79.43</ele>
				<time>2025-12-05T11:17:59Z</time>
				<extensions>
					<ns3:TrackPointExtension>
						<ns3:speed>1.54</ns3:speed>
						<ns3:cad>60.0</ns3:cad>
						<ns3:hr>122</ns3:hr>
					</ns3:TrackPointExtension>
				</extensions>
			</trkpt>
			<trkpt lat="48.99037422" lon="2.33093584">
				<ele>79.49</ele>
				<time>2025-12-05T11:18:00Z</time>
				<extensions>
					<ns3:TrackPointExtension>
						<ns3:speed>1.54</ns3:speed>
						<ns3:cad>60.0</ns3:cad>
						<ns3:hr>122</ns3:hr>
					</ns3:TrackPointExtension>
				</extensions>
			</trkpt>
			<trkpt lat="48.99038355" lon="2.33091818">
				<ele>79.55</ele>
				<time>2025-12-05T11:18:01Z</time>
				<extensions>
					<ns3:TrackPointExtension>
						<ns3:speed>1.53</ns3:speed>
						<ns3:cad>60.0</ns3:cad>
						<ns3:hr>122</ns3:hr>
					</ns3:TrackPointExtension>
				</extensions>
			</trkpt>
			<trkpt lat="48.99039221" lon="2.33090152">
				<ele>79.61</ele>
				<time>2025-12-05T11:18:02Z</time>
				<extensions>
					<ns3:TrackPointExtension>
						<ns3:speed>1.53</ns3:speed>
						<ns3:cad>59.0</ns3:cad>
						<ns3:hr>122</ns3:hr>
					</ns3:TrackPointExtension>
				</extensions>
			</trkpt>
			<trkpt lat="48.99040021" lon="2.33088386">
				<ele>79.68</ele>
				<time>2025-12-05T11:18:03Z</time>
				<extensions>
					<ns3:TrackPointExtension>
						<ns3:speed>1.53</ns3:speed>
						<ns3:cad>59.0</ns3:cad>
						<ns3:hr>122</ns3:hr>
					</ns3:TrackPointExtension>
				</extensions>
			</trkpt>
			<trkpt lat="48.99040821" lon="2.33086587">
				<ele>79.74</ele>
				<time>2025-12-05T11:18:04Z</time>
				<extensions>
					<ns3:TrackPointExtension>
						<ns3:speed>1.53</ns3:speed>
						<ns3:cad>58.0</ns3:cad>
						<ns3:hr>123</ns3:hr>
					</ns3:TrackPointExtension>
				</extensions>
			</trkpt>
			<trkpt lat="48.99041654" lon="2.33084887">
				<ele>79.8</ele>
				<time>2025-12-05T11:18:05Z</time>
				<extensions>
					<ns3:TrackPointExtension>
						<ns3:speed>1.53</ns3:speed>
						<ns3:cad>58.0</ns3:cad>
						<ns3:hr>123</ns3:hr>
					</ns3:TrackPointExtension>
				</extensions>
			</trkpt>
			<trkpt lat="48.9904262" lon="2.33083287">
				<ele>79.86</ele>
				<time>2025-12-05T11:18:06Z</time>
				<extensions>
					<ns3:TrackPointExtension>
						<ns3:speed>1.53</ns3:speed>
						<ns3:cad>58.0</ns3:cad>
						<ns3:hr>123</ns3:hr>
					</ns3:TrackPointExtension>
				</extensions>
			</trkpt>
			<trkpt lat="48.99043786" lon="2.33081721">
				<ele>79.93</ele>
				<time>2025-12-05T11:18:07Z</time>
				<extensions>
					<ns3:TrackPointExtension>
						<ns3:speed>1.53</ns3:speed>
						<ns3:cad>58.0</ns3:cad>
						<ns3:hr>122</ns3:hr>
					</ns3:TrackPointExtension>
				</extensions>
			</trkpt>
			<trkpt lat="48.99045186" lon="2.33080255">
				<ele>79.99</ele>
				<time>2025-12-05T11:18:08Z</time>
				<extensions>
					<ns3:TrackPointExtension>
						<ns3:speed>1.53</ns3:speed>
						<ns3:cad>58.0</ns3:cad>
						<ns3:hr>122</ns3:hr>
					</ns3:TrackPointExtension>
				</extensions>
			</trkpt>
			<trkpt lat="48.99046452" lon="2.33078756">
				<ele>80.07</ele>
				<time>2025-12-05T11:18:09Z</time>
				<extensions>
					<ns3:TrackPointExtension>
						<ns3:speed>1.53</ns3:speed>
						<ns3:cad>58.0</ns3:cad>
						<ns3:hr>122</ns3:hr>
					</ns3:TrackPointExtension>
				</extensions>
			</trkpt>
			<trkpt lat="48.99047685" lon="2.33077256">
				<ele>80.12</ele>
				<time>2025-12-05T11:18:10Z</time>
				<extensions>
					<ns3:TrackPointExtension>
						<ns3:speed>1.53</ns3:speed>
						<ns3:cad>58.0</ns3:cad>
						<ns3:hr>122</ns3:hr>
					</ns3:TrackPointExtension>
				</extensions>
			</trkpt>
			<trkpt lat="48.99048985" lon="2.33075623">
				<ele>80.21</ele>
				<time>2025-12-05T11:18:11Z</time>
				<extensions>
					<ns3:TrackPointExtension>
						<ns3:speed>1.54</ns3:speed>
						<ns3:cad>59.0</ns3:cad>
						<ns3:hr>122</ns3:hr>
					</ns3:TrackPointExtension>
				</extensions>
			</trkpt>
			<trkpt lat="48.99050218" lon="2.3307399">
				<ele>80.29</ele>
				<time>2025-12-05T11:18:12Z</time>
				<extensions>
					<ns3:TrackPointExtension>
						<ns3:speed>1.54</ns3:speed>
						<ns3:cad>59.0</ns3:cad>
						<ns3:hr>123</ns3:hr>
					</ns3:TrackPointExtension>
				</extensions>
			</trkpt>
			<trkpt lat="48.99051218" lon="2.33072224">
				<ele>80.37</ele>
				<time>2025-12-05T11:18:13Z</time>
				<extensions>
					<ns3:TrackPointExtension>
						<ns3:speed>1.54</ns3:speed>
						<ns3:cad>59.0</ns3:cad>
						<ns3:hr>122</ns3:hr>
					</ns3:TrackPointExtension>
				</extensions>
			</trkpt>
			<trkpt lat="48.99052151" lon="2.33070691">
				<ele>80.44</ele>
				<time>2025-12-05T11:18:14Z</time>
				<extensions>
					<ns3:TrackPointExtension>
						<ns3:speed>1.55</ns3:speed>
						<ns3:cad>59.0</ns3:cad>
						<ns3:hr>121</ns3:hr>
					</ns3:TrackPointExtension>
				</extensions>
			</trkpt>
			<trkpt lat="48.99053117" lon="2.33069158">
				<ele>80.51</ele>
				<time>2025-12-05T11:18:15Z</time>
				<extensions>
					<ns3:TrackPointExtension>
						<ns3:speed>1.55</ns3:speed>
						<ns3:cad>58.0</ns3:cad>
						<ns3:hr>121</ns3:hr>
					</ns3:TrackPointExtension>
				</extensions>
			</trkpt>
			<trkpt lat="48.9905415" lon="2.33067659">
				<ele>80.61</ele>
				<time>2025-12-05T11:18:16Z</time>
				<extensions>
					<ns3:TrackPointExtension>
						<ns3:speed>1.55</ns3:speed>
						<ns3:cad>58.0</ns3:cad>
						<ns3:hr>121</ns3:hr>
					</ns3:TrackPointExtension>
				</extensions>
			</trkpt>
			<trkpt lat="48.99055116" lon="2.33065993">
				<ele>80.69</ele>
				<time>2025-12-05T11:18:17Z</time>
				<extensions>
					<ns3:TrackPointExtension>
						<ns3:speed>1.55</ns3:speed>
						<ns3:cad>58.0</ns3:cad>
						<ns3:hr>121</ns3:hr>
					</ns3:TrackPointExtension>
				</extensions>
			</trkpt>
			<trkpt lat="48.99056115" lon="2.33064427">
				<ele>80.79</ele>
				<time>2025-12-05T11:18:18Z</time>
				<extensions>
					<ns3:TrackPointExtension>
						<ns3:speed>1.55</ns3:speed>
						<ns3:cad>58.0</ns3:cad>
						<ns3:hr>120</ns3:hr>
					</ns3:TrackPointExtension>
				</extensions>
			</trkpt>
			<trkpt lat="48.99057081" lon="2.33062794">
				<ele>80.89</ele>
				<time>2025-12-05T11:18:19Z</time>
				<extensions>
					<ns3:TrackPointExtension>
						<ns3:speed>1.55</ns3:speed>
						<ns3:cad>58.0</ns3:cad>
						<ns3:hr>119</ns3:hr>
					</ns3:TrackPointExtension>
				</extensions>
			</trkpt>
			<trkpt lat="48.9905808" lon="2.33061228">
				<ele>80.98</ele>
				<time>2025-12-05T11:18:20Z</time>
				<extensions>
					<ns3:TrackPointExtension>
						<ns3:speed>1.55</ns3:speed>
						<ns3:cad>58.0</ns3:cad>
						<ns3:hr>119</ns3:hr>
					</ns3:TrackPointExtension>
				</extensions>
			</trkpt>
			<trkpt lat="48.99059013" lon="2.33059695">
				<ele>81.08</ele>
				<time>2025-12-05T11:18:21Z</time>
				<extensions>
					<ns3:TrackPointExtension>
						<ns3:speed>1.54</ns3:speed>
						<ns3:cad>58.0</ns3:cad>
						<ns3:hr>119</ns3:hr>
					</ns3:TrackPointExtension>
				</extensions>
			</trkpt>
			<trkpt lat="48.99059813" lon="2.33058095">
				<ele>81.17</ele>
				<time>2025-12-05T11:18:22Z</time>
				<extensions>
					<ns3:TrackPointExtension>
						<ns3:speed>1.54</ns3:speed>
						<ns3:cad>58.0</ns3:cad>
						<ns3:hr>119</ns3:hr>
					</ns3:TrackPointExtension>
				</extensions>
			</trkpt>
			<trkpt lat="48.99060646" lon="2.33056395">
				<ele>81.25</ele>
				<time>2025-12-05T11:18:23Z</time>
				<extensions>
					<ns3:TrackPointExtension>
						<ns3:speed>1.54</ns3:speed>
						<ns3:cad>58.0</ns3:cad>
						<ns3:hr>119</ns3:hr>
					</ns3:TrackPointExtension>
				</extensions>
			</trkpt>
			<trkpt lat="48.99061479" lon="2.33054496">
				<ele>81.33</ele>
				<time>2025-12-05T11:18:24Z</time>
				<extensions>
					<ns3:TrackPointExtension>
						<ns3:speed>1.54</ns3:speed>
						<ns3:cad>58.0</ns3:cad>
						<ns3:hr>120</ns3:hr>
					</ns3:TrackPointExtension>
				</extensions>
			</trkpt>
			<trkpt lat="48.99062112" lon="2.33052463">
				<ele>81.42</ele>
				<time>2025-12-05T11:18:25Z</time>
				<extensions>
					<ns3:TrackPointExtension>
						<ns3:speed>1.53</ns3:speed>
						<ns3:cad>58.0</ns3:cad>
						<ns3:hr>121</ns3:hr>
					</ns3:TrackPointExtension>
				</extensions>
			</trkpt>
			<trkpt lat="48.99062678" lon="2.33050564">
				<ele>81.51</ele>
				<time>2025-12-05T11:18:26Z</time>
				<extensions>
					<ns3:TrackPointExtension>
						<ns3:speed>1.53</ns3:speed>
						<ns3:cad>58.0</ns3:cad>
						<ns3:hr>121</ns3:hr>
					</ns3:TrackPointExtension>
				</extensions>
			</trkpt>
			<trkpt lat="48.99063311" lon="2.33048765">
				<ele>81.6</ele>
				<time>2025-12-05T11:18:27Z</time>
				<extensions>
					<ns3:TrackPointExtension>
						<ns3:speed>1.53</ns3:speed>
						<ns3:cad>57.0</ns3:cad>
						<ns3:hr>122</ns3:hr>
					</ns3:TrackPointExtension>
				</extensions>
			</trkpt>
			<trkpt lat="48.9906401" lon="2.33046999">
				<ele>81.68</ele>
				<time>2025-12-05T11:18:28Z</time>
				<extensions>
					<ns3:TrackPointExtension>
						<ns3:speed>1.53</ns3:speed>
						<ns3:cad>58.0</ns3:cad>
						<ns3:hr>121</ns3:hr>
					</ns3:TrackPointExtension>
				</extensions>
			</trkpt>
			<trkpt lat="48.9906481" lon="2.33045366">
				<ele>81.76</ele>
				<time>2025-12-05T11:18:29Z</time>
				<extensions>
					<ns3:TrackPointExtension>
						<ns3:speed>1.53</ns3:speed>
						<ns3:cad>58.0</ns3:cad>
						<ns3:hr>121</ns3:hr>
					</ns3:TrackPointExtension>
				</extensions>
			</trkpt>
			<trkpt lat="48.99065576" lon="2.330437">
				<ele>81.83</ele>
				<time>2025-12-05T11:18:30Z</time>
				<extensions>
					<ns3:TrackPointExtension>
						<ns3:speed>1.52</ns3:speed>
						<ns3:cad>58.0</ns3:cad>
						<ns3:hr>122</ns3:hr>
					</ns3:TrackPointExtension>
				</extensions>
			</trkpt>
			<trkpt lat="48.99066376" lon="2.33042034">
				<ele>81.95</ele>
				<time>2025-12-05T11:18:31Z</time>
				<extensions>
					<ns3:TrackPointExtension>
						<ns3:speed>1.52</ns3:speed>
						<ns3:cad>58.0</ns3:cad>
						<ns3:hr>122</ns3:hr>
					</ns3:TrackPointExtension>
				</extensions>
			</trkpt>
			<trkpt lat="48.99067242" lon="2.33040434">
				<ele>82.06</ele>
				<time>2025-12-05T11:18:32Z</time>
				<extensions>
					<ns3:TrackPointExtension>
						<ns3:speed>1.52</ns3:speed>
						<ns3:cad>58.0</ns3:cad>
						<ns3:hr>122</ns3:hr>
					</ns3:TrackPointExtension>
				</extensions>
			</trkpt>
			<trkpt lat="48.99068108" lon="2.33039001">
				<ele>82.2</ele>
				<time>2025-12-05T11:18:33Z</time>
				<extensions>
					<ns3:TrackPointExtension>
						<ns3:speed>1.51</ns3:speed>
						<ns3:cad>58.0</ns3:cad>
						<ns3:hr>122</ns3:hr>
					</ns3:TrackPointExtension>
				</extensions>
			</trkpt>
			<trkpt lat="48.99068807" lon="2.33037735">
				<ele>82.35</ele>
				<time>2025-12-05T11:18:34Z</time>
				<extensions>
					<ns3:TrackPointExtension>
						<ns3:speed>1.51</ns3:speed>
						<ns3:cad>58.0</ns3:cad>
						<ns3:hr>122</ns3:hr>
					</ns3:TrackPointExtension>
				</extensions>
			</trkpt>
			<trkpt lat="48.99069373" lon="2.33037535">
				<ele>82.5</ele>
				<time>2025-12-05T11:18:35Z</time>
				<extensions>
					<ns3:TrackPointExtension>
						<ns3:speed>1.5</ns3:speed>
						<ns3:cad>57.0</ns3:cad>
						<ns3:hr>122</ns3:hr>
					</ns3:TrackPointExtension>
				</extensions>
			</trkpt>
			<trkpt lat="48.99070039" lon="2.33037336">
				<ele>82.66</ele>
				<time>2025-12-05T11:18:36Z</time>
				<extensions>
					<ns3:TrackPointExtension>
						<ns3:speed>1.49</ns3:speed>
						<ns3:cad>56.0</ns3:cad>
						<ns3:hr>122</ns3:hr>
					</ns3:TrackPointExtension>
				</extensions>
			</trkpt>
			<trkpt lat="48.99070839" lon="2.33037103">
				<ele>82.83</ele>
				<time>2025-12-05T11:18:37Z</time>
				<extensions>
					<ns3:TrackPointExtension>
						<ns3:speed>1.48</ns3:speed>
						<ns3:cad>55.0</ns3:cad>
						<ns3:hr>122</ns3:hr>
					</ns3:TrackPointExtension>
				</extensions>
			</trkpt>
			<trkpt lat="48.99071805" lon="2.33036937">
				<ele>83.0</ele>
				<time>2025-12-05T11:18:38Z</time>
				<extensions>
					<ns3:TrackPointExtension>
						<ns3:speed>1.47</ns3:speed>
						<ns3:cad>55.0</ns3:cad>
						<ns3:hr>122</ns3:hr>
					</ns3:TrackPointExtension>
				</extensions>
			</trkpt>
			<trkpt lat="48.99072905" lon="2.33036838">
				<ele>83.13</ele>
				<time>2025-12-05T11:18:39Z</time>
				<extensions>
					<ns3:TrackPointExtension>
						<ns3:speed>1.45</ns3:speed>
						<ns3:cad>56.0</ns3:cad>
						<ns3:hr>122</ns3:hr>
					</ns3:TrackPointExtension>
				</extensions>
			</trkpt>
			<trkpt lat="48.99074171" lon="2.33036672">
				<ele>83.25</ele>
				<time>2025-12-05T11:18:40Z</time>
				<extensions>
					<ns3:TrackPointExtension>
						<ns3:speed>1.44</ns3:speed>
						<ns3:cad>57.0</ns3:cad>
						<ns3:hr>122</ns3:hr>
					</ns3:TrackPointExtension>
				</extensions>
			</trkpt>
			<trkpt lat="48.99075504" lon="2.33036738">
				<ele>83.34</ele>
				<time>2025-12-05T11:18:41Z</time>
				<extensions>
					<ns3:TrackPointExtension>
						<ns3:speed>1.44</ns3:speed>
						<ns3:cad>58.0</ns3:cad>
						<ns3:hr>122</ns3:hr>
					</ns3:TrackPointExtension>
				</extensions>
			</trkpt>
			<trkpt lat="48.99076937" lon="2.33037071">
				<ele>83.42</ele>
				<time>2025-12-05T11:18:42Z</time>
				<extensions>
					<ns3:TrackPointExtension>
						<ns3:speed>1.44</ns3:speed>
						<ns3:cad>58.0</ns3:cad>
						<ns3:hr>122</ns3:hr>
					</ns3:TrackPointExtension>
				</extensions>
			</trkpt>
			<trkpt lat="48.99078303" lon="2.33037737">
				<ele>83.47</ele>
				<time>2025-12-05T11:18:43Z</time>
				<extensions>
					<ns3:TrackPointExtension>
						<ns3:speed>1.43</ns3:speed>
						<ns3:cad>60.0</ns3:cad>
						<ns3:hr>122</ns3:hr>
					</ns3:TrackPointExtension>
				</extensions>
			</trkpt>
			<trkpt lat="48.99079736" lon="2.33038603">
				<ele>83.5</ele>
				<time>2025-12-05T11:18:44Z</time>
				<extensions>
					<ns3:TrackPointExtension>
						<ns3:speed>1.44</ns3:speed>
						<ns3:cad>60.0</ns3:cad>
						<ns3:hr>122</ns3:hr>
					</ns3:TrackPointExtension>
				</extensions>
			</trkpt>
			<trkpt lat="48.99081069" lon="2.33039703">
				<ele>83.5</ele>
				<time>2025-12-05T11:18:45Z</time>
				<extensions>
					<ns3:TrackPointExtension>
						<ns3:speed>1.44</ns3:speed>
						<ns3:cad>61.0</ns3:cad>
						<ns3:hr>122</ns3:hr>
					</ns3:TrackPointExtension>
				</extensions>
			</trkpt>
			<trkpt lat="48.99082302" lon="2.33041036">
				<ele>83.5</ele>
				<time>2025-12-05T11:18:46Z</time>
				<extensions>
					<ns3:TrackPointExtension>
						<ns3:speed>1.45</ns3:speed>
						<ns3:cad>61.0</ns3:cad>
						<ns3:hr>123</ns3:hr>
					</ns3:TrackPointExtension>
				</extensions>
			</trkpt>
			<trkpt lat="48.99083668" lon="2.33042369">
				<ele>83.5</ele>
				<time>2025-12-05T11:18:47Z</time>
				<extensions>
					<ns3:TrackPointExtension>
						<ns3:speed>1.45</ns3:speed>
						<ns3:cad>61.0</ns3:cad>
						<ns3:hr>123</ns3:hr>
					</ns3:TrackPointExtension>
				</extensions>
			</trkpt>
			<trkpt lat="48.99084834" lon="2.33043702">
				<ele>83.48</ele>
				<time>2025-12-05T11:18:48Z</time>
				<extensions>
					<ns3:TrackPointExtension>
						<ns3:speed>1.46</ns3:speed>
						<ns3:cad>61.0</ns3:cad>
						<ns3:hr>123</ns3:hr>
					</ns3:TrackPointExtension>
				</extensions>
			</trkpt>
			<trkpt lat="48.99085767" lon="2.33044702">
				<ele>83.45</ele>
				<time>2025-12-05T11:18:49Z</time>
				<extensions>
					<ns3:TrackPointExtension>
						<ns3:speed>1.47</ns3:speed>
						<ns3:cad>60.0</ns3:cad>
						<ns3:hr>123</ns3:hr>
					</ns3:TrackPointExtension>
				</extensions>
			</trkpt>
			<trkpt lat="48.99086566" lon="2.33045501">
				<ele>83.42</ele>
				<time>2025-12-05T11:18:50Z</time>
				<extensions>
					<ns3:TrackPointExtension>
						<ns3:speed>1.47</ns3:speed>
						<ns3:cad>60.0</ns3:cad>
						<ns3:hr>122</ns3:hr>
					</ns3:TrackPointExtension>
				</extensions>
			</trkpt>
			<trkpt lat="48.99086732" lon="2.33046167">
				<ele>83.4</ele>
				<time>2025-12-05T11:18:51Z</time>
				<extensions>
					<ns3:TrackPointExtension>
						<ns3:speed>1.46</ns3:speed>
						<ns3:cad>59.0</ns3:cad>
						<ns3:hr>121</ns3:hr>
					</ns3:TrackPointExtension>
				</extensions>
			</trkpt>
			<trkpt lat="48.99086798" lon="2.33046733">
				<ele>83.39</ele>
				<time>2025-12-05T11:18:52Z</time>
				<extensions>
					<ns3:TrackPointExtension>
						<ns3:speed>0.95</ns3:speed>
						<ns3:cad>58.0</ns3:cad>
						<ns3:hr>122</ns3:hr>
					</ns3:TrackPointExtension>
				</extensions>
			</trkpt>
			<trkpt lat="48.99086765" lon="2.33047066">
				<ele>83.37</ele>
				<time>2025-12-05T11:18:53Z</time>
				<extensions>
					<ns3:TrackPointExtension>
						<ns3:speed>0.43</ns3:speed>
						<ns3:cad>58.0</ns3:cad>
						<ns3:hr>121</ns3:hr>
					</ns3:TrackPointExtension>
				</extensions>
			</trkpt>
			<trkpt lat="48.99086732" lon="2.33047199">
				<ele>83.37</ele>
				<time>2025-12-05T11:18:54Z</time>
				<extensions>
					<ns3:TrackPointExtension>
						<ns3:speed>0.34</ns3:speed>
						<ns3:cad>57.0</ns3:cad>
						<ns3:hr>122</ns3:hr>
					</ns3:TrackPointExtension>
				</extensions>
			</trkpt>
			<trkpt lat="48.99086666" lon="2.33047265">
				<ele>83.38</ele>
				<time>2025-12-05T11:18:55Z</time>
				<extensions>
					<ns3:TrackPointExtension>
						<ns3:speed>0.0</ns3:speed>
						<ns3:cad>0.0</ns3:cad>
						<ns3:hr>121</ns3:hr>
					</ns3:TrackPointExtension>
				</extensions>
			</trkpt>
			<trkpt lat="48.99086765" lon="2.33047165">
				<ele>83.38</ele>
				<time>2025-12-05T11:18:56Z</time>
				<extensions>
					<ns3:TrackPointExtension>
						<ns3:speed>0.0</ns3:speed>
						<ns3:cad>0.0</ns3:cad>
						<ns3:hr>121</ns3:hr>
					</ns3:TrackPointExtension>
				</extensions>
			</trkpt>
			<trkpt lat="48.99086732" lon="2.33046999">
				<ele>83.38</ele>
				<time>2025-12-05T11:18:57Z</time>
				<extensions>
					<ns3:TrackPointExtension>
						<ns3:speed>0.0</ns3:speed>
						<ns3:cad>0.0</ns3:cad>
						<ns3:hr>121</ns3:hr>
					</ns3:TrackPointExtension>
				</extensions>
			</trkpt>
			<trkpt lat="48.99086732" lon="2.33046933">
				<ele>83.38</ele>
				<time>2025-12-05T11:18:58Z</time>
				<extensions>
					<ns3:TrackPointExtension>
						<ns3:speed>0.0</ns3:speed>
						<ns3:cad>0.0</ns3:cad>
						<ns3:hr>121</ns3:hr>
					</ns3:TrackPointExtension>
				</extensions>
			</trkpt>
			<trkpt lat="48.99086732" lon="2.33046933">
				<ele>83.38</ele>
				<time>2025-12-05T11:18:59Z</time>
				<extensions>
					<ns3:TrackPointExtension>
						<ns3:speed>0.0</ns3:speed>
						<ns3:cad>0.0</ns3:cad>
						<ns3:hr>120</ns3:hr>
					</ns3:TrackPointExtension>
				</extensions>
			</trkpt>
			<trkpt lat="48.99086732" lon="2.330469">
				<ele>83.38</ele>
				<time>2025-12-05T11:19:00Z</time>
				<extensions>
					<ns3:TrackPointExtension>
						<ns3:speed>0.0</ns3:speed>
						<ns3:cad>0.0</ns3:cad>
						<ns3:hr>120</ns3:hr>
					</ns3:TrackPointExtension>
				</extensions>
			</trkpt>
			<trkpt lat="48.99086732" lon="2.330469">
				<ele>83.38</ele>
				<time>2025-12-05T11:19:01Z</time>
				<extensions>
					<ns3:TrackPointExtension>
						<ns3:speed>0.0</ns3:speed>
						<ns3:cad>0.0</ns3:cad>
						<ns3:hr>120</ns3:hr>
					</ns3:TrackPointExtension>
				</extensions>
			</trkpt>
			<trkpt lat="48.99087065" lon="2.33047099">
				<ele>83.38</ele>
				<time>2025-12-05T11:19:02Z</time>
				<extensions>
					<ns3:TrackPointExtension>
						<ns3:speed>0.0</ns3:speed>
						<ns3:cad>0.0</ns3:cad>
						<ns3:hr>120</ns3:hr>
					</ns3:TrackPointExtension>
				</extensions>
			</trkpt>
			<trkpt lat="48.99087631" lon="2.33047398">
				<ele>83.38</ele>
				<time>2025-12-05T11:19:03Z</time>
				<extensions>
					<ns3:TrackPointExtension>
						<ns3:speed>0.0</ns3:speed>
						<ns3:cad>0.0</ns3:cad>
						<ns3:hr>120</ns3:hr>
					</ns3:TrackPointExtension>
				</extensions>
			</trkpt>
			<trkpt lat="48.99088464" lon="2.33047931">
				<ele>83.38</ele>
				<time>2025-12-05T11:19:04Z</time>
				<extensions>
					<ns3:TrackPointExtension>
						<ns3:speed>1.16</ns3:speed>
						<ns3:cad>0.0</ns3:cad>
						<ns3:hr>120</ns3:hr>
					</ns3:TrackPointExtension>
				</extensions>
			</trkpt>
			<trkpt lat="48.99089363" lon="2.33048564">
				<ele>83.37</ele>
				<time>2025-12-05T11:19:05Z</time>
				<extensions>
					<ns3:TrackPointExtension>
						<ns3:speed>1.21</ns3:speed>
						<ns3:cad>0.0</ns3:cad>
						<ns3:hr>118</ns3:hr>
					</ns3:TrackPointExtension>
				</extensions>
			</trkpt>
			<trkpt lat="48.99090363" lon="2.3304933">
				<ele>83.36</ele>
				<time>2025-12-05T11:19:06Z</time>
				<extensions>
					<ns3:TrackPointExtension>
						<ns3:speed>1.24</ns3:speed>
						<ns3:cad>0.0</ns3:cad>
						<ns3:hr>118</ns3:hr>
					</ns3:TrackPointExtension>
				</extensions>
			</trkpt>
			<trkpt lat="48.99091496" lon="2.33050363">
				<ele>83.35</ele>
				<time>2025-12-05T11:19:07Z</time>
				<extensions>
					<ns3:TrackPointExtension>
						<ns3:speed>1.33</ns3:speed>
						<ns3:cad>59.0</ns3:cad>
						<ns3:hr>118</ns3:hr>
					</ns3:TrackPointExtension>
				</extensions>
			</trkpt>
			<trkpt lat="48.99092662" lon="2.33051562">
				<ele>83.34</ele>
				<time>2025-12-05T11:19:08Z</time>
				<extensions>
					<ns3:TrackPointExtension>
						<ns3:speed>1.45</ns3:speed>
						<ns3:cad>59.0</ns3:cad>
						<ns3:hr>118</ns3:hr>
					</ns3:TrackPointExtension>
				</extensions>
			</trkpt>
			<trkpt lat="48.99093861" lon="2.33052795">
				<ele>83.34</ele>
				<time>2025-12-05T11:19:09Z</time>
				<extensions>
					<ns3:TrackPointExtension>
						<ns3:speed>1.52</ns3:speed>
						<ns3:cad>60.0</ns3:cad>
						<ns3:hr>119</ns3:hr>
					</ns3:TrackPointExtension>
				</extensions>
			</trkpt>
			<trkpt lat="48.99095194" lon="2.33054028">
				<ele>83.33</ele>
				<time>2025-12-05T11:19:10Z</time>
				<extensions>
					<ns3:TrackPointExtension>
						<ns3:speed>1.58</ns3:speed>
						<ns3:cad>59.0</ns3:cad>
						<ns3:hr>119</ns3:hr>
					</ns3:TrackPointExtension>
				</extensions>
			</trkpt>
			<trkpt lat="48.99096594" lon="2.33055228">
				<ele>83.33</ele>
				<time>2025-12-05T11:19:11Z</time>
				<extensions>
					<ns3:TrackPointExtension>
						<ns3:speed>1.64</ns3:speed>
						<ns3:cad>59.0</ns3:cad>
						<ns3:hr>119</ns3:hr>
					</ns3:TrackPointExtension>
				</extensions>
			</trkpt>
			<trkpt lat="48.99098127" lon="2.33056327">
				<ele>83.33</ele>
				<time>2025-12-05T11:19:12Z</time>
				<extensions>
					<ns3:TrackPointExtension>
						<ns3:speed>1.64</ns3:speed>
						<ns3:cad>59.0</ns3:cad>
						<ns3:hr>119</ns3:hr>
					</ns3:TrackPointExtension>
				</extensions>
			</trkpt>
			<trkpt lat="48.9909956" lon="2.33057627">
				<ele>83.34</ele>
				<time>2025-12-05T11:19:13Z</time>
				<extensions>
					<ns3:TrackPointExtension>
						<ns3:speed>1.66</ns3:speed>
						<ns3:cad>59.0</ns3:cad>
						<ns3:hr>119</ns3:hr>
					</ns3:TrackPointExtension>
				</extensions>
			</trkpt>
			<trkpt lat="48.99100893" lon="2.33058927">
				<ele>83.34</ele>
				<time>2025-12-05T11:19:14Z</time>
				<extensions>
					<ns3:TrackPointExtension>
						<ns3:speed>1.67</ns3:speed>
						<ns3:cad>59.0</ns3:cad>
						<ns3:hr>119</ns3:hr>
					</ns3:TrackPointExtension>
				</extensions>
			</trkpt>
			<trkpt lat="48.99102093" lon="2.33060293">
				<ele>83.35</ele>
				<time>2025-12-05T11:19:15Z</time>
				<extensions>
					<ns3:TrackPointExtension>
						<ns3:speed>1.68</ns3:speed>
						<ns3:cad>59.0</ns3:cad>
						<ns3:hr>119</ns3:hr>
					</ns3:TrackPointExtension>
				</extensions>
			</trkpt>
			<trkpt lat="48.99103259" lon="2.33061593">
				<ele>83.35</ele>
				<time>2025-12-05T11:19:16Z</time>
				<extensions>
					<ns3:TrackPointExtension>
						<ns3:speed>1.68</ns3:speed>
						<ns3:cad>59.0</ns3:cad>
						<ns3:hr>119</ns3:hr>
					</ns3:TrackPointExtension>
				</extensions>
			</trkpt>
			<trkpt lat="48.99104525" lon="2.33062792">
				<ele>83.37</ele>
				<time>2025-12-05T11:19:17Z</time>
				<extensions>
					<ns3:TrackPointExtension>
						<ns3:speed>1.65</ns3:speed>
						<ns3:cad>59.0</ns3:cad>
						<ns3:hr>119</ns3:hr>
					</ns3:TrackPointExtension>
				</extensions>
			</trkpt>
			<trkpt lat="48.99105791" lon="2.33063925">
				<ele>83.39</ele>
				<time>2025-12-05T11:19:18Z</time>
				<extensions>
					<ns3:TrackPointExtension>
						<ns3:speed>1.63</ns3:speed>
						<ns3:cad>59.0</ns3:cad>
						<ns3:hr>119</ns3:hr>
					</ns3:TrackPointExtension>
				</extensions>
			</trkpt>
			<trkpt lat="48.99107024" lon="2.33065191">
				<ele>83.42</ele>
				<time>2025-12-05T11:19:19Z</time>
				<extensions>
					<ns3:TrackPointExtension>
						<ns3:speed>1.61</ns3:speed>
						<ns3:cad>59.0</ns3:cad>
						<ns3:hr>118</ns3:hr>
					</ns3:TrackPointExtension>
				</extensions>
			</trkpt>
			<trkpt lat="48.99108357" lon="2.33066324">
				<ele>83.44</ele>
				<time>2025-12-05T11:19:20Z</time>
				<extensions>
					<ns3:TrackPointExtension>
						<ns3:speed>1.61</ns3:speed>
						<ns3:cad>59.0</ns3:cad>
						<ns3:hr>119</ns3:hr>
					</ns3:TrackPointExtension>
				</extensions>
			</trkpt>
			<trkpt lat="48.99109623" lon="2.33067557">
				<ele>83.46</ele>
				<time>2025-12-05T11:19:21Z</time>
				<extensions>
					<ns3:TrackPointExtension>
						<ns3:speed>1.61</ns3:speed>
						<ns3:cad>58.0</ns3:cad>
						<ns3:hr>119</ns3:hr>
					</ns3:TrackPointExtension>
				</extensions>
			</trkpt>
			<trkpt lat="48.99110923" lon="2.3306879">
				<ele>83.48</ele>
				<time>2025-12-05T11:19:22Z</time>
				<extensions>
					<ns3:TrackPointExtension>
						<ns3:speed>1.61</ns3:speed>
						<ns3:cad>58.0</ns3:cad>
						<ns3:hr>117</ns3:hr>
					</ns3:TrackPointExtension>
				</extensions>
			</trkpt>
			<trkpt lat="48.99112156" lon="2.33070156">
				<ele>83.49</ele>
				<time>2025-12-05T11:19:23Z</time>
				<extensions>
					<ns3:TrackPointExtension>
						<ns3:speed>1.62</ns3:speed>
						<ns3:cad>58.0</ns3:cad>
						<ns3:hr>117</ns3:hr>
					</ns3:TrackPointExtension>
				</extensions>
			</trkpt>
			<trkpt lat="48.99113456" lon="2.33071522">
				<ele>83.5</ele>
				<time>2025-12-05T11:19:24Z</time>
				<extensions>
					<ns3:TrackPointExtension>
						<ns3:speed>1.62</ns3:speed>
						<ns3:cad>58.0</ns3:cad>
						<ns3:hr>116</ns3:hr>
					</ns3:TrackPointExtension>
				</extensions>
			</trkpt>
			<trkpt lat="48.99114756" lon="2.33072922">
				<ele>83.51</ele>
				<time>2025-12-05T11:19:25Z</time>
				<extensions>
					<ns3:TrackPointExtension>
						<ns3:speed>1.63</ns3:speed>
						<ns3:cad>58.0</ns3:cad>
						<ns3:hr>115</ns3:hr>
					</ns3:TrackPointExtension>
				</extensions>
			</trkpt>
			<trkpt lat="48.99115989" lon="2.33074288">
				<ele>83.53</ele>
				<time>2025-12-05T11:19:26Z</time>
				<extensions>
					<ns3:TrackPointExtension>
						<ns3:speed>1.65</ns3:speed>
						<ns3:cad>58.0</ns3:cad>
						<ns3:hr>117</ns3:hr>
					</ns3:TrackPointExtension>
				</extensions>
			</trkpt>
			<trkpt lat="48.99117322" lon="2.33075921">
				<ele>83.55</ele>
				<time>2025-12-05T11:19:27Z</time>
				<extensions>
					<ns3:TrackPointExtension>
						<ns3:speed>1.67</ns3:speed>
						<ns3:cad>59.0</ns3:cad>
						<ns3:hr>117</ns3:hr>
					</ns3:TrackPointExtension>
				</extensions>
			</trkpt>
			<trkpt lat="48.99118655" lon="2.33077387">
				<ele>83.58</ele>
				<time>2025-12-05T11:19:28Z</time>
				<extensions>
					<ns3:TrackPointExtension>
						<ns3:speed>1.69</ns3:speed>
						<ns3:cad>59.0</ns3:cad>
						<ns3:hr>117</ns3:hr>
					</ns3:TrackPointExtension>
				</extensions>
			</trkpt>
			<trkpt lat="48.99119954" lon="2.33078787">
				<ele>83.61</ele>
				<time>2025-12-05T11:19:29Z</time>
				<extensions>
					<ns3:TrackPointExtension>
						<ns3:speed>1.71</ns3:speed>
						<ns3:cad>59.0</ns3:cad>
						<ns3:hr>118</ns3:hr>
					</ns3:TrackPointExtension>
				</extensions>
			</trkpt>
			<trkpt lat="48.9912112" lon="2.33080153">
				<ele>83.61</ele>
				<time>2025-12-05T11:19:30Z</time>
				<extensions>
					<ns3:TrackPointExtension>
						<ns3:speed>1.73</ns3:speed>
						<ns3:cad>60.0</ns3:cad>
						<ns3:hr>118</ns3:hr>
					</ns3:TrackPointExtension>
				</extensions>
			</trkpt>
			<trkpt lat="48.99122353" lon="2.33081553">
				<ele>83.67</ele>
				<time>2025-12-05T11:19:31Z</time>
				<extensions>
					<ns3:TrackPointExtension>
						<ns3:speed>1.72</ns3:speed>
						<ns3:cad>60.0</ns3:cad>
						<ns3:hr>117</ns3:hr>
					</ns3:TrackPointExtension>
				</extensions>
			</trkpt>
			<trkpt lat="48.99123552" lon="2.33082952">
				<ele>83.71</ele>
				<time>2025-12-05T11:19:32Z</time>
				<extensions>
					<ns3:TrackPointExtension>
						<ns3:speed>1.69</ns3:speed>
						<ns3:cad>60.0</ns3:cad>
						<ns3:hr>118</ns3:hr>
					</ns3:TrackPointExtension>
				</extensions>
			</trkpt>
			<trkpt lat="48.99124751" lon="2.33084152">
				<ele>83.75</ele>
				<time>2025-12-05T11:19:33Z</time>
				<extensions>
					<ns3:TrackPointExtension>
						<ns3:speed>1.67</ns3:speed>
						<ns3:cad>60.0</ns3:cad>
						<ns3:hr>118</ns3:hr>
					</ns3:TrackPointExtension>
				</extensions>
			</trkpt>
			<trkpt lat="48.99125917" lon="2.33085385">
				<ele>83.8</ele>
				<time>2025-12-05T11:19:34Z</time>
				<extensions>
					<ns3:TrackPointExtension>
						<ns3:speed>1.65</ns3:speed>
						<ns3:cad>60.0</ns3:cad>
						<ns3:hr>117</ns3:hr>
					</ns3:TrackPointExtension>
				</extensions>
			</trkpt>
			<trkpt lat="48.99127217" lon="2.33086618">
				<ele>83.86</ele>
				<time>2025-12-05T11:19:35Z</time>
				<extensions>
					<ns3:TrackPointExtension>
						<ns3:speed>1.63</ns3:speed>
						<ns3:cad>60.0</ns3:cad>
						<ns3:hr>117</ns3:hr>
					</ns3:TrackPointExtension>
				</extensions>
			</trkpt>
			<trkpt lat="48.99128483" lon="2.33087717">
				<ele>83.92</ele>
				<time>2025-12-05T11:19:36Z</time>
				<extensions>
					<ns3:TrackPointExtension>
						<ns3:speed>1.62</ns3:speed>
						<ns3:cad>60.0</ns3:cad>
						<ns3:hr>117</ns3:hr>
					</ns3:TrackPointExtension>
				</extensions>
			</trkpt>
			<trkpt lat="48.99129683" lon="2.3308885">
				<ele>83.99</ele>
				<time>2025-12-05T11:19:37Z</time>
				<extensions>
					<ns3:TrackPointExtension>
						<ns3:speed>1.62</ns3:speed>
						<ns3:cad>59.0</ns3:cad>
						<ns3:hr>116</ns3:hr>
					</ns3:TrackPointExtension>
				</extensions>
			</trkpt>
			<trkpt lat="48.99130816" lon="2.33089983">
				<ele>84.05</ele>
				<time>2025-12-05T11:19:38Z</time>
				<extensions>
					<ns3:TrackPointExtension>
						<ns3:speed>1.62</ns3:speed>
						<ns3:cad>59.0</ns3:cad>
						<ns3:hr>116</ns3:hr>
					</ns3:TrackPointExtension>
				</extensions>
			</trkpt>
			<trkpt lat="48.99132049" lon="2.33091083">
				<ele>84.12</ele>
				<time>2025-12-05T11:19:39Z</time>
				<extensions>
					<ns3:TrackPointExtension>
						<ns3:speed>1.59</ns3:speed>
						<ns3:cad>59.0</ns3:cad>
						<ns3:hr>116</ns3:hr>
					</ns3:TrackPointExtension>
				</extensions>
			</trkpt>
			<trkpt lat="48.99133182" lon="2.33092049">
				<ele>84.2</ele>
				<time>2025-12-05T11:19:40Z</time>
				<extensions>
					<ns3:TrackPointExtension>
						<ns3:speed>1.57</ns3:speed>
						<ns3:cad>59.0</ns3:cad>
						<ns3:hr>117</ns3:hr>
					</ns3:TrackPointExtension>
				</extensions>
			</trkpt>
			<trkpt lat="48.99134248" lon="2.33092982">
				<ele>84.27</ele>
				<time>2025-12-05T11:19:41Z</time>
				<extensions>
					<ns3:TrackPointExtension>
						<ns3:speed>1.57</ns3:speed>
						<ns3:cad>59.0</ns3:cad>
						<ns3:hr>117</ns3:hr>
					</ns3:TrackPointExtension>
				</extensions>
			</trkpt>
			<trkpt lat="48.99135281" lon="2.33093848">
				<ele>84.38</ele>
				<time>2025-12-05T11:19:42Z</time>
				<extensions>
					<ns3:TrackPointExtension>
						<ns3:speed>1.57</ns3:speed>
						<ns3:cad>58.0</ns3:cad>
						<ns3:hr>118</ns3:hr>
					</ns3:TrackPointExtension>
				</extensions>
			</trkpt>
			<trkpt lat="48.99136314" lon="2.33094781">
				<ele>84.5</ele>
				<time>2025-12-05T11:19:43Z</time>
				<extensions>
					<ns3:TrackPointExtension>
						<ns3:speed>1.56</ns3:speed>
						<ns3:cad>59.0</ns3:cad>
						<ns3:hr>118</ns3:hr>
					</ns3:TrackPointExtension>
				</extensions>
			</trkpt>
			<trkpt lat="48.99137414" lon="2.33095747">
				<ele>84.64</ele>
				<time>2025-12-05T11:19:44Z</time>
				<extensions>
					<ns3:TrackPointExtension>
						<ns3:speed>1.55</ns3:speed>
						<ns3:cad>59.0</ns3:cad>
						<ns3:hr>118</ns3:hr>
					</ns3:TrackPointExtension>
				</extensions>
			</trkpt>
			<trkpt lat="48.9913858" lon="2.33096513">
				<ele>84.78</ele>
				<time>2025-12-05T11:19:45Z</time>
				<extensions>
					<ns3:TrackPointExtension>
						<ns3:speed>1.54</ns3:speed>
						<ns3:cad>60.0</ns3:cad>
						<ns3:hr>118</ns3:hr>
					</ns3:TrackPointExtension>
				</extensions>
			</trkpt>
			<trkpt lat="48.99139746" lon="2.33097246">
				<ele>84.94</ele>
				<time>2025-12-05T11:19:46Z</time>
				<extensions>
					<ns3:TrackPointExtension>
						<ns3:speed>1.53</ns3:speed>
						<ns3:cad>54.0</ns3:cad>
						<ns3:hr>117</ns3:hr>
					</ns3:TrackPointExtension>
				</extensions>
			</trkpt>
			<trkpt lat="48.99140912" lon="2.33097946">
				<ele>85.1</ele>
				<time>2025-12-05T11:19:47Z</time>
				<extensions>
					<ns3:TrackPointExtension>
						<ns3:speed>1.52</ns3:speed>
						<ns3:cad>54.0</ns3:cad>
						<ns3:hr>117</ns3:hr>
					</ns3:TrackPointExtension>
				</extensions>
			</trkpt>
			<trkpt lat="48.99142145" lon="2.33098579">
				<ele>85.29</ele>
				<time>2025-12-05T11:19:48Z</time>
				<extensions>
					<ns3:TrackPointExtension>
						<ns3:speed>1.51</ns3:speed>
						<ns3:cad>55.0</ns3:cad>
						<ns3:hr>117</ns3:hr>
					</ns3:TrackPointExtension>
				</extensions>
			</trkpt>
			<trkpt lat="48.99143445" lon="2.33099178">
				<ele>85.51</ele>
				<time>2025-12-05T11:19:49Z</time>
				<extensions>
					<ns3:TrackPointExtension>
						<ns3:speed>1.51</ns3:speed>
						<ns3:cad>56.0</ns3:cad>
						<ns3:hr>117</ns3:hr>
					</ns3:TrackPointExtension>
				</extensions>
			</trkpt>
			<trkpt lat="48.99144744" lon="2.33099844">
				<ele>85.73</ele>
				<time>2025-12-05T11:19:50Z</time>
				<extensions>
					<ns3:TrackPointExtension>
						<ns3:speed>1.5</ns3:speed>
						<ns3:cad>56.0</ns3:cad>
						<ns3:hr>117</ns3:hr>
					</ns3:TrackPointExtension>
				</extensions>
			</trkpt>
			<trkpt lat="48.99145977" lon="2.33100577">
				<ele>85.94</ele>
				<time>2025-12-05T11:19:51Z</time>
				<extensions>
					<ns3:TrackPointExtension>
						<ns3:speed>1.49</ns3:speed>
						<ns3:cad>56.0</ns3:cad>
						<ns3:hr>117</ns3:hr>
					</ns3:TrackPointExtension>
				</extensions>
			</trkpt>
			<trkpt lat="48.9914731" lon="2.3310121">
				<ele>86.15</ele>
				<time>2025-12-05T11:19:52Z</time>
				<extensions>
					<ns3:TrackPointExtension>
						<ns3:speed>1.49</ns3:speed>
						<ns3:cad>56.0</ns3:cad>
						<ns3:hr>118</ns3:hr>
					</ns3:TrackPointExtension>
				</extensions>
			</trkpt>
			<trkpt lat="48.99148676" lon="2.33101809">
				<ele>86.34</ele>
				<time>2025-12-05T11:19:53Z</time>
				<extensions>
					<ns3:TrackPointExtension>
						<ns3:speed>1.49</ns3:speed>
						<ns3:cad>56.0</ns3:cad>
						<ns3:hr>118</ns3:hr>
					</ns3:TrackPointExtension>
				</extensions>
			</trkpt>
			<trkpt lat="48.99150009" lon="2.33102375">
				<ele>86.52</ele>
				<time>2025-12-05T11:19:54Z</time>
				<extensions>
					<ns3:TrackPointExtension>
						<ns3:speed>1.49</ns3:speed>
						<ns3:cad>55.0</ns3:cad>
						<ns3:hr>119</ns3:hr>
					</ns3:TrackPointExtension>
				</extensions>
			</trkpt>
			<trkpt lat="48.99151342" lon="2.33102974">
				<ele>86.73</ele>
				<time>2025-12-05T11:19:55Z</time>
				<extensions>
					<ns3:TrackPointExtension>
						<ns3:speed>1.49</ns3:speed>
						<ns3:cad>55.0</ns3:cad>
						<ns3:hr>121</ns3:hr>
					</ns3:TrackPointExtension>
				</extensions>
			</trkpt>
			<trkpt lat="48.99152608" lon="2.33103707">
				<ele>86.94</ele>
				<time>2025-12-05T11:19:56Z</time>
				<extensions>
					<ns3:TrackPointExtension>
						<ns3:speed>1.49</ns3:speed>
						<ns3:cad>55.0</ns3:cad>
						<ns3:hr>121</ns3:hr>
					</ns3:TrackPointExtension>
				</extensions>
			</trkpt>
			<trkpt lat="48.99153841" lon="2.33104707">
				<ele>87.15</ele>
				<time>2025-12-05T11:19:57Z</time>
				<extensions>
					<ns3:TrackPointExtension>
						<ns3:speed>1.49</ns3:speed>
						<ns3:cad>55.0</ns3:cad>
						<ns3:hr>121</ns3:hr>
					</ns3:TrackPointExtension>
				</extensions>
			</trkpt>
			<trkpt lat="48.9915504" lon="2.33105873">
				<ele>87.35</ele>
				<time>2025-12-05T11:19:58Z</time>
				<extensions>
					<ns3:TrackPointExtension>
						<ns3:speed>1.5</ns3:speed>
						<ns3:cad>55.0</ns3:cad>
						<ns3:hr>121</ns3:hr>
					</ns3:TrackPointExtension>
				</extensions>
			</trkpt>
			<trkpt lat="48.99156173" lon="2.33106939">
				<ele>87.53</ele>
				<time>2025-12-05T11:19:59Z</time>
				<extensions>
					<ns3:TrackPointExtension>
						<ns3:speed>1.5</ns3:speed>
						<ns3:cad>55.0</ns3:cad>
						<ns3:hr>120</ns3:hr>
					</ns3:TrackPointExtension>
				</extensions>
			</trkpt>
			<trkpt lat="48.99157306" lon="2.33107772">
				<ele>87.69</ele>
				<time>2025-12-05T11:20:00Z</time>
				<extensions>
					<ns3:TrackPointExtension>
						<ns3:speed>1.5</ns3:speed>
						<ns3:cad>55.0</ns3:cad>
						<ns3:hr>121</ns3:hr>
					</ns3:TrackPointExtension>
				</extensions>
			</trkpt>
			<trkpt lat="48.99158472" lon="2.33108472">
				<ele>87.86</ele>
				<time>2025-12-05T11:20:01Z</time>
				<extensions>
					<ns3:TrackPointExtension>
						<ns3:speed>1.5</ns3:speed>
						<ns3:cad>55.0</ns3:cad>
						<ns3:hr>122</ns3:hr>
					</ns3:TrackPointExtension>
				</extensions>
			</trkpt>
			<trkpt lat="48.99159605" lon="2.33108971">
				<ele>88.05</ele>
				<time>2025-12-05T11:20:02Z</time>
				<extensions>
					<ns3:TrackPointExtension>
						<ns3:speed>1.49</ns3:speed>
						<ns3:cad>56.0</ns3:cad>
						<ns3:hr>122</ns3:hr>
					</ns3:TrackPointExtension>
				</extensions>
			</trkpt>
			<trkpt lat="48.99160838" lon="2.33109504">
				<ele>88.26</ele>
				<time>2025-12-05T11:20:03Z</time>
				<extensions>
					<ns3:TrackPointExtension>
						<ns3:speed>1.49</ns3:speed>
						<ns3:cad>56.0</ns3:cad>
						<ns3:hr>123</ns3:hr>
					</ns3:TrackPointExtension>
				</extensions>
			</trkpt>
			<trkpt lat="48.99162104" lon="2.3310997">
				<ele>88.26</ele>
				<time>2025-12-05T11:20:04Z</time>
				<extensions>
					<ns3:TrackPointExtension>
						<ns3:speed>1.49</ns3:speed>
						<ns3:cad>56.0</ns3:cad>
						<ns3:hr>123</ns3:hr>
					</ns3:TrackPointExtension>
				</extensions>
			</trkpt>
			<trkpt lat="48.99163404" lon="2.3311047">
				<ele>88.45</ele>
				<time>2025-12-05T11:20:05Z</time>
				<extensions>
					<ns3:TrackPointExtension>
						<ns3:speed>1.49</ns3:speed>
						<ns3:cad>57.0</ns3:cad>
						<ns3:hr>124</ns3:hr>
					</ns3:TrackPointExtension>
				</extensions>
			</trkpt>
			<trkpt lat="48.99164703" lon="2.33110803">
				<ele>88.65</ele>
				<time>2025-12-05T11:20:06Z</time>
				<extensions>
					<ns3:TrackPointExtension>
						<ns3:speed>1.49</ns3:speed>
						<ns3:cad>57.0</ns3:cad>
						<ns3:hr>125</ns3:hr>
					</ns3:TrackPointExtension>
				</extensions>
			</trkpt>
			<trkpt lat="48.99166103" lon="2.33111069">
				<ele>88.84</ele>
				<time>2025-12-05T11:20:07Z</time>
				<extensions>
					<ns3:TrackPointExtension>
						<ns3:speed>1.49</ns3:speed>
						<ns3:cad>57.0</ns3:cad>
						<ns3:hr>126</ns3:hr>
					</ns3:TrackPointExtension>
				</extensions>
			</trkpt>
			<trkpt lat="48.99167436" lon="2.33111435">
				<ele>88.84</ele>
				<time>2025-12-05T11:20:08Z</time>
				<extensions>
					<ns3:TrackPointExtension>
						<ns3:speed>1.49</ns3:speed>
						<ns3:cad>57.0</ns3:cad>
						<ns3:hr>124</ns3:hr>
					</ns3:TrackPointExtension>
				</extensions>
			</trkpt>
			<trkpt lat="48.99168869" lon="2.33111934">
				<ele>89.19</ele>
				<time>2025-12-05T11:20:09Z</time>
				<extensions>
					<ns3:TrackPointExtension>
						<ns3:speed>1.49</ns3:speed>
						<ns3:cad>57.0</ns3:cad>
						<ns3:hr>122</ns3:hr>
					</ns3:TrackPointExtension>
				</extensions>
			</trkpt>
			<trkpt lat="48.99170269" lon="2.331125">
				<ele>89.36</ele>
				<time>2025-12-05T11:20:10Z</time>
				<extensions>
					<ns3:TrackPointExtension>
						<ns3:speed>1.49</ns3:speed>
						<ns3:cad>57.0</ns3:cad>
						<ns3:hr>122</ns3:hr>
					</ns3:TrackPointExtension>
				</extensions>
			</trkpt>
			<trkpt lat="48.99171635" lon="2.33113033">
				<ele>89.52</ele>
				<time>2025-12-05T11:20:11Z</time>
				<extensions>
					<ns3:TrackPointExtension>
						<ns3:speed>1.5</ns3:speed>
						<ns3:cad>57.0</ns3:cad>
						<ns3:hr>122</ns3:hr>
					</ns3:TrackPointExtension>
				</extensions>
			</trkpt>
			<trkpt lat="48.99172968" lon="2.33113566">
				<ele>89.69</ele>
				<time>2025-12-05T11:20:12Z</time>
				<extensions>
					<ns3:TrackPointExtension>
						<ns3:speed>1.5</ns3:speed>
						<ns3:cad>57.0</ns3:cad>
						<ns3:hr>122</ns3:hr>
					</ns3:TrackPointExtension>
				</extensions>
			</trkpt>
			<trkpt lat="48.99174334" lon="2.33113999">
				<ele>89.85</ele>
				<time>2025-12-05T11:20:13Z</time>
				<extensions>
					<ns3:TrackPointExtension>
						<ns3:speed>1.5</ns3:speed>
						<ns3:cad>57.0</ns3:cad>
						<ns3:hr>123</ns3:hr>
					</ns3:TrackPointExtension>
				</extensions>
			</trkpt>
			<trkpt lat="48.991756" lon="2.33114332">
				<ele>90.02</ele>
				<time>2025-12-05T11:20:14Z</time>
				<extensions>
					<ns3:TrackPointExtension>
						<ns3:speed>1.5</ns3:speed>
						<ns3:cad>57.0</ns3:cad>
						<ns3:hr>122</ns3:hr>
					</ns3:TrackPointExtension>
				</extensions>
			</trkpt>
			<trkpt lat="48.99176833" lon="2.33114531">
				<ele>90.19</ele>
				<time>2025-12-05T11:20:15Z</time>
				<extensions>
					<ns3:TrackPointExtension>
						<ns3:speed>1.5</ns3:speed>
						<ns3:cad>57.0</ns3:cad>
						<ns3:hr>121</ns3:hr>
					</ns3:TrackPointExtension>
				</extensions>
			</trkpt>
			<trkpt lat="48.99177966" lon="2.33114797">
				<ele>90.37</ele>
				<time>2025-12-05T11:20:16Z</time>
				<extensions>
					<ns3:TrackPointExtension>
						<ns3:speed>1.5</ns3:speed>
						<ns3:cad>57.0</ns3:cad>
						<ns3:hr>121</ns3:hr>
					</ns3:TrackPointExtension>
				</extensions>
			</trkpt>
			<trkpt lat="48.99179032" lon="2.33115063">
				<ele>90.57</ele>
				<time>2025-12-05T11:20:17Z</time>
				<extensions>
					<ns3:TrackPointExtension>
						<ns3:speed>1.5</ns3:speed>
						<ns3:cad>57.0</ns3:cad>
						<ns3:hr>121</ns3:hr>
					</ns3:TrackPointExtension>
				</extensions>
			</trkpt>
			<trkpt lat="48.99180165" lon="2.33115396">
				<ele>90.75</ele>
				<time>2025-12-05T11:20:18Z</time>
				<extensions>
					<ns3:TrackPointExtension>
						<ns3:speed>1.5</ns3:speed>
						<ns3:cad>56.0</ns3:cad>
						<ns3:hr>121</ns3:hr>
					</ns3:TrackPointExtension>
				</extensions>
			</trkpt>
			<trkpt lat="48.99181364" lon="2.33115829">
				<ele>90.92</ele>
				<time>2025-12-05T11:20:19Z</time>
				<extensions>
					<ns3:TrackPointExtension>
						<ns3:speed>1.5</ns3:speed>
						<ns3:cad>56.0</ns3:cad>
						<ns3:hr>121</ns3:hr>
					</ns3:TrackPointExtension>
				</extensions>
			</trkpt>
			<trkpt lat="48.99182564" lon="2.33116295">
				<ele>91.08</ele>
				<time>2025-12-05T11:20:20Z</time>
				<extensions>
					<ns3:TrackPointExtension>
						<ns3:speed>1.49</ns3:speed>
						<ns3:cad>56.0</ns3:cad>
						<ns3:hr>121</ns3:hr>
					</ns3:TrackPointExtension>
				</extensions>
			</trkpt>
			<trkpt lat="48.99183797" lon="2.33116795">
				<ele>91.3</ele>
				<time>2025-12-05T11:20:21Z</time>
				<extensions>
					<ns3:TrackPointExtension>
						<ns3:speed>1.49</ns3:speed>
						<ns3:cad>56.0</ns3:cad>
						<ns3:hr>122</ns3:hr>
					</ns3:TrackPointExtension>
				</extensions>
			</trkpt>
			<trkpt lat="48.99184996" lon="2.33117261">
				<ele>91.52</ele>
				<time>2025-12-05T11:20:22Z</time>
				<extensions>
					<ns3:TrackPointExtension>
						<ns3:speed>1.49</ns3:speed>
						<ns3:cad>56.0</ns3:cad>
						<ns3:hr>122</ns3:hr>
					</ns3:TrackPointExtension>
				</extensions>
			</trkpt>
			<trkpt lat="48.99186262" lon="2.33117761">
				<ele>91.74</ele>
				<time>2025-12-05T11:20:23Z</time>
				<extensions>
					<ns3:TrackPointExtension>
						<ns3:speed>1.49</ns3:speed>
						<ns3:cad>56.0</ns3:cad>
						<ns3:hr>122</ns3:hr>
					</ns3:TrackPointExtension>
				</extensions>
			</trkpt>
			<trkpt lat="48.99187561" lon="2.33118194">
				<ele>91.74</ele>
				<time>2025-12-05T11:20:24Z</time>
				<extensions>
					<ns3:TrackPointExtension>
						<ns3:speed>1.48</ns3:speed>
						<ns3:cad>56.0</ns3:cad>
						<ns3:hr>121</ns3:hr>
					</ns3:TrackPointExtension>
				</extensions>
			</trkpt>
			<trkpt lat="48.99188894" lon="2.3311846">
				<ele>92.09</ele>
				<time>2025-12-05T11:20:25Z</time>
				<extensions>
					<ns3:TrackPointExtension>
						<ns3:speed>1.48</ns3:speed>
						<ns3:cad>55.0</ns3:cad>
						<ns3:hr>121</ns3:hr>
					</ns3:TrackPointExtension>
				</extensions>
			</trkpt>
			<trkpt lat="48.9919026" lon="2.33118759">
				<ele>92.25</ele>
				<time>2025-12-05T11:20:26Z</time>
				<extensions>
					<ns3:TrackPointExtension>
						<ns3:speed>1.48</ns3:speed>
						<ns3:cad>55.0</ns3:cad>
						<ns3:hr>121</ns3:hr>
					</ns3:TrackPointExtension>
				</extensions>
			</trkpt>
			<trkpt lat="48.99191626" lon="2.33118925">
				<ele>92.42</ele>
				<time>2025-12-05T11:20:27Z</time>
				<extensions>
					<ns3:TrackPointExtension>
						<ns3:speed>1.48</ns3:speed>
						<ns3:cad>55.0</ns3:cad>
						<ns3:hr>121</ns3:hr>
					</ns3:TrackPointExtension>
				</extensions>
			</trkpt>
			<trkpt lat="48.99192992" lon="2.33119025">
				<ele>92.59</ele>
				<time>2025-12-05T11:20:28Z</time>
				<extensions>
					<ns3:TrackPointExtension>
						<ns3:speed>1.48</ns3:speed>
						<ns3:cad>55.0</ns3:cad>
						<ns3:hr>121</ns3:hr>
					</ns3:TrackPointExtension>
				</extensions>
			</trkpt>
			<trkpt lat="48.99194258" lon="2.33119158">
				<ele>92.78</ele>
				<time>2025-12-05T11:20:29Z</time>
				<extensions>
					<ns3:TrackPointExtension>
						<ns3:speed>1.48</ns3:speed>
						<ns3:cad>55.0</ns3:cad>
						<ns3:hr>121</ns3:hr>
					</ns3:TrackPointExtension>
				</extensions>
			</trkpt>
			<trkpt lat="48.99195491" lon="2.33119358">
				<ele>92.97</ele>
				<time>2025-12-05T11:20:30Z</time>
				<extensions>
					<ns3:TrackPointExtension>
						<ns3:speed>1.48</ns3:speed>
						<ns3:cad>55.0</ns3:cad>
						<ns3:hr>121</ns3:hr>
					</ns3:TrackPointExtension>
				</extensions>
			</trkpt>
			<trkpt lat="48.99196624" lon="2.33119724">
				<ele>93.12</ele>
				<time>2025-12-05T11:20:31Z</time>
				<extensions>
					<ns3:TrackPointExtension>
						<ns3:speed>1.47</ns3:speed>
						<ns3:cad>55.0</ns3:cad>
						<ns3:hr>122</ns3:hr>
					</ns3:TrackPointExtension>
				</extensions>
			</trkpt>
			<trkpt lat="48.99197757" lon="2.33119957">
				<ele>93.27</ele>
				<time>2025-12-05T11:20:32Z</time>
				<extensions>
					<ns3:TrackPointExtension>
						<ns3:speed>1.47</ns3:speed>
						<ns3:cad>55.0</ns3:cad>
						<ns3:hr>122</ns3:hr>
					</ns3:TrackPointExtension>
				</extensions>
			</trkpt>
			<trkpt lat="48.99198857" lon="2.3312009">
				<ele>93.4</ele>
				<time>2025-12-05T11:20:33Z</time>
				<extensions>
					<ns3:TrackPointExtension>
						<ns3:speed>1.47</ns3:speed>
						<ns3:cad>55.0</ns3:cad>
						<ns3:hr>124</ns3:hr>
					</ns3:TrackPointExtension>
				</extensions>
			</trkpt>
			<trkpt lat="48.9919999" lon="2.3312019">
				<ele>93.56</ele>
				<time>2025-12-05T11:20:34Z</time>
				<extensions>
					<ns3:TrackPointExtension>
						<ns3:speed>1.46</ns3:speed>
						<ns3:cad>55.0</ns3:cad>
						<ns3:hr>127</ns3:hr>
					</ns3:TrackPointExtension>
				</extensions>
			</trkpt>
			<trkpt lat="48.99201123" lon="2.33120223">
				<ele>93.71</ele>
				<time>2025-12-05T11:20:35Z</time>
				<extensions>
					<ns3:TrackPointExtension>
						<ns3:speed>1.45</ns3:speed>
						<ns3:cad>55.0</ns3:cad>
						<ns3:hr>128</ns3:hr>
					</ns3:TrackPointExtension>
				</extensions>
			</trkpt>
			<trkpt lat="48.99202356" lon="2.33120422">
				<ele>93.84</ele>
				<time>2025-12-05T11:20:36Z</time>
				<extensions>
					<ns3:TrackPointExtension>
						<ns3:speed>1.45</ns3:speed>
						<ns3:cad>55.0</ns3:cad>
						<ns3:hr>130</ns3:hr>
					</ns3:TrackPointExtension>
				</extensions>
			</trkpt>
			<trkpt lat="48.99203489" lon="2.33120755">
				<ele>93.98</ele>
				<time>2025-12-05T11:20:37Z</time>
				<extensions>
					<ns3:TrackPointExtension>
						<ns3:speed>1.45</ns3:speed>
						<ns3:cad>55.0</ns3:cad>
						<ns3:hr>132</ns3:hr>
					</ns3:TrackPointExtension>
				</extensions>
			</trkpt>
			<trkpt lat="48.99204555" lon="2.33121255">
				<ele>94.1</ele>
				<time>2025-12-05T11:20:38Z</time>
				<extensions>
					<ns3:TrackPointExtension>
						<ns3:speed>1.44</ns3:speed>
						<ns3:cad>55.0</ns3:cad>
						<ns3:hr>132</ns3:hr>
					</ns3:TrackPointExtension>
				</extensions>
			</trkpt>
			<trkpt lat="48.99205655" lon="2.33121554">
				<ele>94.24</ele>
				<time>2025-12-05T11:20:39Z</time>
				<extensions>
					<ns3:TrackPointExtension>
						<ns3:speed>1.44</ns3:speed>
						<ns3:cad>54.0</ns3:cad>
						<ns3:hr>133</ns3:hr>
					</ns3:TrackPointExtension>
				</extensions>
			</trkpt>
			<trkpt lat="48.99206654" lon="2.33121853">
				<ele>94.38</ele>
				<time>2025-12-05T11:20:40Z</time>
				<extensions>
					<ns3:TrackPointExtension>
						<ns3:speed>1.43</ns3:speed>
						<ns3:cad>54.0</ns3:cad>
						<ns3:hr>134</ns3:hr>
					</ns3:TrackPointExtension>
				</extensions>
			</trkpt>
			<trkpt lat="48.99207654" lon="2.33121986">
				<ele>94.54</ele>
				<time>2025-12-05T11:20:41Z</time>
				<extensions>
					<ns3:TrackPointExtension>
						<ns3:speed>1.42</ns3:speed>
						<ns3:cad>54.0</ns3:cad>
						<ns3:hr>134</ns3:hr>
					</ns3:TrackPointExtension>
				</extensions>
			</trkpt>
			<trkpt lat="48.9920872" lon="2.33122186">
				<ele>94.67</ele>
				<time>2025-12-05T11:20:42Z</time>
				<extensions>
					<ns3:TrackPointExtension>
						<ns3:speed>1.42</ns3:speed>
						<ns3:cad>54.0</ns3:cad>
						<ns3:hr>134</ns3:hr>
					</ns3:TrackPointExtension>
				</extensions>
			</trkpt>
			<trkpt lat="48.99209986" lon="2.33122452">
				<ele>94.79</ele>
				<time>2025-12-05T11:20:43Z</time>
				<extensions>
					<ns3:TrackPointExtension>
						<ns3:speed>1.41</ns3:speed>
						<ns3:cad>54.0</ns3:cad>
						<ns3:hr>135</ns3:hr>
					</ns3:TrackPointExtension>
				</extensions>
			</trkpt>
			<trkpt lat="48.99211319" lon="2.33122718">
				<ele>94.91</ele>
				<time>2025-12-05T11:20:44Z</time>
				<extensions>
					<ns3:TrackPointExtension>
						<ns3:speed>1.41</ns3:speed>
						<ns3:cad>54.0</ns3:cad>
						<ns3:hr>135</ns3:hr>
					</ns3:TrackPointExtension>
				</extensions>
			</trkpt>
			<trkpt lat="48.99212652" lon="2.33123118">
				<ele>95.07</ele>
				<time>2025-12-05T11:20:45Z</time>
				<extensions>
					<ns3:TrackPointExtension>
						<ns3:speed>1.4</ns3:speed>
						<ns3:cad>55.0</ns3:cad>
						<ns3:hr>136</ns3:hr>
					</ns3:TrackPointExtension>
				</extensions>
			</trkpt>
			<trkpt lat="48.99213985" lon="2.33123584">
				<ele>95.22</ele>
				<time>2025-12-05T11:20:46Z</time>
				<extensions>
					<ns3:TrackPointExtension>
						<ns3:speed>1.4</ns3:speed>
						<ns3:cad>55.0</ns3:cad>
						<ns3:hr>136</ns3:hr>
					</ns3:TrackPointExtension>
				</extensions>
			</trkpt>
			<trkpt lat="48.99215318" lon="2.3312415">
				<ele>95.37</ele>
				<time>2025-12-05T11:20:47Z</time>
				<extensions>
					<ns3:TrackPointExtension>
						<ns3:speed>1.4</ns3:speed>
						<ns3:cad>55.0</ns3:cad>
						<ns3:hr>136</ns3:hr>
					</ns3:TrackPointExtension>
				</extensions>
			</trkpt>
			<trkpt lat="48.99216651" lon="2.33124816">
				<ele>95.49</ele>
				<time>2025-12-05T11:20:48Z</time>
				<extensions>
					<ns3:TrackPointExtension>
						<ns3:speed>1.4</ns3:speed>
						<ns3:cad>55.0</ns3:cad>
						<ns3:hr>137</ns3:hr>
					</ns3:TrackPointExtension>
				</extensions>
			</trkpt>
			<trkpt lat="48.99217784" lon="2.33125482">
				<ele>95.62</ele>
				<time>2025-12-05T11:20:49Z</time>
				<extensions>
					<ns3:TrackPointExtension>
						<ns3:speed>1.4</ns3:speed>
						<ns3:cad>55.0</ns3:cad>
						<ns3:hr>138</ns3:hr>
					</ns3:TrackPointExtension>
				</extensions>
			</trkpt>
			<trkpt lat="48.9921895" lon="2.33126015">
				<ele>95.72</ele>
				<time>2025-12-05T11:20:50Z</time>
				<extensions>
					<ns3:TrackPointExtension>
						<ns3:speed>1.4</ns3:speed>
						<ns3:cad>55.0</ns3:cad>
						<ns3:hr>138</ns3:hr>
					</ns3:TrackPointExtension>
				</extensions>
			</trkpt>
			<trkpt lat="48.99220016" lon="2.33126614">
				<ele>95.83</ele>
				<time>2025-12-05T11:20:51Z</time>
				<extensions>
					<ns3:TrackPointExtension>
						<ns3:speed>1.4</ns3:speed>
						<ns3:cad>56.0</ns3:cad>
						<ns3:hr>138</ns3:hr>
					</ns3:TrackPointExtension>
				</extensions>
			</trkpt>
			<trkpt lat="48.99221015" lon="2.33127147">
				<ele>95.83</ele>
				<time>2025-12-05T11:20:52Z</time>
				<extensions>
					<ns3:TrackPointExtension>
						<ns3:speed>1.4</ns3:speed>
						<ns3:cad>56.0</ns3:cad>
						<ns3:hr>137</ns3:hr>
					</ns3:TrackPointExtension>
				</extensions>
			</trkpt>
			<trkpt lat="48.99221981" lon="2.33127813">
				<ele>95.94</ele>
				<time>2025-12-05T11:20:53Z</time>
				<extensions>
					<ns3:TrackPointExtension>
						<ns3:speed>1.4</ns3:speed>
						<ns3:cad>56.0</ns3:cad>
						<ns3:hr>137</ns3:hr>
					</ns3:TrackPointExtension>
				</extensions>
			</trkpt>
			<trkpt lat="48.9922298" lon="2.33128412">
				<ele>96.09</ele>
				<time>2025-12-05T11:20:54Z</time>
				<extensions>
					<ns3:TrackPointExtension>
						<ns3:speed>1.4</ns3:speed>
						<ns3:cad>56.0</ns3:cad>
						<ns3:hr>137</ns3:hr>
					</ns3:TrackPointExtension>
				</extensions>
			</trkpt>
			<trkpt lat="48.99223913" lon="2.33128778">
				<ele>96.23</ele>
				<time>2025-12-05T11:20:55Z</time>
				<extensions>
					<ns3:TrackPointExtension>
						<ns3:speed>1.39</ns3:speed>
						<ns3:cad>56.0</ns3:cad>
						<ns3:hr>137</ns3:hr>
					</ns3:TrackPointExtension>
				</extensions>
			</trkpt>
			<trkpt lat="48.99224946" lon="2.33128944">
				<ele>96.38</ele>
				<time>2025-12-05T11:20:56Z</time>
				<extensions>
					<ns3:TrackPointExtension>
						<ns3:speed>1.38</ns3:speed>
						<ns3:cad>55.0</ns3:cad>
						<ns3:hr>137</ns3:hr>
					</ns3:TrackPointExtension>
				</extensions>
			</trkpt>
			<trkpt lat="48.99226179" lon="2.33129144">
				<ele>96.51</ele>
				<time>2025-12-05T11:20:57Z</time>
				<extensions>
					<ns3:TrackPointExtension>
						<ns3:speed>1.38</ns3:speed>
						<ns3:cad>55.0</ns3:cad>
						<ns3:hr>137</ns3:hr>
					</ns3:TrackPointExtension>
				</extensions>
			</trkpt>
			<trkpt lat="48.99227378" lon="2.3312941">
				<ele>96.62</ele>
				<time>2025-12-05T11:20:58Z</time>
				<extensions>
					<ns3:TrackPointExtension>
						<ns3:speed>1.37</ns3:speed>
						<ns3:cad>55.0</ns3:cad>
						<ns3:hr>137</ns3:hr>
					</ns3:TrackPointExtension>
				</extensions>
			</trkpt>
			<trkpt lat="48.99228611" lon="2.33129709">
				<ele>96.77</ele>
				<time>2025-12-05T11:20:59Z</time>
				<extensions>
					<ns3:TrackPointExtension>
						<ns3:speed>1.36</ns3:speed>
						<ns3:cad>55.0</ns3:cad>
						<ns3:hr>138</ns3:hr>
					</ns3:TrackPointExtension>
				</extensions>
			</trkpt>
			<trkpt lat="48.99229977" lon="2.33130075">
				<ele>96.93</ele>
				<time>2025-12-05T11:21:00Z</time>
				<extensions>
					<ns3:TrackPointExtension>
						<ns3:speed>1.36</ns3:speed>
						<ns3:cad>55.0</ns3:cad>
						<ns3:hr>138</ns3:hr>
					</ns3:TrackPointExtension>
				</extensions>
			</trkpt>
			<trkpt lat="48.99231377" lon="2.33130308">
				<ele>97.1</ele>
				<time>2025-12-05T11:21:01Z</time>
				<extensions>
					<ns3:TrackPointExtension>
						<ns3:speed>1.36</ns3:speed>
						<ns3:cad>55.0</ns3:cad>
						<ns3:hr>138</ns3:hr>
					</ns3:TrackPointExtension>
				</extensions>
			</trkpt>
			<trkpt lat="48.99232677" lon="2.33130641">
				<ele>97.24</ele>
				<time>2025-12-05T11:21:02Z</time>
				<extensions>
					<ns3:TrackPointExtension>
						<ns3:speed>1.36</ns3:speed>
						<ns3:cad>55.0</ns3:cad>
						<ns3:hr>139</ns3:hr>
					</ns3:TrackPointExtension>
				</extensions>
			</trkpt>
			<trkpt lat="48.99234043" lon="2.33130774">
				<ele>97.37</ele>
				<time>2025-12-05T11:21:03Z</time>
				<extensions>
					<ns3:TrackPointExtension>
						<ns3:speed>1.36</ns3:speed>
						<ns3:cad>55.0</ns3:cad>
						<ns3:hr>139</ns3:hr>
					</ns3:TrackPointExtension>
				</extensions>
			</trkpt>
			<trkpt lat="48.99235376" lon="2.3313114">
				<ele>97.51</ele>
				<time>2025-12-05T11:21:04Z</time>
				<extensions>
					<ns3:TrackPointExtension>
						<ns3:speed>1.36</ns3:speed>
						<ns3:cad>54.0</ns3:cad>
						<ns3:hr>138</ns3:hr>
					</ns3:TrackPointExtension>
				</extensions>
			</trkpt>
			<trkpt lat="48.99236809" lon="2.33130607">
				<ele>97.69</ele>
				<time>2025-12-05T11:21:05Z</time>
				<extensions>
					<ns3:TrackPointExtension>
						<ns3:speed>1.36</ns3:speed>
						<ns3:cad>54.0</ns3:cad>
						<ns3:hr>139</ns3:hr>
					</ns3:TrackPointExtension>
				</extensions>
			</trkpt>
			<trkpt lat="48.99238075" lon="2.33130274">
				<ele>97.87</ele>
				<time>2025-12-05T11:21:06Z</time>
				<extensions>
					<ns3:TrackPointExtension>
						<ns3:speed>1.36</ns3:speed>
						<ns3:cad>54.0</ns3:cad>
						<ns3:hr>138</ns3:hr>
					</ns3:TrackPointExtension>
				</extensions>
			</trkpt>
			<trkpt lat="48.99239308" lon="2.33130241">
				<ele>98.05</ele>
				<time>2025-12-05T11:21:07Z</time>
				<extensions>
					<ns3:TrackPointExtension>
						<ns3:speed>1.36</ns3:speed>
						<ns3:cad>53.0</ns3:cad>
						<ns3:hr>138</ns3:hr>
					</ns3:TrackPointExtension>
				</extensions>
			</trkpt>
			<trkpt lat="48.99240308" lon="2.33130474">
				<ele>98.22</ele>
				<time>2025-12-05T11:21:08Z</time>
				<extensions>
					<ns3:TrackPointExtension>
						<ns3:speed>1.36</ns3:speed>
						<ns3:cad>53.0</ns3:cad>
						<ns3:hr>138</ns3:hr>
					</ns3:TrackPointExtension>
				</extensions>
			</trkpt>
			<trkpt lat="48.99241041" lon="2.33130673">
				<ele>98.41</ele>
				<time>2025-12-05T11:21:09Z</time>
				<extensions>
					<ns3:TrackPointExtension>
						<ns3:speed>1.36</ns3:speed>
						<ns3:cad>53.0</ns3:cad>
						<ns3:hr>138</ns3:hr>
					</ns3:TrackPointExtension>
				</extensions>
			</trkpt>
			<trkpt lat="48.99241574" lon="2.33130906">
				<ele>98.59</ele>
				<time>2025-12-05T11:21:10Z</time>
				<extensions>
					<ns3:TrackPointExtension>
						<ns3:speed>1.35</ns3:speed>
						<ns3:cad>52.0</ns3:cad>
						<ns3:hr>138</ns3:hr>
					</ns3:TrackPointExtension>
				</extensions>
			</trkpt>
			<trkpt lat="48.99241907" lon="2.33131139">
				<ele>98.75</ele>
				<time>2025-12-05T11:21:11Z</time>
				<extensions>
					<ns3:TrackPointExtension>
						<ns3:speed>1.34</ns3:speed>
						<ns3:cad>52.0</ns3:cad>
						<ns3:hr>139</ns3:hr>
					</ns3:TrackPointExtension>
				</extensions>
			</trkpt>
			<trkpt lat="48.99242273" lon="2.33131472">
				<ele>98.88</ele>
				<time>2025-12-05T11:21:12Z</time>
				<extensions>
					<ns3:TrackPointExtension>
						<ns3:speed>1.32</ns3:speed>
						<ns3:cad>51.0</ns3:cad>
						<ns3:hr>140</ns3:hr>
					</ns3:TrackPointExtension>
				</extensions>
			</trkpt>
			<trkpt lat="48.99242539" lon="2.33131871">
				<ele>99.01</ele>
				<time>2025-12-05T11:21:13Z</time>
				<extensions>
					<ns3:TrackPointExtension>
						<ns3:speed>0.95</ns3:speed>
						<ns3:cad>51.0</ns3:cad>
						<ns3:hr>139</ns3:hr>
					</ns3:TrackPointExtension>
				</extensions>
			</trkpt>
			<trkpt lat="48.99242972" lon="2.33132071">
				<ele>99.11</ele>
				<time>2025-12-05T11:21:14Z</time>
				<extensions>
					<ns3:TrackPointExtension>
						<ns3:speed>0.56</ns3:speed>
						<ns3:cad>51.0</ns3:cad>
						<ns3:hr>139</ns3:hr>
					</ns3:TrackPointExtension>
				</extensions>
			</trkpt>
			<trkpt lat="48.99243372" lon="2.33132304">
				<ele>99.21</ele>
				<time>2025-12-05T11:21:15Z</time>
				<extensions>
					<ns3:TrackPointExtension>
						<ns3:speed>0.5</ns3:speed>
						<ns3:cad>51.0</ns3:cad>
						<ns3:hr>138</ns3:hr>
					</ns3:TrackPointExtension>
				</extensions>
			</trkpt>
			<trkpt lat="48.99243771" lon="2.33132503">
				<ele>99.29</ele>
				<time>2025-12-05T11:21:16Z</time>
				<extensions>
					<ns3:TrackPointExtension>
						<ns3:speed>0.0</ns3:speed>
						<ns3:cad>0.0</ns3:cad>
						<ns3:hr>139</ns3:hr>
					</ns3:TrackPointExtension>
				</extensions>
			</trkpt>
			<trkpt lat="48.99243904" lon="2.33133036">
				<ele>99.36</ele>
				<time>2025-12-05T11:21:17Z</time>
				<extensions>
					<ns3:TrackPointExtension>
						<ns3:speed>0.0</ns3:speed>
						<ns3:cad>0.0</ns3:cad>
						<ns3:hr>138</ns3:hr>
					</ns3:TrackPointExtension>
				</extensions>
			</trkpt>
			<trkpt lat="48.99244137" lon="2.33132803">
				<ele>99.42</ele>
				<time>2025-12-05T11:21:18Z</time>
				<extensions>
					<ns3:TrackPointExtension>
						<ns3:speed>0.0</ns3:speed>
						<ns3:cad>44.0</ns3:cad>
						<ns3:hr>137</ns3:hr>
					</ns3:TrackPointExtension>
				</extensions>
			</trkpt>
			<trkpt lat="48.9924507" lon="2.33132337">
				<ele>99.48</ele>
				<time>2025-12-05T11:21:19Z</time>
				<extensions>
					<ns3:TrackPointExtension>
						<ns3:speed>0.0</ns3:speed>
						<ns3:cad>0.0</ns3:cad>
						<ns3:hr>137</ns3:hr>
					</ns3:TrackPointExtension>
				</extensions>
			</trkpt>
			<trkpt lat="48.9924617" lon="2.33131471">
				<ele>99.53</ele>
				<time>2025-12-05T11:21:20Z</time>
				<extensions>
					<ns3:TrackPointExtension>
						<ns3:speed>0.0</ns3:speed>
						<ns3:cad>54.0</ns3:cad>
						<ns3:hr>137</ns3:hr>
					</ns3:TrackPointExtension>
				</extensions>
			</trkpt>
			<trkpt lat="48.99247303" lon="2.33130271">
				<ele>99.59</ele>
				<time>2025-12-05T11:21:21Z</time>
				<extensions>
					<ns3:TrackPointExtension>
						<ns3:speed>0.48</ns3:speed>
						<ns3:cad>55.0</ns3:cad>
						<ns3:hr>137</ns3:hr>
					</ns3:TrackPointExtension>
				</extensions>
			</trkpt>
			<trkpt lat="48.99248436" lon="2.33128838">
				<ele>99.65</ele>
				<time>2025-12-05T11:21:22Z</time>
				<extensions>
					<ns3:TrackPointExtension>
						<ns3:speed>0.6</ns3:speed>
						<ns3:cad>56.0</ns3:cad>
						<ns3:hr>137</ns3:hr>
					</ns3:TrackPointExtension>
				</extensions>
			</trkpt>
			<trkpt lat="48.99249502" lon="2.33127138">
				<ele>99.65</ele>
				<time>2025-12-05T11:21:23Z</time>
				<extensions>
					<ns3:TrackPointExtension>
						<ns3:speed>0.75</ns3:speed>
						<ns3:cad>57.0</ns3:cad>
						<ns3:hr>136</ns3:hr>
					</ns3:TrackPointExtension>
				</extensions>
			</trkpt>
			<trkpt lat="48.99250501" lon="2.33125272">
				<ele>99.72</ele>
				<time>2025-12-05T11:21:24Z</time>
				<extensions>
					<ns3:TrackPointExtension>
						<ns3:speed>0.91</ns3:speed>
						<ns3:cad>58.0</ns3:cad>
						<ns3:hr>135</ns3:hr>
					</ns3:TrackPointExtension>
				</extensions>
			</trkpt>
			<trkpt lat="48.99251834" lon="2.33123139">
				<ele>99.85</ele>
				<time>2025-12-05T11:21:25Z</time>
				<extensions>
					<ns3:TrackPointExtension>
						<ns3:speed>1.07</ns3:speed>
						<ns3:cad>58.0</ns3:cad>
						<ns3:hr>135</ns3:hr>
					</ns3:TrackPointExtension>
				</extensions>
			</trkpt>
			<trkpt lat="48.992531" lon="2.33120673">
				<ele>99.92</ele>
				<time>2025-12-05T11:21:26Z</time>
				<extensions>
					<ns3:TrackPointExtension>
						<ns3:speed>1.16</ns3:speed>
						<ns3:cad>59.0</ns3:cad>
						<ns3:hr>135</ns3:hr>
					</ns3:TrackPointExtension>
				</extensions>
			</trkpt>
			<trkpt lat="48.992541" lon="2.33118207">
				<ele>100.0</ele>
				<time>2025-12-05T11:21:27Z</time>
				<extensions>
					<ns3:TrackPointExtension>
						<ns3:speed>1.25</ns3:speed>
						<ns3:cad>59.0</ns3:cad>
						<ns3:hr>135</ns3:hr>
					</ns3:TrackPointExtension>
				</extensions>
			</trkpt>
			<trkpt lat="48.99254933" lon="2.33115841">
				<ele>100.08</ele>
				<time>2025-12-05T11:21:28Z</time>
				<extensions>
					<ns3:TrackPointExtension>
						<ns3:speed>1.39</ns3:speed>
						<ns3:cad>60.0</ns3:cad>
						<ns3:hr>136</ns3:hr>
					</ns3:TrackPointExtension>
				</extensions>
			</trkpt>
			<trkpt lat="48.99255599" lon="2.33113441">
				<ele>100.16</ele>
				<time>2025-12-05T11:21:29Z</time>
				<extensions>
					<ns3:TrackPointExtension>
						<ns3:speed>1.5</ns3:speed>
						<ns3:cad>60.0</ns3:cad>
						<ns3:hr>136</ns3:hr>
					</ns3:TrackPointExtension>
				</extensions>
			</trkpt>
			<trkpt lat="48.99256198" lon="2.33111075">
				<ele>100.22</ele>
				<time>2025-12-05T11:21:30Z</time>
				<extensions>
					<ns3:TrackPointExtension>
						<ns3:speed>1.67</ns3:speed>
						<ns3:cad>60.0</ns3:cad>
						<ns3:hr>137</ns3:hr>
					</ns3:TrackPointExtension>
				</extensions>
			</trkpt>
			<trkpt lat="48.99256831" lon="2.33108709">
				<ele>100.29</ele>
				<time>2025-12-05T11:21:31Z</time>
				<extensions>
					<ns3:TrackPointExtension>
						<ns3:speed>1.78</ns3:speed>
						<ns3:cad>60.0</ns3:cad>
						<ns3:hr>136</ns3:hr>
					</ns3:TrackPointExtension>
				</extensions>
			</trkpt>
			<trkpt lat="48.99257497" lon="2.33106343">
				<ele>100.38</ele>
				<time>2025-12-05T11:21:32Z</time>
				<extensions>
					<ns3:TrackPointExtension>
						<ns3:speed>1.76</ns3:speed>
						<ns3:cad>60.0</ns3:cad>
						<ns3:hr>136</ns3:hr>
					</ns3:TrackPointExtension>
				</extensions>
			</trkpt>
			<trkpt lat="48.9925803" lon="2.3310391">
				<ele>100.46</ele>
				<time>2025-12-05T11:21:33Z</time>
				<extensions>
					<ns3:TrackPointExtension>
						<ns3:speed>1.75</ns3:speed>
						<ns3:cad>60.0</ns3:cad>
						<ns3:hr>137</ns3:hr>
					</ns3:TrackPointExtension>
				</extensions>
			</trkpt>
			<trkpt lat="48.9925853" lon="2.33101611">
				<ele>100.55</ele>
				<time>2025-12-05T11:21:34Z</time>
				<extensions>
					<ns3:TrackPointExtension>
						<ns3:speed>1.75</ns3:speed>
						<ns3:cad>60.0</ns3:cad>
						<ns3:hr>137</ns3:hr>
					</ns3:TrackPointExtension>
				</extensions>
			</trkpt>
			<trkpt lat="48.99259063" lon="2.33099345">
				<ele>100.63</ele>
				<time>2025-12-05T11:21:35Z</time>
				<extensions>
					<ns3:TrackPointExtension>
						<ns3:speed>1.74</ns3:speed>
						<ns3:cad>60.0</ns3:cad>
						<ns3:hr>137</ns3:hr>
					</ns3:TrackPointExtension>
				</extensions>
			</trkpt>
			<trkpt lat="48.99259562" lon="2.33097146">
				<ele>100.7</ele>
				<time>2025-12-05T11:21:36Z</time>
				<extensions>
					<ns3:TrackPointExtension>
						<ns3:speed>1.73</ns3:speed>
						<ns3:cad>60.0</ns3:cad>
						<ns3:hr>137</ns3:hr>
					</ns3:TrackPointExtension>
				</extensions>
			</trkpt>
			<trkpt lat="48.99260028" lon="2.33094947">
				<ele>100.79</ele>
				<time>2025-12-05T11:21:37Z</time>
				<extensions>
					<ns3:TrackPointExtension>
						<ns3:speed>1.7</ns3:speed>
						<ns3:cad>60.0</ns3:cad>
						<ns3:hr>136</ns3:hr>
					</ns3:TrackPointExtension>
				</extensions>
			</trkpt>
			<trkpt lat="48.99260561" lon="2.33092614">
				<ele>100.86</ele>
				<time>2025-12-05T11:21:38Z</time>
				<extensions>
					<ns3:TrackPointExtension>
						<ns3:speed>1.68</ns3:speed>
						<ns3:cad>60.0</ns3:cad>
						<ns3:hr>136</ns3:hr>
					</ns3:TrackPointExtension>
				</extensions>
			</trkpt>
			<trkpt lat="48.99260994" lon="2.33090314">
				<ele>100.94</ele>
				<time>2025-12-05T11:21:39Z</time>
				<extensions>
					<ns3:TrackPointExtension>
						<ns3:speed>1.67</ns3:speed>
						<ns3:cad>60.0</ns3:cad>
						<ns3:hr>136</ns3:hr>
					</ns3:TrackPointExtension>
				</extensions>
			</trkpt>
			<trkpt lat="48.99261394" lon="2.33088181">
				<ele>101.0</ele>
				<time>2025-12-05T11:21:40Z</time>
				<extensions>
					<ns3:TrackPointExtension>
						<ns3:speed>1.67</ns3:speed>
						<ns3:cad>59.0</ns3:cad>
						<ns3:hr>136</ns3:hr>
					</ns3:TrackPointExtension>
				</extensions>
			</trkpt>
			<trkpt lat="48.99261827" lon="2.33085982">
				<ele>101.1</ele>
				<time>2025-12-05T11:21:41Z</time>
				<extensions>
					<ns3:TrackPointExtension>
						<ns3:speed>1.66</ns3:speed>
						<ns3:cad>59.0</ns3:cad>
						<ns3:hr>136</ns3:hr>
					</ns3:TrackPointExtension>
				</extensions>
			</trkpt>
			<trkpt lat="48.99262293" lon="2.33083849">
				<ele>101.18</ele>
				<time>2025-12-05T11:21:42Z</time>
				<extensions>
					<ns3:TrackPointExtension>
						<ns3:speed>1.65</ns3:speed>
						<ns3:cad>59.0</ns3:cad>
						<ns3:hr>136</ns3:hr>
					</ns3:TrackPointExtension>
				</extensions>
			</trkpt>
			<trkpt lat="48.99262759" lon="2.3308175">
				<ele>101.25</ele>
				<time>2025-12-05T11:21:43Z</time>
				<extensions>
					<ns3:TrackPointExtension>
						<ns3:speed>1.64</ns3:speed>
						<ns3:cad>59.0</ns3:cad>
						<ns3:hr>135</ns3:hr>
					</ns3:TrackPointExtension>
				</extensions>
			</trkpt>
			<trkpt lat="48.99263292" lon="2.33079784">
				<ele>101.32</ele>
				<time>2025-12-05T11:21:44Z</time>
				<extensions>
					<ns3:TrackPointExtension>
						<ns3:speed>1.63</ns3:speed>
						<ns3:cad>59.0</ns3:cad>
						<ns3:hr>136</ns3:hr>
					</ns3:TrackPointExtension>
				</extensions>
			</trkpt>
			<trkpt lat="48.99263825" lon="2.33077885">
				<ele>101.39</ele>
				<time>2025-12-05T11:21:45Z</time>
				<extensions>
					<ns3:TrackPointExtension>
						<ns3:speed>1.62</ns3:speed>
						<ns3:cad>59.0</ns3:cad>
						<ns3:hr>136</ns3:hr>
					</ns3:TrackPointExtension>
				</extensions>
			</trkpt>
			<trkpt lat="48.99264424" lon="2.33075919">
				<ele>101.46</ele>
				<time>2025-12-05T11:21:46Z</time>
				<extensions>
					<ns3:TrackPointExtension>
						<ns3:speed>1.6</ns3:speed>
						<ns3:cad>59.0</ns3:cad>
						<ns3:hr>135</ns3:hr>
					</ns3:TrackPointExtension>
				</extensions>
			</trkpt>
			<trkpt lat="48.99265023" lon="2.33073953">
				<ele>101.53</ele>
				<time>2025-12-05T11:21:47Z</time>
				<extensions>
					<ns3:TrackPointExtension>
						<ns3:speed>1.58</ns3:speed>
						<ns3:cad>60.0</ns3:cad>
						<ns3:hr>134</ns3:hr>
					</ns3:TrackPointExtension>
				</extensions>
			</trkpt>
			<trkpt lat="48.99265756" lon="2.3307212">
				<ele>101.61</ele>
				<time>2025-12-05T11:21:48Z</time>
				<extensions>
					<ns3:TrackPointExtension>
						<ns3:speed>1.58</ns3:speed>
						<ns3:cad>60.0</ns3:cad>
						<ns3:hr>134</ns3:hr>
					</ns3:TrackPointExtension>
				</extensions>
			</trkpt>
			<trkpt lat="48.99266289" lon="2.33070187">
				<ele>101.69</ele>
				<time>2025-12-05T11:21:49Z</time>
				<extensions>
					<ns3:TrackPointExtension>
						<ns3:speed>1.61</ns3:speed>
						<ns3:cad>60.0</ns3:cad>
						<ns3:hr>135</ns3:hr>
					</ns3:TrackPointExtension>
				</extensions>
			</trkpt>
			<trkpt lat="48.99266955" lon="2.33068188">
				<ele>101.77</ele>
				<time>2025-12-05T11:21:50Z</time>
				<extensions>
					<ns3:TrackPointExtension>
						<ns3:speed>1.61</ns3:speed>
						<ns3:cad>59.0</ns3:cad>
						<ns3:hr>133</ns3:hr>
					</ns3:TrackPointExtension>
				</extensions>
			</trkpt>
			<trkpt lat="48.99267554" lon="2.33066155">
				<ele>101.84</ele>
				<time>2025-12-05T11:21:51Z</time>
				<extensions>
					<ns3:TrackPointExtension>
						<ns3:speed>1.61</ns3:speed>
						<ns3:cad>59.0</ns3:cad>
						<ns3:hr>132</ns3:hr>
					</ns3:TrackPointExtension>
				</extensions>
			</trkpt>
			<trkpt lat="48.9926812" lon="2.33064155">
				<ele>101.93</ele>
				<time>2025-12-05T11:21:52Z</time>
				<extensions>
					<ns3:TrackPointExtension>
						<ns3:speed>1.62</ns3:speed>
						<ns3:cad>59.0</ns3:cad>
						<ns3:hr>132</ns3:hr>
					</ns3:TrackPointExtension>
				</extensions>
			</trkpt>
			<trkpt lat="48.99268719" lon="2.33062156">
				<ele>102.01</ele>
				<time>2025-12-05T11:21:53Z</time>
				<extensions>
					<ns3:TrackPointExtension>
						<ns3:speed>1.62</ns3:speed>
						<ns3:cad>59.0</ns3:cad>
						<ns3:hr>131</ns3:hr>
					</ns3:TrackPointExtension>
				</extensions>
			</trkpt>
			<trkpt lat="48.99269219" lon="2.3306009">
				<ele>102.07</ele>
				<time>2025-12-05T11:21:54Z</time>
				<extensions>
					<ns3:TrackPointExtension>
						<ns3:speed>1.62</ns3:speed>
						<ns3:cad>59.0</ns3:cad>
						<ns3:hr>131</ns3:hr>
					</ns3:TrackPointExtension>
				</extensions>
			</trkpt>
			<trkpt lat="48.99269652" lon="2.33058057">
				<ele>102.13</ele>
				<time>2025-12-05T11:21:55Z</time>
				<extensions>
					<ns3:TrackPointExtension>
						<ns3:speed>1.6</ns3:speed>
						<ns3:cad>60.0</ns3:cad>
						<ns3:hr>130</ns3:hr>
					</ns3:TrackPointExtension>
				</extensions>
			</trkpt>
			<trkpt lat="48.99270185" lon="2.33056024">
				<ele>102.18</ele>
				<time>2025-12-05T11:21:56Z</time>
				<extensions>
					<ns3:TrackPointExtension>
						<ns3:speed>1.6</ns3:speed>
						<ns3:cad>60.0</ns3:cad>
						<ns3:hr>130</ns3:hr>
					</ns3:TrackPointExtension>
				</extensions>
			</trkpt>
			<trkpt lat="48.99270685" lon="2.33054024">
				<ele>102.23</ele>
				<time>2025-12-05T11:21:57Z</time>
				<extensions>
					<ns3:TrackPointExtension>
						<ns3:speed>1.6</ns3:speed>
						<ns3:cad>59.0</ns3:cad>
						<ns3:hr>130</ns3:hr>
					</ns3:TrackPointExtension>
				</extensions>
			</trkpt>
			<trkpt lat="48.99271151" lon="2.33051925">
				<ele>102.28</ele>
				<time>2025-12-05T11:21:58Z</time>
				<extensions>
					<ns3:TrackPointExtension>
						<ns3:speed>1.6</ns3:speed>
						<ns3:cad>59.0</ns3:cad>
						<ns3:hr>130</ns3:hr>
					</ns3:TrackPointExtension>
				</extensions>
			</trkpt>
			<trkpt lat="48.99271684" lon="2.33049759">
				<ele>102.35</ele>
				<time>2025-12-05T11:21:59Z</time>
				<extensions>
					<ns3:TrackPointExtension>
						<ns3:speed>1.6</ns3:speed>
						<ns3:cad>59.0</ns3:cad>
						<ns3:hr>130</ns3:hr>
					</ns3:TrackPointExtension>
				</extensions>
			</trkpt>
			<trkpt lat="48.99272117" lon="2.33047593">
				<ele>102.41</ele>
				<time>2025-12-05T11:22:00Z</time>
				<extensions>
					<ns3:TrackPointExtension>
						<ns3:speed>1.6</ns3:speed>
						<ns3:cad>59.0</ns3:cad>
						<ns3:hr>129</ns3:hr>
					</ns3:TrackPointExtension>
				</extensions>
			</trkpt>
			<trkpt lat="48.99272716" lon="2.3304536">
				<ele>102.48</ele>
				<time>2025-12-05T11:22:01Z</time>
				<extensions>
					<ns3:TrackPointExtension>
						<ns3:speed>1.6</ns3:speed>
						<ns3:cad>59.0</ns3:cad>
						<ns3:hr>129</ns3:hr>
					</ns3:TrackPointExtension>
				</extensions>
			</trkpt>
			<trkpt lat="48.99273149" lon="2.33043094">
				<ele>102.55</ele>
				<time>2025-12-05T11:22:02Z</time>
				<extensions>
					<ns3:TrackPointExtension>
						<ns3:speed>1.61</ns3:speed>
						<ns3:cad>59.0</ns3:cad>
						<ns3:hr>129</ns3:hr>
					</ns3:TrackPointExtension>
				</extensions>
			</trkpt>
			<trkpt lat="48.99273748" lon="2.33040994">
				<ele>102.63</ele>
				<time>2025-12-05T11:22:03Z</time>
				<extensions>
					<ns3:TrackPointExtension>
						<ns3:speed>1.61</ns3:speed>
						<ns3:cad>59.0</ns3:cad>
						<ns3:hr>128</ns3:hr>
					</ns3:TrackPointExtension>
				</extensions>
			</trkpt>
			<trkpt lat="48.99274081" lon="2.33038995">
				<ele>102.69</ele>
				<time>2025-12-05T11:22:04Z</time>
				<extensions>
					<ns3:TrackPointExtension>
						<ns3:speed>1.61</ns3:speed>
						<ns3:cad>59.0</ns3:cad>
						<ns3:hr>128</ns3:hr>
					</ns3:TrackPointExtension>
				</extensions>
			</trkpt>
			<trkpt lat="48.9927438" lon="2.33036995">
				<ele>102.74</ele>
				<time>2025-12-05T11:22:05Z</time>
				<extensions>
					<ns3:TrackPointExtension>
						<ns3:speed>1.61</ns3:speed>
						<ns3:cad>59.0</ns3:cad>
						<ns3:hr>128</ns3:hr>
					</ns3:TrackPointExtension>
				</extensions>
			</trkpt>
			<trkpt lat="48.99274813" lon="2.33034995">
				<ele>102.8</ele>
				<time>2025-12-05T11:22:06Z</time>
				<extensions>
					<ns3:TrackPointExtension>
						<ns3:speed>1.6</ns3:speed>
						<ns3:cad>58.0</ns3:cad>
						<ns3:hr>127</ns3:hr>
					</ns3:TrackPointExtension>
				</extensions>
			</trkpt>
			<trkpt lat="48.99275412" lon="2.33033129">
				<ele>102.87</ele>
				<time>2025-12-05T11:22:07Z</time>
				<extensions>
					<ns3:TrackPointExtension>
						<ns3:speed>1.6</ns3:speed>
						<ns3:cad>58.0</ns3:cad>
						<ns3:hr>126</ns3:hr>
					</ns3:TrackPointExtension>
				</extensions>
			</trkpt>
			<trkpt lat="48.99275811" lon="2.33031529">
				<ele>102.98</ele>
				<time>2025-12-05T11:22:08Z</time>
				<extensions>
					<ns3:TrackPointExtension>
						<ns3:speed>1.6</ns3:speed>
						<ns3:cad>58.0</ns3:cad>
						<ns3:hr>126</ns3:hr>
					</ns3:TrackPointExtension>
				</extensions>
			</trkpt>
			<trkpt lat="48.99276277" lon="2.3303013">
				<ele>103.08</ele>
				<time>2025-12-05T11:22:09Z</time>
				<extensions>
					<ns3:TrackPointExtension>
						<ns3:speed>1.59</ns3:speed>
						<ns3:cad>57.0</ns3:cad>
						<ns3:hr>126</ns3:hr>
					</ns3:TrackPointExtension>
				</extensions>
			</trkpt>
			<trkpt lat="48.99276743" lon="2.33029364">
				<ele>103.2</ele>
				<time>2025-12-05T11:22:10Z</time>
				<extensions>
					<ns3:TrackPointExtension>
						<ns3:speed>1.57</ns3:speed>
						<ns3:cad>56.0</ns3:cad>
						<ns3:hr>126</ns3:hr>
					</ns3:TrackPointExtension>
				</extensions>
			</trkpt>
			<trkpt lat="48.99277442" lon="2.33028898">
				<ele>103.31</ele>
				<time>2025-12-05T11:22:11Z</time>
				<extensions>
					<ns3:TrackPointExtension>
						<ns3:speed>1.56</ns3:speed>
						<ns3:cad>55.0</ns3:cad>
						<ns3:hr>125</ns3:hr>
					</ns3:TrackPointExtension>
				</extensions>
			</trkpt>
			<trkpt lat="48.99278242" lon="2.33028799">
				<ele>103.41</ele>
				<time>2025-12-05T11:22:12Z</time>
				<extensions>
					<ns3:TrackPointExtension>
						<ns3:speed>1.55</ns3:speed>
						<ns3:cad>53.0</ns3:cad>
						<ns3:hr>126</ns3:hr>
					</ns3:TrackPointExtension>
				</extensions>
			</trkpt>
			<trkpt lat="48.99279108" lon="2.33029065">
				<ele>103.51</ele>
				<time>2025-12-05T11:22:13Z</time>
				<extensions>
					<ns3:TrackPointExtension>
						<ns3:speed>1.53</ns3:speed>
						<ns3:cad>52.0</ns3:cad>
						<ns3:hr>126</ns3:hr>
					</ns3:TrackPointExtension>
				</extensions>
			</trkpt>
			<trkpt lat="48.99279974" lon="2.33029631">
				<ele>103.62</ele>
				<time>2025-12-05T11:22:14Z</time>
				<extensions>
					<ns3:TrackPointExtension>
						<ns3:speed>1.51</ns3:speed>
						<ns3:cad>50.0</ns3:cad>
						<ns3:hr>126</ns3:hr>
					</ns3:TrackPointExtension>
				</extensions>
			</trkpt>
			<trkpt lat="48.9928084" lon="2.33030397">
				<ele>103.71</ele>
				<time>2025-12-05T11:22:15Z</time>
				<extensions>
					<ns3:TrackPointExtension>
						<ns3:speed>1.5</ns3:speed>
						<ns3:cad>45.0</ns3:cad>
						<ns3:hr>126</ns3:hr>
					</ns3:TrackPointExtension>
				</extensions>
			</trkpt>
			<trkpt lat="48.99281606" lon="2.33031163">
				<ele>103.82</ele>
				<time>2025-12-05T11:22:16Z</time>
				<extensions>
					<ns3:TrackPointExtension>
						<ns3:speed>1.48</ns3:speed>
						<ns3:cad>44.0</ns3:cad>
						<ns3:hr>126</ns3:hr>
					</ns3:TrackPointExtension>
				</extensions>
			</trkpt>
			<trkpt lat="48.99282139" lon="2.33032163">
				<ele>103.95</ele>
				<time>2025-12-05T11:22:17Z</time>
				<extensions>
					<ns3:TrackPointExtension>
						<ns3:speed>1.46</ns3:speed>
						<ns3:cad>45.0</ns3:cad>
						<ns3:hr>126</ns3:hr>
					</ns3:TrackPointExtension>
				</extensions>
			</trkpt>
			<trkpt lat="48.99282405" lon="2.33033229">
				<ele>104.07</ele>
				<time>2025-12-05T11:22:18Z</time>
				<extensions>
					<ns3:TrackPointExtension>
						<ns3:speed>1.45</ns3:speed>
						<ns3:cad>46.0</ns3:cad>
						<ns3:hr>125</ns3:hr>
					</ns3:TrackPointExtension>
				</extensions>
			</trkpt>
			<trkpt lat="48.99282438" lon="2.33034162">
				<ele>104.19</ele>
				<time>2025-12-05T11:22:19Z</time>
				<extensions>
					<ns3:TrackPointExtension>
						<ns3:speed>1.43</ns3:speed>
						<ns3:cad>48.0</ns3:cad>
						<ns3:hr>126</ns3:hr>
					</ns3:TrackPointExtension>
				</extensions>
			</trkpt>
			<trkpt lat="48.99282571" lon="2.33034761">
				<ele>104.28</ele>
				<time>2025-12-05T11:22:20Z</time>
				<extensions>
					<ns3:TrackPointExtension>
						<ns3:speed>1.41</ns3:speed>
						<ns3:cad>49.0</ns3:cad>
						<ns3:hr>125</ns3:hr>
					</ns3:TrackPointExtension>
				</extensions>
			</trkpt>
			<trkpt lat="48.99282472" lon="2.33035294">
				<ele>104.37</ele>
				<time>2025-12-05T11:22:21Z</time>
				<extensions>
					<ns3:TrackPointExtension>
						<ns3:speed>0.0</ns3:speed>
						<ns3:cad>0.0</ns3:cad>
						<ns3:hr>125</ns3:hr>
					</ns3:TrackPointExtension>
				</extensions>
			</trkpt>
			<trkpt lat="48.99282339" lon="2.33035727">
				<ele>104.43</ele>
				<time>2025-12-05T11:22:22Z</time>
				<extensions>
					<ns3:TrackPointExtension>
						<ns3:speed>0.0</ns3:speed>
						<ns3:cad>0.0</ns3:cad>
						<ns3:hr>125</ns3:hr>
					</ns3:TrackPointExtension>
				</extensions>
			</trkpt>
			<trkpt lat="48.99282173" lon="2.33036026">
				<ele>104.49</ele>
				<time>2025-12-05T11:22:23Z</time>
				<extensions>
					<ns3:TrackPointExtension>
						<ns3:speed>0.0</ns3:speed>
						<ns3:cad>0.0</ns3:cad>
						<ns3:hr>126</ns3:hr>
					</ns3:TrackPointExtension>
				</extensions>
			</trkpt>
			<trkpt lat="48.99282073" lon="2.33036292">
				<ele>104.52</ele>
				<time>2025-12-05T11:22:24Z</time>
				<extensions>
					<ns3:TrackPointExtension>
						<ns3:speed>0.0</ns3:speed>
						<ns3:cad>0.0</ns3:cad>
						<ns3:hr>126</ns3:hr>
					</ns3:TrackPointExtension>
				</extensions>
			</trkpt>
			<trkpt lat="48.99282106" lon="2.33036458">
				<ele>104.53</ele>
				<time>2025-12-05T11:22:25Z</time>
				<extensions>
					<ns3:TrackPointExtension>
						<ns3:speed>0.0</ns3:speed>
						<ns3:cad>0.0</ns3:cad>
						<ns3:hr>126</ns3:hr>
					</ns3:TrackPointExtension>
				</extensions>
			</trkpt>
			<trkpt lat="48.99282106" lon="2.33036524">
				<ele>104.54</ele>
				<time>2025-12-05T11:22:26Z</time>
				<extensions>
					<ns3:TrackPointExtension>
						<ns3:speed>0.0</ns3:speed>
						<ns3:cad>0.0</ns3:cad>
						<ns3:hr>126</ns3:hr>
					</ns3:TrackPointExtension>
				</extensions>
			</trkpt>
			<trkpt lat="48.99282106" lon="2.3303659">
				<ele>104.55</ele>
				<time>2025-12-05T11:22:27Z</time>
				<extensions>
					<ns3:TrackPointExtension>
						<ns3:speed>0.0</ns3:speed>
						<ns3:cad>0.0</ns3:cad>
						<ns3:hr>126</ns3:hr>
					</ns3:TrackPointExtension>
				</extensions>
			</trkpt>
			<trkpt lat="48.99282106" lon="2.33036623">
				<ele>104.56</ele>
				<time>2025-12-05T11:22:28Z</time>
				<extensions>
					<ns3:TrackPointExtension>
						<ns3:speed>0.0</ns3:speed>
						<ns3:cad>0.0</ns3:cad>
						<ns3:hr>125</ns3:hr>
					</ns3:TrackPointExtension>
				</extensions>
			</trkpt>
			<trkpt lat="48.99282106" lon="2.33036656">
				<ele>104.57</ele>
				<time>2025-12-05T11:22:29Z</time>
				<extensions>
					<ns3:TrackPointExtension>
						<ns3:speed>0.0</ns3:speed>
						<ns3:cad>0.0</ns3:cad>
						<ns3:hr>124</ns3:hr>
					</ns3:TrackPointExtension>
				</extensions>
			</trkpt>
			<trkpt lat="48.99282172" lon="2.3303659">
				<ele>104.57</ele>
				<time>2025-12-05T11:22:30Z</time>
				<extensions>
					<ns3:TrackPointExtension>
						<ns3:speed>0.0</ns3:speed>
						<ns3:cad>0.0</ns3:cad>
						<ns3:hr>124</ns3:hr>
					</ns3:TrackPointExtension>
				</extensions>
			</trkpt>
			<trkpt lat="48.99282505" lon="2.33036424">
				<ele>104.58</ele>
				<time>2025-12-05T11:22:31Z</time>
				<extensions>
					<ns3:TrackPointExtension>
						<ns3:speed>0.0</ns3:speed>
						<ns3:cad>0.0</ns3:cad>
						<ns3:hr>124</ns3:hr>
					</ns3:TrackPointExtension>
				</extensions>
			</trkpt>
			<trkpt lat="48.99283138" lon="2.33035991">
				<ele>104.58</ele>
				<time>2025-12-05T11:22:32Z</time>
				<extensions>
					<ns3:TrackPointExtension>
						<ns3:speed>0.0</ns3:speed>
						<ns3:cad>0.0</ns3:cad>
						<ns3:hr>124</ns3:hr>
					</ns3:TrackPointExtension>
				</extensions>
			</trkpt>
			<trkpt lat="48.99284004" lon="2.33035325">
				<ele>104.6</ele>
				<time>2025-12-05T11:22:33Z</time>
				<extensions>
					<ns3:TrackPointExtension>
						<ns3:speed>1.17</ns3:speed>
						<ns3:cad>0.0</ns3:cad>
						<ns3:hr>124</ns3:hr>
					</ns3:TrackPointExtension>
				</extensions>
			</trkpt>
			<trkpt lat="48.9928497" lon="2.33034459">
				<ele>104.61</ele>
				<time>2025-12-05T11:22:34Z</time>
				<extensions>
					<ns3:TrackPointExtension>
						<ns3:speed>1.3</ns3:speed>
						<ns3:cad>0.0</ns3:cad>
						<ns3:hr>124</ns3:hr>
					</ns3:TrackPointExtension>
				</extensions>
			</trkpt>
			<trkpt lat="48.99285969" lon="2.33033426">
				<ele>104.61</ele>
				<time>2025-12-05T11:22:35Z</time>
				<extensions>
					<ns3:TrackPointExtension>
						<ns3:speed>1.36</ns3:speed>
						<ns3:cad>0.0</ns3:cad>
						<ns3:hr>123</ns3:hr>
					</ns3:TrackPointExtension>
				</extensions>
			</trkpt>
			<trkpt lat="48.99286669" lon="2.33031826">
				<ele>104.61</ele>
				<time>2025-12-05T11:22:36Z</time>
				<extensions>
					<ns3:TrackPointExtension>
						<ns3:speed>1.38</ns3:speed>
						<ns3:cad>61.0</ns3:cad>
						<ns3:hr>123</ns3:hr>
					</ns3:TrackPointExtension>
				</extensions>
			</trkpt>
			<trkpt lat="48.99287202" lon="2.33029693">
				<ele>104.61</ele>
				<time>2025-12-05T11:22:37Z</time>
				<extensions>
					<ns3:TrackPointExtension>
						<ns3:speed>1.38</ns3:speed>
						<ns3:cad>61.0</ns3:cad>
						<ns3:hr>123</ns3:hr>
					</ns3:TrackPointExtension>
				</extensions>
			</trkpt>
			<trkpt lat="48.99287568" lon="2.3302736">
				<ele>104.61</ele>
				<time>2025-12-05T11:22:38Z</time>
				<extensions>
					<ns3:TrackPointExtension>
						<ns3:speed>1.49</ns3:speed>
						<ns3:cad>61.0</ns3:cad>
						<ns3:hr>123</ns3:hr>
					</ns3:TrackPointExtension>
				</extensions>
			</trkpt>
			<trkpt lat="48.99287701" lon="2.33024961">
				<ele>104.58</ele>
				<time>2025-12-05T11:22:39Z</time>
				<extensions>
					<ns3:TrackPointExtension>
						<ns3:speed>1.59</ns3:speed>
						<ns3:cad>61.0</ns3:cad>
						<ns3:hr>123</ns3:hr>
					</ns3:TrackPointExtension>
				</extensions>
			</trkpt>
			<trkpt lat="48.99287734" lon="2.33022428">
				<ele>104.55</ele>
				<time>2025-12-05T11:22:40Z</time>
				<extensions>
					<ns3:TrackPointExtension>
						<ns3:speed>1.67</ns3:speed>
						<ns3:cad>61.0</ns3:cad>
						<ns3:hr>124</ns3:hr>
					</ns3:TrackPointExtension>
				</extensions>
			</trkpt>
			<trkpt lat="48.99287634" lon="2.33019929">
				<ele>104.55</ele>
				<time>2025-12-05T11:22:41Z</time>
				<extensions>
					<ns3:TrackPointExtension>
						<ns3:speed>1.74</ns3:speed>
						<ns3:cad>61.0</ns3:cad>
						<ns3:hr>125</ns3:hr>
					</ns3:TrackPointExtension>
				</extensions>
			</trkpt>
			<trkpt lat="48.99287435" lon="2.3301743">
				<ele>104.5</ele>
				<time>2025-12-05T11:22:42Z</time>
				<extensions>
					<ns3:TrackPointExtension>
						<ns3:speed>1.74</ns3:speed>
						<ns3:cad>62.0</ns3:cad>
						<ns3:hr>125</ns3:hr>
					</ns3:TrackPointExtension>
				</extensions>
			</trkpt>
			<trkpt lat="48.99287169" lon="2.3301493">
				<ele>104.47</ele>
				<time>2025-12-05T11:22:43Z</time>
				<extensions>
					<ns3:TrackPointExtension>
						<ns3:speed>1.73</ns3:speed>
						<ns3:cad>62.0</ns3:cad>
						<ns3:hr>125</ns3:hr>
					</ns3:TrackPointExtension>
				</extensions>
			</trkpt>
			<trkpt lat="48.99286936" lon="2.33012297">
				<ele>104.44</ele>
				<time>2025-12-05T11:22:44Z</time>
				<extensions>
					<ns3:TrackPointExtension>
						<ns3:speed>1.73</ns3:speed>
						<ns3:cad>62.0</ns3:cad>
						<ns3:hr>125</ns3:hr>
					</ns3:TrackPointExtension>
				</extensions>
			</trkpt>
			<trkpt lat="48.9928667" lon="2.33009631">
				<ele>104.41</ele>
				<time>2025-12-05T11:22:45Z</time>
				<extensions>
					<ns3:TrackPointExtension>
						<ns3:speed>1.77</ns3:speed>
						<ns3:cad>62.0</ns3:cad>
						<ns3:hr>125</ns3:hr>
					</ns3:TrackPointExtension>
				</extensions>
			</trkpt>
			<trkpt lat="48.99286437" lon="2.33007065">
				<ele>104.38</ele>
				<time>2025-12-05T11:22:46Z</time>
				<extensions>
					<ns3:TrackPointExtension>
						<ns3:speed>1.81</ns3:speed>
						<ns3:cad>62.0</ns3:cad>
						<ns3:hr>125</ns3:hr>
					</ns3:TrackPointExtension>
				</extensions>
			</trkpt>
			<trkpt lat="48.99286171" lon="2.33004499">
				<ele>104.35</ele>
				<time>2025-12-05T11:22:47Z</time>
				<extensions>
					<ns3:TrackPointExtension>
						<ns3:speed>1.84</ns3:speed>
						<ns3:cad>62.0</ns3:cad>
						<ns3:hr>125</ns3:hr>
					</ns3:TrackPointExtension>
				</extensions>
			</trkpt>
			<trkpt lat="48.99285905" lon="2.33001966">
				<ele>104.32</ele>
				<time>2025-12-05T11:22:48Z</time>
				<extensions>
					<ns3:TrackPointExtension>
						<ns3:speed>1.85</ns3:speed>
						<ns3:cad>62.0</ns3:cad>
						<ns3:hr>125</ns3:hr>
					</ns3:TrackPointExtension>
				</extensions>
			</trkpt>
			<trkpt lat="48.99285572" lon="2.329995">
				<ele>104.28</ele>
				<time>2025-12-05T11:22:49Z</time>
				<extensions>
					<ns3:TrackPointExtension>
						<ns3:speed>1.84</ns3:speed>
						<ns3:cad>62.0</ns3:cad>
						<ns3:hr>125</ns3:hr>
					</ns3:TrackPointExtension>
				</extensions>
			</trkpt>
			<trkpt lat="48.99285239" lon="2.32997101">
				<ele>104.25</ele>
				<time>2025-12-05T11:22:50Z</time>
				<extensions>
					<ns3:TrackPointExtension>
						<ns3:speed>1.83</ns3:speed>
						<ns3:cad>62.0</ns3:cad>
						<ns3:hr>125</ns3:hr>
					</ns3:TrackPointExtension>
				</extensions>
			</trkpt>
			<trkpt lat="48.9928494" lon="2.32994735">
				<ele>104.21</ele>
				<time>2025-12-05T11:22:51Z</time>
				<extensions>
					<ns3:TrackPointExtension>
						<ns3:speed>1.81</ns3:speed>
						<ns3:cad>62.0</ns3:cad>
						<ns3:hr>125</ns3:hr>
					</ns3:TrackPointExtension>
				</extensions>
			</trkpt>
			<trkpt lat="48.9928454" lon="2.32992402">
				<ele>104.16</ele>
				<time>2025-12-05T11:22:52Z</time>
				<extensions>
					<ns3:TrackPointExtension>
						<ns3:speed>1.79</ns3:speed>
						<ns3:cad>62.0</ns3:cad>
						<ns3:hr>125</ns3:hr>
					</ns3:TrackPointExtension>
				</extensions>
			</trkpt>
			<trkpt lat="48.99284307" lon="2.32990103">
				<ele>104.11</ele>
				<time>2025-12-05T11:22:53Z</time>
				<extensions>
					<ns3:TrackPointExtension>
						<ns3:speed>1.77</ns3:speed>
						<ns3:cad>62.0</ns3:cad>
						<ns3:hr>124</ns3:hr>
					</ns3:TrackPointExtension>
				</extensions>
			</trkpt>
			<trkpt lat="48.99284108" lon="2.32987803">
				<ele>104.11</ele>
				<time>2025-12-05T11:22:54Z</time>
				<extensions>
					<ns3:TrackPointExtension>
						<ns3:speed>1.76</ns3:speed>
						<ns3:cad>62.0</ns3:cad>
						<ns3:hr>124</ns3:hr>
					</ns3:TrackPointExtension>
				</extensions>
			</trkpt>
			<trkpt lat="48.99283908" lon="2.3298547">
				<ele>104.03</ele>
				<time>2025-12-05T11:22:55Z</time>
				<extensions>
					<ns3:TrackPointExtension>
						<ns3:speed>1.74</ns3:speed>
						<ns3:cad>62.0</ns3:cad>
						<ns3:hr>122</ns3:hr>
					</ns3:TrackPointExtension>
				</extensions>
			</trkpt>
			<trkpt lat="48.99283809" lon="2.3298317">
				<ele>103.98</ele>
				<time>2025-12-05T11:22:56Z</time>
				<extensions>
					<ns3:TrackPointExtension>
						<ns3:speed>1.73</ns3:speed>
						<ns3:cad>62.0</ns3:cad>
						<ns3:hr>122</ns3:hr>
					</ns3:TrackPointExtension>
				</extensions>
			</trkpt>
			<trkpt lat="48.99283743" lon="2.32981037">
				<ele>103.95</ele>
				<time>2025-12-05T11:22:57Z</time>
				<extensions>
					<ns3:TrackPointExtension>
						<ns3:speed>1.71</ns3:speed>
						<ns3:cad>61.0</ns3:cad>
						<ns3:hr>121</ns3:hr>
					</ns3:TrackPointExtension>
				</extensions>
			</trkpt>
			<trkpt lat="48.99283544" lon="2.32978904">
				<ele>103.91</ele>
				<time>2025-12-05T11:22:58Z</time>
				<extensions>
					<ns3:TrackPointExtension>
						<ns3:speed>1.69</ns3:speed>
						<ns3:cad>61.0</ns3:cad>
						<ns3:hr>122</ns3:hr>
					</ns3:TrackPointExtension>
				</extensions>
			</trkpt>
			<trkpt lat="48.99283444" lon="2.32976804">
				<ele>103.87</ele>
				<time>2025-12-05T11:22:59Z</time>
				<extensions>
					<ns3:TrackPointExtension>
						<ns3:speed>1.66</ns3:speed>
						<ns3:cad>60.0</ns3:cad>
						<ns3:hr>122</ns3:hr>
					</ns3:TrackPointExtension>
				</extensions>
			</trkpt>
			<trkpt lat="48.99283311" lon="2.32974671">
				<ele>103.84</ele>
				<time>2025-12-05T11:23:00Z</time>
				<extensions>
					<ns3:TrackPointExtension>
						<ns3:speed>1.62</ns3:speed>
						<ns3:cad>59.0</ns3:cad>
						<ns3:hr>123</ns3:hr>
					</ns3:TrackPointExtension>
				</extensions>
			</trkpt>
			<trkpt lat="48.99283178" lon="2.32972605">
				<ele>103.81</ele>
				<time>2025-12-05T11:23:01Z</time>
				<extensions>
					<ns3:TrackPointExtension>
						<ns3:speed>1.6</ns3:speed>
						<ns3:cad>59.0</ns3:cad>
						<ns3:hr>123</ns3:hr>
					</ns3:TrackPointExtension>
				</extensions>
			</trkpt>
			<trkpt lat="48.99283012" lon="2.32970572">
				<ele>103.79</ele>
				<time>2025-12-05T11:23:02Z</time>
				<extensions>
					<ns3:TrackPointExtension>
						<ns3:speed>1.58</ns3:speed>
						<ns3:cad>59.0</ns3:cad>
						<ns3:hr>123</ns3:hr>
					</ns3:TrackPointExtension>
				</extensions>
			</trkpt>
			<trkpt lat="48.99282846" lon="2.32968473">
				<ele>103.77</ele>
				<time>2025-12-05T11:23:03Z</time>
				<extensions>
					<ns3:TrackPointExtension>
						<ns3:speed>1.56</ns3:speed>
						<ns3:cad>59.0</ns3:cad>
						<ns3:hr>123</ns3:hr>
					</ns3:TrackPointExtension>
				</extensions>
			</trkpt>
			<trkpt lat="48.99282747" lon="2.3296644">
				<ele>103.74</ele>
				<time>2025-12-05T11:23:04Z</time>
				<extensions>
					<ns3:TrackPointExtension>
						<ns3:speed>1.56</ns3:speed>
						<ns3:cad>59.0</ns3:cad>
						<ns3:hr>123</ns3:hr>
					</ns3:TrackPointExtension>
				</extensions>
			</trkpt>
			<trkpt lat="48.99282647" lon="2.32964307">
				<ele>103.7</ele>
				<time>2025-12-05T11:23:05Z</time>
				<extensions>
					<ns3:TrackPointExtension>
						<ns3:speed>1.55</ns3:speed>
						<ns3:cad>59.0</ns3:cad>
						<ns3:hr>123</ns3:hr>
					</ns3:TrackPointExtension>
				</extensions>
			</trkpt>
			<trkpt lat="48.99282581" lon="2.32962108">
				<ele>103.67</ele>
				<time>2025-12-05T11:23:06Z</time>
				<extensions>
					<ns3:TrackPointExtension>
						<ns3:speed>1.55</ns3:speed>
						<ns3:cad>59.0</ns3:cad>
						<ns3:hr>123</ns3:hr>
					</ns3:TrackPointExtension>
				</extensions>
			</trkpt>
			<trkpt lat="48.99282448" lon="2.32959875">
				<ele>103.64</ele>
				<time>2025-12-05T11:23:07Z</time>
				<extensions>
					<ns3:TrackPointExtension>
						<ns3:speed>1.56</ns3:speed>
						<ns3:cad>59.0</ns3:cad>
						<ns3:hr>123</ns3:hr>
					</ns3:TrackPointExtension>
				</extensions>
			</trkpt>
			<trkpt lat="48.99282248" lon="2.32957676">
				<ele>103.62</ele>
				<time>2025-12-05T11:23:08Z</time>
				<extensions>
					<ns3:TrackPointExtension>
						<ns3:speed>1.58</ns3:speed>
						<ns3:cad>59.0</ns3:cad>
						<ns3:hr>123</ns3:hr>
					</ns3:TrackPointExtension>
				</extensions>
			</trkpt>
			<trkpt lat="48.99282082" lon="2.3295541">
				<ele>103.65</ele>
				<time>2025-12-05T11:23:09Z</time>
				<extensions>
					<ns3:TrackPointExtension>
						<ns3:speed>1.6</ns3:speed>
						<ns3:cad>60.0</ns3:cad>
						<ns3:hr>123</ns3:hr>
					</ns3:TrackPointExtension>
				</extensions>
			</trkpt>
			<trkpt lat="48.99282016" lon="2.3295311">
				<ele>103.69</ele>
				<time>2025-12-05T11:23:10Z</time>
				<extensions>
					<ns3:TrackPointExtension>
						<ns3:speed>1.6</ns3:speed>
						<ns3:cad>60.0</ns3:cad>
						<ns3:hr>123</ns3:hr>
					</ns3:TrackPointExtension>
				</extensions>
			</trkpt>
			<trkpt lat="48.99281917" lon="2.32950877">
				<ele>103.61</ele>
				<time>2025-12-05T11:23:11Z</time>
				<extensions>
					<ns3:TrackPointExtension>
						<ns3:speed>1.61</ns3:speed>
						<ns3:cad>60.0</ns3:cad>
						<ns3:hr>122</ns3:hr>
					</ns3:TrackPointExtension>
				</extensions>
			</trkpt>
			<trkpt lat="48.99282016" lon="2.32948644">
				<ele>103.55</ele>
				<time>2025-12-05T11:23:12Z</time>
				<extensions>
					<ns3:TrackPointExtension>
						<ns3:speed>1.61</ns3:speed>
						<ns3:cad>60.0</ns3:cad>
						<ns3:hr>121</ns3:hr>
					</ns3:TrackPointExtension>
				</extensions>
			</trkpt>
			<trkpt lat="48.99282116" lon="2.32946478">
				<ele>103.5</ele>
				<time>2025-12-05T11:23:13Z</time>
				<extensions>
					<ns3:TrackPointExtension>
						<ns3:speed>1.61</ns3:speed>
						<ns3:cad>60.0</ns3:cad>
						<ns3:hr>121</ns3:hr>
					</ns3:TrackPointExtension>
				</extensions>
			</trkpt>
			<trkpt lat="48.99282449" lon="2.32944579">
				<ele>103.46</ele>
				<time>2025-12-05T11:23:14Z</time>
				<extensions>
					<ns3:TrackPointExtension>
						<ns3:speed>1.61</ns3:speed>
						<ns3:cad>60.0</ns3:cad>
						<ns3:hr>120</ns3:hr>
					</ns3:TrackPointExtension>
				</extensions>
			</trkpt>
			<trkpt lat="48.99283115" lon="2.32943213">
				<ele>103.45</ele>
				<time>2025-12-05T11:23:15Z</time>
				<extensions>
					<ns3:TrackPointExtension>
						<ns3:speed>1.61</ns3:speed>
						<ns3:cad>59.0</ns3:cad>
						<ns3:hr>119</ns3:hr>
					</ns3:TrackPointExtension>
				</extensions>
			</trkpt>
			<trkpt lat="48.99284248" lon="2.32942813">
				<ele>103.46</ele>
				<time>2025-12-05T11:23:16Z</time>
				<extensions>
					<ns3:TrackPointExtension>
						<ns3:speed>1.61</ns3:speed>
						<ns3:cad>59.0</ns3:cad>
						<ns3:hr>118</ns3:hr>
					</ns3:TrackPointExtension>
				</extensions>
			</trkpt>
			<trkpt lat="48.99285548" lon="2.32943146">
				<ele>103.48</ele>
				<time>2025-12-05T11:23:17Z</time>
				<extensions>
					<ns3:TrackPointExtension>
						<ns3:speed>1.6</ns3:speed>
						<ns3:cad>58.0</ns3:cad>
						<ns3:hr>116</ns3:hr>
					</ns3:TrackPointExtension>
				</extensions>
			</trkpt>
			<trkpt lat="48.99286648" lon="2.32944012">
				<ele>103.53</ele>
				<time>2025-12-05T11:23:18Z</time>
				<extensions>
					<ns3:TrackPointExtension>
						<ns3:speed>1.59</ns3:speed>
						<ns3:cad>57.0</ns3:cad>
						<ns3:hr>116</ns3:hr>
					</ns3:TrackPointExtension>
				</extensions>
			</trkpt>
			<trkpt lat="48.99287581" lon="2.32945145">
				<ele>103.62</ele>
				<time>2025-12-05T11:23:19Z</time>
				<extensions>
					<ns3:TrackPointExtension>
						<ns3:speed>1.58</ns3:speed>
						<ns3:cad>56.0</ns3:cad>
						<ns3:hr>115</ns3:hr>
					</ns3:TrackPointExtension>
				</extensions>
			</trkpt>
			<trkpt lat="48.99288381" lon="2.32946478">
				<ele>103.76</ele>
				<time>2025-12-05T11:23:20Z</time>
				<extensions>
					<ns3:TrackPointExtension>
						<ns3:speed>1.57</ns3:speed>
						<ns3:cad>54.0</ns3:cad>
						<ns3:hr>114</ns3:hr>
					</ns3:TrackPointExtension>
				</extensions>
			</trkpt>
			<trkpt lat="48.99289147" lon="2.32947911">
				<ele>103.9</ele>
				<time>2025-12-05T11:23:21Z</time>
				<extensions>
					<ns3:TrackPointExtension>
						<ns3:speed>1.57</ns3:speed>
						<ns3:cad>54.0</ns3:cad>
						<ns3:hr>114</ns3:hr>
					</ns3:TrackPointExtension>
				</extensions>
			</trkpt>
			<trkpt lat="48.99289813" lon="2.32949544">
				<ele>104.03</ele>
				<time>2025-12-05T11:23:22Z</time>
				<extensions>
					<ns3:TrackPointExtension>
						<ns3:speed>1.56</ns3:speed>
						<ns3:cad>53.0</ns3:cad>
						<ns3:hr>114</ns3:hr>
					</ns3:TrackPointExtension>
				</extensions>
			</trkpt>
			<trkpt lat="48.99290412" lon="2.32951277">
				<ele>104.15</ele>
				<time>2025-12-05T11:23:23Z</time>
				<extensions>
					<ns3:TrackPointExtension>
						<ns3:speed>1.56</ns3:speed>
						<ns3:cad>54.0</ns3:cad>
						<ns3:hr>114</ns3:hr>
					</ns3:TrackPointExtension>
				</extensions>
			</trkpt>
			<trkpt lat="48.99291078" lon="2.32952843">
				<ele>104.28</ele>
				<time>2025-12-05T11:23:24Z</time>
				<extensions>
					<ns3:TrackPointExtension>
						<ns3:speed>1.55</ns3:speed>
						<ns3:cad>54.0</ns3:cad>
						<ns3:hr>114</ns3:hr>
					</ns3:TrackPointExtension>
				</extensions>
			</trkpt>
			<trkpt lat="48.99291878" lon="2.32954376">
				<ele>104.43</ele>
				<time>2025-12-05T11:23:25Z</time>
				<extensions>
					<ns3:TrackPointExtension>
						<ns3:speed>1.55</ns3:speed>
						<ns3:cad>55.0</ns3:cad>
						<ns3:hr>114</ns3:hr>
					</ns3:TrackPointExtension>
				</extensions>
			</trkpt>
			<trkpt lat="48.99292777" lon="2.32955909">
				<ele>104.62</ele>
				<time>2025-12-05T11:23:26Z</time>
				<extensions>
					<ns3:TrackPointExtension>
						<ns3:speed>1.54</ns3:speed>
						<ns3:cad>55.0</ns3:cad>
						<ns3:hr>114</ns3:hr>
					</ns3:TrackPointExtension>
				</extensions>
			</trkpt>
			<trkpt lat="48.9929371" lon="2.32957475">
				<ele>104.79</ele>
				<time>2025-12-05T11:23:27Z</time>
				<extensions>
					<ns3:TrackPointExtension>
						<ns3:speed>1.54</ns3:speed>
						<ns3:cad>56.0</ns3:cad>
						<ns3:hr>115</ns3:hr>
					</ns3:TrackPointExtension>
				</extensions>
			</trkpt>
			<trkpt lat="48.99294609" lon="2.32959075">
				<ele>104.96</ele>
				<time>2025-12-05T11:23:28Z</time>
				<extensions>
					<ns3:TrackPointExtension>
						<ns3:speed>1.54</ns3:speed>
						<ns3:cad>56.0</ns3:cad>
						<ns3:hr>117</ns3:hr>
					</ns3:TrackPointExtension>
				</extensions>
			</trkpt>
			<trkpt lat="48.99295542" lon="2.32960608">
				<ele>105.12</ele>
				<time>2025-12-05T11:23:29Z</time>
				<extensions>
					<ns3:TrackPointExtension>
						<ns3:speed>1.54</ns3:speed>
						<ns3:cad>56.0</ns3:cad>
						<ns3:hr>117</ns3:hr>
					</ns3:TrackPointExtension>
				</extensions>
			</trkpt>
			<trkpt lat="48.99296575" lon="2.32962041">
				<ele>105.29</ele>
				<time>2025-12-05T11:23:30Z</time>
				<extensions>
					<ns3:TrackPointExtension>
						<ns3:speed>1.54</ns3:speed>
						<ns3:cad>56.0</ns3:cad>
						<ns3:hr>119</ns3:hr>
					</ns3:TrackPointExtension>
				</extensions>
			</trkpt>
			<trkpt lat="48.99297641" lon="2.32963507">
				<ele>105.45</ele>
				<time>2025-12-05T11:23:31Z</time>
				<extensions>
					<ns3:TrackPointExtension>
						<ns3:speed>1.53</ns3:speed>
						<ns3:cad>56.0</ns3:cad>
						<ns3:hr>121</ns3:hr>
					</ns3:TrackPointExtension>
				</extensions>
			</trkpt>
			<trkpt lat="48.99298707" lon="2.3296484">
				<ele>105.59</ele>
				<time>2025-12-05T11:23:32Z</time>
				<extensions>
					<ns3:TrackPointExtension>
						<ns3:speed>1.53</ns3:speed>
						<ns3:cad>57.0</ns3:cad>
						<ns3:hr>121</ns3:hr>
					</ns3:TrackPointExtension>
				</extensions>
			</trkpt>
			<trkpt lat="48.9929974" lon="2.32965906">
				<ele>105.59</ele>
				<time>2025-12-05T11:23:33Z</time>
				<extensions>
					<ns3:TrackPointExtension>
						<ns3:speed>1.53</ns3:speed>
						<ns3:cad>57.0</ns3:cad>
						<ns3:hr>121</ns3:hr>
					</ns3:TrackPointExtension>
				</extensions>
			</trkpt>
			<trkpt lat="48.99300673" lon="2.32966939">
				<ele>105.74</ele>
				<time>2025-12-05T11:23:34Z</time>
				<extensions>
					<ns3:TrackPointExtension>
						<ns3:speed>1.53</ns3:speed>
						<ns3:cad>56.0</ns3:cad>
						<ns3:hr>123</ns3:hr>
					</ns3:TrackPointExtension>
				</extensions>
			</trkpt>
			<trkpt lat="48.99301506" lon="2.32968172">
				<ele>105.9</ele>
				<time>2025-12-05T11:23:35Z</time>
				<extensions>
					<ns3:TrackPointExtension>
						<ns3:speed>1.53</ns3:speed>
						<ns3:cad>56.0</ns3:cad>
						<ns3:hr>123</ns3:hr>
					</ns3:TrackPointExtension>
				</extensions>
			</trkpt>
			<trkpt lat="48.99302339" lon="2.32969638">
				<ele>105.9</ele>
				<time>2025-12-05T11:23:36Z</time>
				<extensions>
					<ns3:TrackPointExtension>
						<ns3:speed>1.52</ns3:speed>
						<ns3:cad>57.0</ns3:cad>
						<ns3:hr>122</ns3:hr>
					</ns3:TrackPointExtension>
				</extensions>
			</trkpt>
			<trkpt lat="48.99303105" lon="2.32971304">
				<ele>106.24</ele>
				<time>2025-12-05T11:23:37Z</time>
				<extensions>
					<ns3:TrackPointExtension>
						<ns3:speed>1.52</ns3:speed>
						<ns3:cad>53.0</ns3:cad>
						<ns3:hr>122</ns3:hr>
					</ns3:TrackPointExtension>
				</extensions>
			</trkpt>
			<trkpt lat="48.99303838" lon="2.32972937">
				<ele>106.41</ele>
				<time>2025-12-05T11:23:38Z</time>
				<extensions>
					<ns3:TrackPointExtension>
						<ns3:speed>1.51</ns3:speed>
						<ns3:cad>52.0</ns3:cad>
						<ns3:hr>121</ns3:hr>
					</ns3:TrackPointExtension>
				</extensions>
			</trkpt>
			<trkpt lat="48.99304604" lon="2.3297437">
				<ele>106.59</ele>
				<time>2025-12-05T11:23:39Z</time>
				<extensions>
					<ns3:TrackPointExtension>
						<ns3:speed>1.51</ns3:speed>
						<ns3:cad>53.0</ns3:cad>
						<ns3:hr>120</ns3:hr>
					</ns3:TrackPointExtension>
				</extensions>
			</trkpt>
			<trkpt lat="48.9930567" lon="2.32975536">
				<ele>106.76</ele>
				<time>2025-12-05T11:23:40Z</time>
				<extensions>
					<ns3:TrackPointExtension>
						<ns3:speed>1.5</ns3:speed>
						<ns3:cad>58.0</ns3:cad>
						<ns3:hr>120</ns3:hr>
					</ns3:TrackPointExtension>
				</extensions>
			</trkpt>
			<trkpt lat="48.9930697" lon="2.32976202">
				<ele>106.91</ele>
				<time>2025-12-05T11:23:41Z</time>
				<extensions>
					<ns3:TrackPointExtension>
						<ns3:speed>1.5</ns3:speed>
						<ns3:cad>57.0</ns3:cad>
						<ns3:hr>120</ns3:hr>
					</ns3:TrackPointExtension>
				</extensions>
			</trkpt>
			<trkpt lat="48.99308436" lon="2.32976402">
				<ele>107.05</ele>
				<time>2025-12-05T11:23:42Z</time>
				<extensions>
					<ns3:TrackPointExtension>
						<ns3:speed>1.5</ns3:speed>
						<ns3:cad>57.0</ns3:cad>
						<ns3:hr>119</ns3:hr>
					</ns3:TrackPointExtension>
				</extensions>
			</trkpt>
			<trkpt lat="48.99309969" lon="2.32976302">
				<ele>107.21</ele>
				<time>2025-12-05T11:23:43Z</time>
				<extensions>
					<ns3:TrackPointExtension>
						<ns3:speed>1.49</ns3:speed>
						<ns3:cad>56.0</ns3:cad>
						<ns3:hr>120</ns3:hr>
					</ns3:TrackPointExtension>
				</extensions>
			</trkpt>
			<trkpt lat="48.99311568" lon="2.32975969">
				<ele>107.4</ele>
				<time>2025-12-05T11:23:44Z</time>
				<extensions>
					<ns3:TrackPointExtension>
						<ns3:speed>1.49</ns3:speed>
						<ns3:cad>56.0</ns3:cad>
						<ns3:hr>120</ns3:hr>
					</ns3:TrackPointExtension>
				</extensions>
			</trkpt>
			<trkpt lat="48.99313068" lon="2.32975603">
				<ele>107.58</ele>
				<time>2025-12-05T11:23:45Z</time>
				<extensions>
					<ns3:TrackPointExtension>
						<ns3:speed>1.5</ns3:speed>
						<ns3:cad>56.0</ns3:cad>
						<ns3:hr>120</ns3:hr>
					</ns3:TrackPointExtension>
				</extensions>
			</trkpt>
			<trkpt lat="48.99314534" lon="2.3297537">
				<ele>107.76</ele>
				<time>2025-12-05T11:23:46Z</time>
				<extensions>
					<ns3:TrackPointExtension>
						<ns3:speed>1.5</ns3:speed>
						<ns3:cad>56.0</ns3:cad>
						<ns3:hr>120</ns3:hr>
					</ns3:TrackPointExtension>
				</extensions>
			</trkpt>
			<trkpt lat="48.99316033" lon="2.32975137">
				<ele>107.92</ele>
				<time>2025-12-05T11:23:47Z</time>
				<extensions>
					<ns3:TrackPointExtension>
						<ns3:speed>1.5</ns3:speed>
						<ns3:cad>56.0</ns3:cad>
						<ns3:hr>120</ns3:hr>
					</ns3:TrackPointExtension>
				</extensions>
			</trkpt>
			<trkpt lat="48.99317599" lon="2.32975004">
				<ele>108.1</ele>
				<time>2025-12-05T11:23:48Z</time>
				<extensions>
					<ns3:TrackPointExtension>
						<ns3:speed>1.5</ns3:speed>
						<ns3:cad>56.0</ns3:cad>
						<ns3:hr>120</ns3:hr>
					</ns3:TrackPointExtension>
				</extensions>
			</trkpt>
			<trkpt lat="48.99319065" lon="2.32974871">
				<ele>108.29</ele>
				<time>2025-12-05T11:23:49Z</time>
				<extensions>
					<ns3:TrackPointExtension>
						<ns3:speed>1.51</ns3:speed>
						<ns3:cad>56.0</ns3:cad>
						<ns3:hr>120</ns3:hr>
					</ns3:TrackPointExtension>
				</extensions>
			</trkpt>
			<trkpt lat="48.99320564" lon="2.32974738">
				<ele>108.46</ele>
				<time>2025-12-05T11:23:50Z</time>
				<extensions>
					<ns3:TrackPointExtension>
						<ns3:speed>1.56</ns3:speed>
						<ns3:cad>57.0</ns3:cad>
						<ns3:hr>119</ns3:hr>
					</ns3:TrackPointExtension>
				</extensions>
			</trkpt>
			<trkpt lat="48.99321964" lon="2.32974572">
				<ele>108.64</ele>
				<time>2025-12-05T11:23:51Z</time>
				<extensions>
					<ns3:TrackPointExtension>
						<ns3:speed>1.61</ns3:speed>
						<ns3:cad>57.0</ns3:cad>
						<ns3:hr>119</ns3:hr>
					</ns3:TrackPointExtension>
				</extensions>
			</trkpt>
			<trkpt lat="48.99323364" lon="2.32974239">
				<ele>108.8</ele>
				<time>2025-12-05T11:23:52Z</time>
				<extensions>
					<ns3:TrackPointExtension>
						<ns3:speed>1.59</ns3:speed>
						<ns3:cad>58.0</ns3:cad>
						<ns3:hr>121</ns3:hr>
					</ns3:TrackPointExtension>
				</extensions>
			</trkpt>
			<trkpt lat="48.99324597" lon="2.32973806">
				<ele>108.96</ele>
				<time>2025-12-05T11:23:53Z</time>
				<extensions>
					<ns3:TrackPointExtension>
						<ns3:speed>1.56</ns3:speed>
						<ns3:cad>58.0</ns3:cad>
						<ns3:hr>121</ns3:hr>
					</ns3:TrackPointExtension>
				</extensions>
			</trkpt>
			<trkpt lat="48.9932593" lon="2.32973607">
				<ele>109.12</ele>
				<time>2025-12-05T11:23:54Z</time>
				<extensions>
					<ns3:TrackPointExtension>
						<ns3:speed>1.53</ns3:speed>
						<ns3:cad>58.0</ns3:cad>
						<ns3:hr>121</ns3:hr>
					</ns3:TrackPointExtension>
				</extensions>
			</trkpt>
			<trkpt lat="48.99327263" lon="2.3297384">
				<ele>109.29</ele>
				<time>2025-12-05T11:23:55Z</time>
				<extensions>
					<ns3:TrackPointExtension>
						<ns3:speed>1.5</ns3:speed>
						<ns3:cad>58.0</ns3:cad>
						<ns3:hr>121</ns3:hr>
					</ns3:TrackPointExtension>
				</extensions>
			</trkpt>
			<trkpt lat="48.99328462" lon="2.3297384">
				<ele>109.46</ele>
				<time>2025-12-05T11:23:56Z</time>
				<extensions>
					<ns3:TrackPointExtension>
						<ns3:speed>1.47</ns3:speed>
						<ns3:cad>58.0</ns3:cad>
						<ns3:hr>121</ns3:hr>
					</ns3:TrackPointExtension>
				</extensions>
			</trkpt>
			<trkpt lat="48.99329595" lon="2.32973774">
				<ele>109.65</ele>
				<time>2025-12-05T11:23:57Z</time>
				<extensions>
					<ns3:TrackPointExtension>
						<ns3:speed>1.45</ns3:speed>
						<ns3:cad>58.0</ns3:cad>
						<ns3:hr>122</ns3:hr>
					</ns3:TrackPointExtension>
				</extensions>
			</trkpt>
			<trkpt lat="48.99330728" lon="2.32973807">
				<ele>109.83</ele>
				<time>2025-12-05T11:23:58Z</time>
				<extensions>
					<ns3:TrackPointExtension>
						<ns3:speed>1.37</ns3:speed>
						<ns3:cad>58.0</ns3:cad>
						<ns3:hr>121</ns3:hr>
					</ns3:TrackPointExtension>
				</extensions>
			</trkpt>
			<trkpt lat="48.99331861" lon="2.32973873">
				<ele>110.03</ele>
				<time>2025-12-05T11:23:59Z</time>
				<extensions>
					<ns3:TrackPointExtension>
						<ns3:speed>1.35</ns3:speed>
						<ns3:cad>58.0</ns3:cad>
						<ns3:hr>122</ns3:hr>
					</ns3:TrackPointExtension>
				</extensions>
			</trkpt>
			<trkpt lat="48.99333094" lon="2.32974006">
				<ele>110.22</ele>
				<time>2025-12-05T11:24:00Z</time>
				<extensions>
					<ns3:TrackPointExtension>
						<ns3:speed>1.35</ns3:speed>
						<ns3:cad>58.0</ns3:cad>
						<ns3:hr>122</ns3:hr>
					</ns3:TrackPointExtension>
				</extensions>
			</trkpt>
			<trkpt lat="48.9933436" lon="2.32974072">
				<ele>110.44</ele>
				<time>2025-12-05T11:24:01Z</time>
				<extensions>
					<ns3:TrackPointExtension>
						<ns3:speed>1.37</ns3:speed>
						<ns3:cad>57.0</ns3:cad>
						<ns3:hr>124</ns3:hr>
					</ns3:TrackPointExtension>
				</extensions>
			</trkpt>
			<trkpt lat="48.99335593" lon="2.32974072">
				<ele>110.64</ele>
				<time>2025-12-05T11:24:02Z</time>
				<extensions>
					<ns3:TrackPointExtension>
						<ns3:speed>1.39</ns3:speed>
						<ns3:cad>57.0</ns3:cad>
						<ns3:hr>124</ns3:hr>
					</ns3:TrackPointExtension>
				</extensions>
			</trkpt>
			<trkpt lat="48.99336726" lon="2.32973906">
				<ele>110.87</ele>
				<time>2025-12-05T11:24:03Z</time>
				<extensions>
					<ns3:TrackPointExtension>
						<ns3:speed>1.39</ns3:speed>
						<ns3:cad>56.0</ns3:cad>
						<ns3:hr>125</ns3:hr>
					</ns3:TrackPointExtension>
				</extensions>
			</trkpt>
			<trkpt lat="48.99337859" lon="2.32973806">
				<ele>111.11</ele>
				<time>2025-12-05T11:24:04Z</time>
				<extensions>
					<ns3:TrackPointExtension>
						<ns3:speed>1.37</ns3:speed>
						<ns3:cad>55.0</ns3:cad>
						<ns3:hr>127</ns3:hr>
					</ns3:TrackPointExtension>
				</extensions>
			</trkpt>
			<trkpt lat="48.99339025" lon="2.32973906">
				<ele>111.3</ele>
				<time>2025-12-05T11:24:05Z</time>
				<extensions>
					<ns3:TrackPointExtension>
						<ns3:speed>1.34</ns3:speed>
						<ns3:cad>54.0</ns3:cad>
						<ns3:hr>127</ns3:hr>
					</ns3:TrackPointExtension>
				</extensions>
			</trkpt>
			<trkpt lat="48.99340191" lon="2.32974339">
				<ele>111.52</ele>
				<time>2025-12-05T11:24:06Z</time>
				<extensions>
					<ns3:TrackPointExtension>
						<ns3:speed>1.34</ns3:speed>
						<ns3:cad>54.0</ns3:cad>
						<ns3:hr>129</ns3:hr>
					</ns3:TrackPointExtension>
				</extensions>
			</trkpt>
			<trkpt lat="48.99341291" lon="2.32974872">
				<ele>111.52</ele>
				<time>2025-12-05T11:24:07Z</time>
				<extensions>
					<ns3:TrackPointExtension>
						<ns3:speed>1.34</ns3:speed>
						<ns3:cad>54.0</ns3:cad>
						<ns3:hr>130</ns3:hr>
					</ns3:TrackPointExtension>
				</extensions>
			</trkpt>
			<trkpt lat="48.99342424" lon="2.32975671">
				<ele>111.74</ele>
				<time>2025-12-05T11:24:08Z</time>
				<extensions>
					<ns3:TrackPointExtension>
						<ns3:speed>1.34</ns3:speed>
						<ns3:cad>53.0</ns3:cad>
						<ns3:hr>130</ns3:hr>
					</ns3:TrackPointExtension>
				</extensions>
			</trkpt>
			<trkpt lat="48.99343623" lon="2.3297627">
				<ele>111.98</ele>
				<time>2025-12-05T11:24:09Z</time>
				<extensions>
					<ns3:TrackPointExtension>
						<ns3:speed>1.33</ns3:speed>
						<ns3:cad>53.0</ns3:cad>
						<ns3:hr>130</ns3:hr>
					</ns3:TrackPointExtension>
				</extensions>
			</trkpt>
			<trkpt lat="48.99344789" lon="2.32976503">
				<ele>112.24</ele>
				<time>2025-12-05T11:24:10Z</time>
				<extensions>
					<ns3:TrackPointExtension>
						<ns3:speed>1.33</ns3:speed>
						<ns3:cad>53.0</ns3:cad>
						<ns3:hr>130</ns3:hr>
					</ns3:TrackPointExtension>
				</extensions>
			</trkpt>
			<trkpt lat="48.99346122" lon="2.32976836">
				<ele>112.24</ele>
				<time>2025-12-05T11:24:11Z</time>
				<extensions>
					<ns3:TrackPointExtension>
						<ns3:speed>1.34</ns3:speed>
						<ns3:cad>58.0</ns3:cad>
						<ns3:hr>131</ns3:hr>
					</ns3:TrackPointExtension>
				</extensions>
			</trkpt>
			<trkpt lat="48.99347422" lon="2.32977302">
				<ele>112.74</ele>
				<time>2025-12-05T11:24:12Z</time>
				<extensions>
					<ns3:TrackPointExtension>
						<ns3:speed>1.36</ns3:speed>
						<ns3:cad>58.0</ns3:cad>
						<ns3:hr>131</ns3:hr>
					</ns3:TrackPointExtension>
				</extensions>
			</trkpt>
			<trkpt lat="48.99348755" lon="2.32977901">
				<ele>113.02</ele>
				<time>2025-12-05T11:24:13Z</time>
				<extensions>
					<ns3:TrackPointExtension>
						<ns3:speed>1.37</ns3:speed>
						<ns3:cad>58.0</ns3:cad>
						<ns3:hr>131</ns3:hr>
					</ns3:TrackPointExtension>
				</extensions>
			</trkpt>
			<trkpt lat="48.99350221" lon="2.329787">
				<ele>113.26</ele>
				<time>2025-12-05T11:24:14Z</time>
				<extensions>
					<ns3:TrackPointExtension>
						<ns3:speed>1.4</ns3:speed>
						<ns3:cad>59.0</ns3:cad>
						<ns3:hr>132</ns3:hr>
					</ns3:TrackPointExtension>
				</extensions>
			</trkpt>
			<trkpt lat="48.9935172" lon="2.329795">
				<ele>113.5</ele>
				<time>2025-12-05T11:24:15Z</time>
				<extensions>
					<ns3:TrackPointExtension>
						<ns3:speed>1.43</ns3:speed>
						<ns3:cad>63.0</ns3:cad>
						<ns3:hr>132</ns3:hr>
					</ns3:TrackPointExtension>
				</extensions>
			</trkpt>
			<trkpt lat="48.99353086" lon="2.32980099">
				<ele>113.74</ele>
				<time>2025-12-05T11:24:16Z</time>
				<extensions>
					<ns3:TrackPointExtension>
						<ns3:speed>1.48</ns3:speed>
						<ns3:cad>63.0</ns3:cad>
						<ns3:hr>134</ns3:hr>
					</ns3:TrackPointExtension>
				</extensions>
			</trkpt>
			<trkpt lat="48.99354419" lon="2.32980598">
				<ele>113.99</ele>
				<time>2025-12-05T11:24:17Z</time>
				<extensions>
					<ns3:TrackPointExtension>
						<ns3:speed>1.51</ns3:speed>
						<ns3:cad>58.0</ns3:cad>
						<ns3:hr>135</ns3:hr>
					</ns3:TrackPointExtension>
				</extensions>
			</trkpt>
			<trkpt lat="48.99355685" lon="2.32980764">
				<ele>114.25</ele>
				<time>2025-12-05T11:24:18Z</time>
				<extensions>
					<ns3:TrackPointExtension>
						<ns3:speed>1.49</ns3:speed>
						<ns3:cad>58.0</ns3:cad>
						<ns3:hr>136</ns3:hr>
					</ns3:TrackPointExtension>
				</extensions>
			</trkpt>
			<trkpt lat="48.99356951" lon="2.32980664">
				<ele>114.51</ele>
				<time>2025-12-05T11:24:19Z</time>
				<extensions>
					<ns3:TrackPointExtension>
						<ns3:speed>1.43</ns3:speed>
						<ns3:cad>58.0</ns3:cad>
						<ns3:hr>137</ns3:hr>
					</ns3:TrackPointExtension>
				</extensions>
			</trkpt>
			<trkpt lat="48.99358351" lon="2.32980664">
				<ele>114.8</ele>
				<time>2025-12-05T11:24:20Z</time>
				<extensions>
					<ns3:TrackPointExtension>
						<ns3:speed>1.37</ns3:speed>
						<ns3:cad>53.0</ns3:cad>
						<ns3:hr>137</ns3:hr>
					</ns3:TrackPointExtension>
				</extensions>
			</trkpt>
			<trkpt lat="48.99359717" lon="2.32980997">
				<ele>115.08</ele>
				<time>2025-12-05T11:24:21Z</time>
				<extensions>
					<ns3:TrackPointExtension>
						<ns3:speed>1.35</ns3:speed>
						<ns3:cad>51.0</ns3:cad>
						<ns3:hr>138</ns3:hr>
					</ns3:TrackPointExtension>
				</extensions>
			</trkpt>
			<trkpt lat="48.99360917" lon="2.3298113">
				<ele>115.36</ele>
				<time>2025-12-05T11:24:22Z</time>
				<extensions>
					<ns3:TrackPointExtension>
						<ns3:speed>1.35</ns3:speed>
						<ns3:cad>51.0</ns3:cad>
						<ns3:hr>139</ns3:hr>
					</ns3:TrackPointExtension>
				</extensions>
			</trkpt>
			<trkpt lat="48.99362116" lon="2.32981329">
				<ele>115.63</ele>
				<time>2025-12-05T11:24:23Z</time>
				<extensions>
					<ns3:TrackPointExtension>
						<ns3:speed>1.35</ns3:speed>
						<ns3:cad>50.0</ns3:cad>
						<ns3:hr>139</ns3:hr>
					</ns3:TrackPointExtension>
				</extensions>
			</trkpt>
			<trkpt lat="48.99363116" lon="2.32981662">
				<ele>115.63</ele>
				<time>2025-12-05T11:24:24Z</time>
				<extensions>
					<ns3:TrackPointExtension>
						<ns3:speed>1.31</ns3:speed>
						<ns3:cad>50.0</ns3:cad>
						<ns3:hr>139</ns3:hr>
					</ns3:TrackPointExtension>
				</extensions>
			</trkpt>
			<trkpt lat="48.99364249" lon="2.32982062">
				<ele>116.2</ele>
				<time>2025-12-05T11:24:25Z</time>
				<extensions>
					<ns3:TrackPointExtension>
						<ns3:speed>1.25</ns3:speed>
						<ns3:cad>50.0</ns3:cad>
						<ns3:hr>139</ns3:hr>
					</ns3:TrackPointExtension>
				</extensions>
			</trkpt>
			<trkpt lat="48.99365382" lon="2.32982495">
				<ele>116.51</ele>
				<time>2025-12-05T11:24:26Z</time>
				<extensions>
					<ns3:TrackPointExtension>
						<ns3:speed>1.19</ns3:speed>
						<ns3:cad>50.0</ns3:cad>
						<ns3:hr>140</ns3:hr>
					</ns3:TrackPointExtension>
				</extensions>
			</trkpt>
			<trkpt lat="48.99366548" lon="2.32983028">
				<ele>116.84</ele>
				<time>2025-12-05T11:24:27Z</time>
				<extensions>
					<ns3:TrackPointExtension>
						<ns3:speed>1.18</ns3:speed>
						<ns3:cad>50.0</ns3:cad>
						<ns3:hr>141</ns3:hr>
					</ns3:TrackPointExtension>
				</extensions>
			</trkpt>
			<trkpt lat="48.99367614" lon="2.32983494">
				<ele>117.15</ele>
				<time>2025-12-05T11:24:28Z</time>
				<extensions>
					<ns3:TrackPointExtension>
						<ns3:speed>1.18</ns3:speed>
						<ns3:cad>50.0</ns3:cad>
						<ns3:hr>142</ns3:hr>
					</ns3:TrackPointExtension>
				</extensions>
			</trkpt>
			<trkpt lat="48.9936868" lon="2.32983827">
				<ele>117.43</ele>
				<time>2025-12-05T11:24:29Z</time>
				<extensions>
					<ns3:TrackPointExtension>
						<ns3:speed>1.19</ns3:speed>
						<ns3:cad>50.0</ns3:cad>
						<ns3:hr>142</ns3:hr>
					</ns3:TrackPointExtension>
				</extensions>
			</trkpt>
			<trkpt lat="48.99369713" lon="2.32984093">
				<ele>117.7</ele>
				<time>2025-12-05T11:24:30Z</time>
				<extensions>
					<ns3:TrackPointExtension>
						<ns3:speed>1.18</ns3:speed>
						<ns3:cad>50.0</ns3:cad>
						<ns3:hr>142</ns3:hr>
					</ns3:TrackPointExtension>
				</extensions>
			</trkpt>
			<trkpt lat="48.99370713" lon="2.32984393">
				<ele>117.96</ele>
				<time>2025-12-05T11:24:31Z</time>
				<extensions>
					<ns3:TrackPointExtension>
						<ns3:speed>1.16</ns3:speed>
						<ns3:cad>50.0</ns3:cad>
						<ns3:hr>144</ns3:hr>
					</ns3:TrackPointExtension>
				</extensions>
			</trkpt>
			<trkpt lat="48.99371779" lon="2.32984492">
				<ele>118.25</ele>
				<time>2025-12-05T11:24:32Z</time>
				<extensions>
					<ns3:TrackPointExtension>
						<ns3:speed>1.15</ns3:speed>
						<ns3:cad>51.0</ns3:cad>
						<ns3:hr>144</ns3:hr>
					</ns3:TrackPointExtension>
				</extensions>
			</trkpt>
			<trkpt lat="48.99372845" lon="2.32984692">
				<ele>118.55</ele>
				<time>2025-12-05T11:24:33Z</time>
				<extensions>
					<ns3:TrackPointExtension>
						<ns3:speed>1.17</ns3:speed>
						<ns3:cad>51.0</ns3:cad>
						<ns3:hr>145</ns3:hr>
					</ns3:TrackPointExtension>
				</extensions>
			</trkpt>
			<trkpt lat="48.99373878" lon="2.32985025">
				<ele>118.85</ele>
				<time>2025-12-05T11:24:34Z</time>
				<extensions>
					<ns3:TrackPointExtension>
						<ns3:speed>1.18</ns3:speed>
						<ns3:cad>51.0</ns3:cad>
						<ns3:hr>147</ns3:hr>
					</ns3:TrackPointExtension>
				</extensions>
			</trkpt>
			<trkpt lat="48.99375011" lon="2.32985391">
				<ele>119.14</ele>
				<time>2025-12-05T11:24:35Z</time>
				<extensions>
					<ns3:TrackPointExtension>
						<ns3:speed>1.19</ns3:speed>
						<ns3:cad>51.0</ns3:cad>
						<ns3:hr>146</ns3:hr>
					</ns3:TrackPointExtension>
				</extensions>
			</trkpt>
			<trkpt lat="48.99376177" lon="2.32985791">
				<ele>119.4</ele>
				<time>2025-12-05T11:24:36Z</time>
				<extensions>
					<ns3:TrackPointExtension>
						<ns3:speed>1.2</ns3:speed>
						<ns3:cad>51.0</ns3:cad>
						<ns3:hr>146</ns3:hr>
					</ns3:TrackPointExtension>
				</extensions>
			</trkpt>
			<trkpt lat="48.99377277" lon="2.32986057">
				<ele>119.68</ele>
				<time>2025-12-05T11:24:37Z</time>
				<extensions>
					<ns3:TrackPointExtension>
						<ns3:speed>1.21</ns3:speed>
						<ns3:cad>50.0</ns3:cad>
						<ns3:hr>146</ns3:hr>
					</ns3:TrackPointExtension>
				</extensions>
			</trkpt>
			<trkpt lat="48.99378343" lon="2.32986356">
				<ele>119.97</ele>
				<time>2025-12-05T11:24:38Z</time>
				<extensions>
					<ns3:TrackPointExtension>
						<ns3:speed>1.21</ns3:speed>
						<ns3:cad>49.0</ns3:cad>
						<ns3:hr>147</ns3:hr>
					</ns3:TrackPointExtension>
				</extensions>
			</trkpt>
			<trkpt lat="48.99379242" lon="2.32986622">
				<ele>120.3</ele>
				<time>2025-12-05T11:24:39Z</time>
				<extensions>
					<ns3:TrackPointExtension>
						<ns3:speed>1.18</ns3:speed>
						<ns3:cad>49.0</ns3:cad>
						<ns3:hr>146</ns3:hr>
					</ns3:TrackPointExtension>
				</extensions>
			</trkpt>
			<trkpt lat="48.99379908" lon="2.32986888">
				<ele>120.59</ele>
				<time>2025-12-05T11:24:40Z</time>
				<extensions>
					<ns3:TrackPointExtension>
						<ns3:speed>1.1</ns3:speed>
						<ns3:cad>49.0</ns3:cad>
						<ns3:hr>146</ns3:hr>
					</ns3:TrackPointExtension>
				</extensions>
			</trkpt>
			<trkpt lat="48.99380641" lon="2.32987121">
				<ele>120.86</ele>
				<time>2025-12-05T11:24:41Z</time>
				<extensions>
					<ns3:TrackPointExtension>
						<ns3:speed>1.02</ns3:speed>
						<ns3:cad>49.0</ns3:cad>
						<ns3:hr>147</ns3:hr>
					</ns3:TrackPointExtension>
				</extensions>
			</trkpt>
			<trkpt lat="48.99381407" lon="2.32987154">
				<ele>121.19</ele>
				<time>2025-12-05T11:24:42Z</time>
				<extensions>
					<ns3:TrackPointExtension>
						<ns3:speed>0.96</ns3:speed>
						<ns3:cad>49.0</ns3:cad>
						<ns3:hr>147</ns3:hr>
					</ns3:TrackPointExtension>
				</extensions>
			</trkpt>
			<trkpt lat="48.99382206" lon="2.32987154">
				<ele>121.19</ele>
				<time>2025-12-05T11:24:43Z</time>
				<extensions>
					<ns3:TrackPointExtension>
						<ns3:speed>0.96</ns3:speed>
						<ns3:cad>49.0</ns3:cad>
						<ns3:hr>147</ns3:hr>
					</ns3:TrackPointExtension>
				</extensions>
			</trkpt>
			<trkpt lat="48.99383072" lon="2.32987353">
				<ele>121.5</ele>
				<time>2025-12-05T11:24:44Z</time>
				<extensions>
					<ns3:TrackPointExtension>
						<ns3:speed>0.99</ns3:speed>
						<ns3:cad>49.0</ns3:cad>
						<ns3:hr>147</ns3:hr>
					</ns3:TrackPointExtension>
				</extensions>
			</trkpt>
			<trkpt lat="48.99384072" lon="2.32987486">
				<ele>122.13</ele>
				<time>2025-12-05T11:24:45Z</time>
				<extensions>
					<ns3:TrackPointExtension>
						<ns3:speed>1.01</ns3:speed>
						<ns3:cad>49.0</ns3:cad>
						<ns3:hr>147</ns3:hr>
					</ns3:TrackPointExtension>
				</extensions>
			</trkpt>
			<trkpt lat="48.99385138" lon="2.32987486">
				<ele>122.13</ele>
				<time>2025-12-05T11:24:46Z</time>
				<extensions>
					<ns3:TrackPointExtension>
						<ns3:speed>1.01</ns3:speed>
						<ns3:cad>49.0</ns3:cad>
						<ns3:hr>147</ns3:hr>
					</ns3:TrackPointExtension>
				</extensions>
			</trkpt>
			<trkpt lat="48.99386204" lon="2.32987486">
				<ele>122.41</ele>
				<time>2025-12-05T11:24:47Z</time>
				<extensions>
					<ns3:TrackPointExtension>
						<ns3:speed>1.06</ns3:speed>
						<ns3:cad>49.0</ns3:cad>
						<ns3:hr>147</ns3:hr>
					</ns3:TrackPointExtension>
				</extensions>
			</trkpt>
			<trkpt lat="48.99387337" lon="2.32987552">
				<ele>122.67</ele>
				<time>2025-12-05T11:24:48Z</time>
				<extensions>
					<ns3:TrackPointExtension>
						<ns3:speed>1.1</ns3:speed>
						<ns3:cad>49.0</ns3:cad>
						<ns3:hr>147</ns3:hr>
					</ns3:TrackPointExtension>
				</extensions>
			</trkpt>
			<trkpt lat="48.99388437" lon="2.32987785">
				<ele>122.94</ele>
				<time>2025-12-05T11:24:49Z</time>
				<extensions>
					<ns3:TrackPointExtension>
						<ns3:speed>1.14</ns3:speed>
						<ns3:cad>49.0</ns3:cad>
						<ns3:hr>147</ns3:hr>
					</ns3:TrackPointExtension>
				</extensions>
			</trkpt>
			<trkpt lat="48.9938957" lon="2.32988251">
				<ele>123.24</ele>
				<time>2025-12-05T11:24:50Z</time>
				<extensions>
					<ns3:TrackPointExtension>
						<ns3:speed>1.16</ns3:speed>
						<ns3:cad>50.0</ns3:cad>
						<ns3:hr>148</ns3:hr>
					</ns3:TrackPointExtension>
				</extensions>
			</trkpt>
			<trkpt lat="48.99390703" lon="2.32988817">
				<ele>123.24</ele>
				<time>2025-12-05T11:24:51Z</time>
				<extensions>
					<ns3:TrackPointExtension>
						<ns3:speed>1.16</ns3:speed>
						<ns3:cad>50.0</ns3:cad>
						<ns3:hr>147</ns3:hr>
					</ns3:TrackPointExtension>
				</extensions>
			</trkpt>
			<trkpt lat="48.99391836" lon="2.32989683">
				<ele>123.82</ele>
				<time>2025-12-05T11:24:52Z</time>
				<extensions>
					<ns3:TrackPointExtension>
						<ns3:speed>1.21</ns3:speed>
						<ns3:cad>51.0</ns3:cad>
						<ns3:hr>147</ns3:hr>
					</ns3:TrackPointExtension>
				</extensions>
			</trkpt>
			<trkpt lat="48.99392936" lon="2.32990716">
				<ele>124.11</ele>
				<time>2025-12-05T11:24:53Z</time>
				<extensions>
					<ns3:TrackPointExtension>
						<ns3:speed>1.27</ns3:speed>
						<ns3:cad>52.0</ns3:cad>
						<ns3:hr>147</ns3:hr>
					</ns3:TrackPointExtension>
				</extensions>
			</trkpt>
			<trkpt lat="48.99394069" lon="2.32991915">
				<ele>124.11</ele>
				<time>2025-12-05T11:24:54Z</time>
				<extensions>
					<ns3:TrackPointExtension>
						<ns3:speed>1.27</ns3:speed>
						<ns3:cad>52.0</ns3:cad>
						<ns3:hr>147</ns3:hr>
					</ns3:TrackPointExtension>
				</extensions>
			</trkpt>
			<trkpt lat="48.99395202" lon="2.32993014">
				<ele>124.61</ele>
				<time>2025-12-05T11:24:55Z</time>
				<extensions>
					<ns3:TrackPointExtension>
						<ns3:speed>1.31</ns3:speed>
						<ns3:cad>52.0</ns3:cad>
						<ns3:hr>148</ns3:hr>
					</ns3:TrackPointExtension>
				</extensions>
			</trkpt>
			<trkpt lat="48.99396268" lon="2.32994247">
				<ele>124.86</ele>
				<time>2025-12-05T11:24:56Z</time>
				<extensions>
					<ns3:TrackPointExtension>
						<ns3:speed>1.34</ns3:speed>
						<ns3:cad>51.0</ns3:cad>
						<ns3:hr>148</ns3:hr>
					</ns3:TrackPointExtension>
				</extensions>
			</trkpt>
			<trkpt lat="48.99397268" lon="2.32995613">
				<ele>125.12</ele>
				<time>2025-12-05T11:24:57Z</time>
				<extensions>
					<ns3:TrackPointExtension>
						<ns3:speed>1.37</ns3:speed>
						<ns3:cad>50.0</ns3:cad>
						<ns3:hr>147</ns3:hr>
					</ns3:TrackPointExtension>
				</extensions>
			</trkpt>
			<trkpt lat="48.99398267" lon="2.32996879">
				<ele>125.37</ele>
				<time>2025-12-05T11:24:58Z</time>
				<extensions>
					<ns3:TrackPointExtension>
						<ns3:speed>1.37</ns3:speed>
						<ns3:cad>49.0</ns3:cad>
						<ns3:hr>148</ns3:hr>
					</ns3:TrackPointExtension>
				</extensions>
			</trkpt>
			<trkpt lat="48.993992" lon="2.32998279">
				<ele>125.37</ele>
				<time>2025-12-05T11:24:59Z</time>
				<extensions>
					<ns3:TrackPointExtension>
						<ns3:speed>1.38</ns3:speed>
						<ns3:cad>49.0</ns3:cad>
						<ns3:hr>149</ns3:hr>
					</ns3:TrackPointExtension>
				</extensions>
			</trkpt>
			<trkpt lat="48.99400066" lon="2.32999612">
				<ele>125.87</ele>
				<time>2025-12-05T11:25:00Z</time>
				<extensions>
					<ns3:TrackPointExtension>
						<ns3:speed>1.39</ns3:speed>
						<ns3:cad>49.0</ns3:cad>
						<ns3:hr>151</ns3:hr>
					</ns3:TrackPointExtension>
				</extensions>
			</trkpt>
			<trkpt lat="48.99400999" lon="2.33000878">
				<ele>126.09</ele>
				<time>2025-12-05T11:25:01Z</time>
				<extensions>
					<ns3:TrackPointExtension>
						<ns3:speed>1.38</ns3:speed>
						<ns3:cad>49.0</ns3:cad>
						<ns3:hr>152</ns3:hr>
					</ns3:TrackPointExtension>
				</extensions>
			</trkpt>
			<trkpt lat="48.99401898" lon="2.33002244">
				<ele>126.33</ele>
				<time>2025-12-05T11:25:02Z</time>
				<extensions>
					<ns3:TrackPointExtension>
						<ns3:speed>1.36</ns3:speed>
						<ns3:cad>48.0</ns3:cad>
						<ns3:hr>151</ns3:hr>
					</ns3:TrackPointExtension>
				</extensions>
			</trkpt>
			<trkpt lat="48.99402764" lon="2.33003744">
				<ele>126.57</ele>
				<time>2025-12-05T11:25:03Z</time>
				<extensions>
					<ns3:TrackPointExtension>
						<ns3:speed>1.35</ns3:speed>
						<ns3:cad>48.0</ns3:cad>
						<ns3:hr>151</ns3:hr>
					</ns3:TrackPointExtension>
				</extensions>
			</trkpt>
			<trkpt lat="48.99403497" lon="2.33005377">
				<ele>126.8</ele>
				<time>2025-12-05T11:25:04Z</time>
				<extensions>
					<ns3:TrackPointExtension>
						<ns3:speed>1.35</ns3:speed>
						<ns3:cad>48.0</ns3:cad>
						<ns3:hr>151</ns3:hr>
					</ns3:TrackPointExtension>
				</extensions>
			</trkpt>
			<trkpt lat="48.99404063" lon="2.33007143">
				<ele>127.01</ele>
				<time>2025-12-05T11:25:05Z</time>
				<extensions>
					<ns3:TrackPointExtension>
						<ns3:speed>1.37</ns3:speed>
						<ns3:cad>49.0</ns3:cad>
						<ns3:hr>151</ns3:hr>
					</ns3:TrackPointExtension>
				</extensions>
			</trkpt>
			<trkpt lat="48.99404463" lon="2.33008876">
				<ele>127.24</ele>
				<time>2025-12-05T11:25:06Z</time>
				<extensions>
					<ns3:TrackPointExtension>
						<ns3:speed>1.38</ns3:speed>
						<ns3:cad>49.0</ns3:cad>
						<ns3:hr>151</ns3:hr>
					</ns3:TrackPointExtension>
				</extensions>
			</trkpt>
			<trkpt lat="48.99404929" lon="2.33011042">
				<ele>127.43</ele>
				<time>2025-12-05T11:25:07Z</time>
				<extensions>
					<ns3:TrackPointExtension>
						<ns3:speed>1.37</ns3:speed>
						<ns3:cad>50.0</ns3:cad>
						<ns3:hr>151</ns3:hr>
					</ns3:TrackPointExtension>
				</extensions>
			</trkpt>
			<trkpt lat="48.99405329" lon="2.33013008">
				<ele>127.63</ele>
				<time>2025-12-05T11:25:08Z</time>
				<extensions>
					<ns3:TrackPointExtension>
						<ns3:speed>1.37</ns3:speed>
						<ns3:cad>50.0</ns3:cad>
						<ns3:hr>152</ns3:hr>
					</ns3:TrackPointExtension>
				</extensions>
			</trkpt>
			<trkpt lat="48.99405928" lon="2.33014741">
				<ele>127.84</ele>
				<time>2025-12-05T11:25:09Z</time>
				<extensions>
					<ns3:TrackPointExtension>
						<ns3:speed>1.39</ns3:speed>
						<ns3:cad>51.0</ns3:cad>
						<ns3:hr>153</ns3:hr>
					</ns3:TrackPointExtension>
				</extensions>
			</trkpt>
			<trkpt lat="48.99406728" lon="2.33016274">
				<ele>128.07</ele>
				<time>2025-12-05T11:25:10Z</time>
				<extensions>
					<ns3:TrackPointExtension>
						<ns3:speed>1.41</ns3:speed>
						<ns3:cad>51.0</ns3:cad>
						<ns3:hr>153</ns3:hr>
					</ns3:TrackPointExtension>
				</extensions>
			</trkpt>
			<trkpt lat="48.99407527" lon="2.33017907">
				<ele>128.27</ele>
				<time>2025-12-05T11:25:11Z</time>
				<extensions>
					<ns3:TrackPointExtension>
						<ns3:speed>1.4</ns3:speed>
						<ns3:cad>51.0</ns3:cad>
						<ns3:hr>154</ns3:hr>
					</ns3:TrackPointExtension>
				</extensions>
			</trkpt>
			<trkpt lat="48.99408427" lon="2.33019473">
				<ele>128.47</ele>
				<time>2025-12-05T11:25:12Z</time>
				<extensions>
					<ns3:TrackPointExtension>
						<ns3:speed>1.38</ns3:speed>
						<ns3:cad>50.0</ns3:cad>
						<ns3:hr>154</ns3:hr>
					</ns3:TrackPointExtension>
				</extensions>
			</trkpt>
			<trkpt lat="48.99409293" lon="2.33021406">
				<ele>128.64</ele>
				<time>2025-12-05T11:25:13Z</time>
				<extensions>
					<ns3:TrackPointExtension>
						<ns3:speed>1.38</ns3:speed>
						<ns3:cad>50.0</ns3:cad>
						<ns3:hr>154</ns3:hr>
					</ns3:TrackPointExtension>
				</extensions>
			</trkpt>
			<trkpt lat="48.99409792" lon="2.33023505">
				<ele>128.82</ele>
				<time>2025-12-05T11:25:14Z</time>
				<extensions>
					<ns3:TrackPointExtension>
						<ns3:speed>1.41</ns3:speed>
						<ns3:cad>50.0</ns3:cad>
						<ns3:hr>154</ns3:hr>
					</ns3:TrackPointExtension>
				</extensions>
			</trkpt>
			<trkpt lat="48.99409992" lon="2.33025538">
				<ele>129.02</ele>
				<time>2025-12-05T11:25:15Z</time>
				<extensions>
					<ns3:TrackPointExtension>
						<ns3:speed>1.44</ns3:speed>
						<ns3:cad>49.0</ns3:cad>
						<ns3:hr>154</ns3:hr>
					</ns3:TrackPointExtension>
				</extensions>
			</trkpt>
			<trkpt lat="48.99410358" lon="2.33027337">
				<ele>129.2</ele>
				<time>2025-12-05T11:25:16Z</time>
				<extensions>
					<ns3:TrackPointExtension>
						<ns3:speed>1.45</ns3:speed>
						<ns3:cad>50.0</ns3:cad>
						<ns3:hr>155</ns3:hr>
					</ns3:TrackPointExtension>
				</extensions>
			</trkpt>
			<trkpt lat="48.99410358" lon="2.33029137">
				<ele>129.37</ele>
				<time>2025-12-05T11:25:17Z</time>
				<extensions>
					<ns3:TrackPointExtension>
						<ns3:speed>1.43</ns3:speed>
						<ns3:cad>50.0</ns3:cad>
						<ns3:hr>155</ns3:hr>
					</ns3:TrackPointExtension>
				</extensions>
			</trkpt>
			<trkpt lat="48.99410524" lon="2.33030803">
				<ele>129.56</ele>
				<time>2025-12-05T11:25:18Z</time>
				<extensions>
					<ns3:TrackPointExtension>
						<ns3:speed>1.37</ns3:speed>
						<ns3:cad>51.0</ns3:cad>
						<ns3:hr>155</ns3:hr>
					</ns3:TrackPointExtension>
				</extensions>
			</trkpt>
			<trkpt lat="48.99410823" lon="2.33032469">
				<ele>129.74</ele>
				<time>2025-12-05T11:25:19Z</time>
				<extensions>
					<ns3:TrackPointExtension>
						<ns3:speed>1.31</ns3:speed>
						<ns3:cad>51.0</ns3:cad>
						<ns3:hr>156</ns3:hr>
					</ns3:TrackPointExtension>
				</extensions>
			</trkpt>
			<trkpt lat="48.99411122" lon="2.33034069">
				<ele>129.91</ele>
				<time>2025-12-05T11:25:20Z</time>
				<extensions>
					<ns3:TrackPointExtension>
						<ns3:speed>1.26</ns3:speed>
						<ns3:cad>51.0</ns3:cad>
						<ns3:hr>156</ns3:hr>
					</ns3:TrackPointExtension>
				</extensions>
			</trkpt>
			<trkpt lat="48.99411488" lon="2.33035635">
				<ele>130.08</ele>
				<time>2025-12-05T11:25:21Z</time>
				<extensions>
					<ns3:TrackPointExtension>
						<ns3:speed>1.26</ns3:speed>
						<ns3:cad>51.0</ns3:cad>
						<ns3:hr>156</ns3:hr>
					</ns3:TrackPointExtension>
				</extensions>
			</trkpt>
			<trkpt lat="48.99411921" lon="2.33037035">
				<ele>130.25</ele>
				<time>2025-12-05T11:25:22Z</time>
				<extensions>
					<ns3:TrackPointExtension>
						<ns3:speed>1.24</ns3:speed>
						<ns3:cad>52.0</ns3:cad>
						<ns3:hr>155</ns3:hr>
					</ns3:TrackPointExtension>
				</extensions>
			</trkpt>
			<trkpt lat="48.99412454" lon="2.33038501">
				<ele>130.42</ele>
				<time>2025-12-05T11:25:23Z</time>
				<extensions>
					<ns3:TrackPointExtension>
						<ns3:speed>1.22</ns3:speed>
						<ns3:cad>52.0</ns3:cad>
						<ns3:hr>156</ns3:hr>
					</ns3:TrackPointExtension>
				</extensions>
			</trkpt>
			<trkpt lat="48.9941302" lon="2.33039934">
				<ele>130.58</ele>
				<time>2025-12-05T11:25:24Z</time>
				<extensions>
					<ns3:TrackPointExtension>
						<ns3:speed>1.2</ns3:speed>
						<ns3:cad>52.0</ns3:cad>
						<ns3:hr>157</ns3:hr>
					</ns3:TrackPointExtension>
				</extensions>
			</trkpt>
			<trkpt lat="48.99413719" lon="2.33041367">
				<ele>130.77</ele>
				<time>2025-12-05T11:25:25Z</time>
				<extensions>
					<ns3:TrackPointExtension>
						<ns3:speed>1.21</ns3:speed>
						<ns3:cad>52.0</ns3:cad>
						<ns3:hr>155</ns3:hr>
					</ns3:TrackPointExtension>
				</extensions>
			</trkpt>
			<trkpt lat="48.99414385" lon="2.330428">
				<ele>130.95</ele>
				<time>2025-12-05T11:25:26Z</time>
				<extensions>
					<ns3:TrackPointExtension>
						<ns3:speed>1.23</ns3:speed>
						<ns3:cad>52.0</ns3:cad>
						<ns3:hr>154</ns3:hr>
					</ns3:TrackPointExtension>
				</extensions>
			</trkpt>
			<trkpt lat="48.99415185" lon="2.33044133">
				<ele>131.11</ele>
				<time>2025-12-05T11:25:27Z</time>
				<extensions>
					<ns3:TrackPointExtension>
						<ns3:speed>1.24</ns3:speed>
						<ns3:cad>52.0</ns3:cad>
						<ns3:hr>154</ns3:hr>
					</ns3:TrackPointExtension>
				</extensions>
			</trkpt>
			<trkpt lat="48.99416118" lon="2.33045466">
				<ele>131.28</ele>
				<time>2025-12-05T11:25:28Z</time>
				<extensions>
					<ns3:TrackPointExtension>
						<ns3:speed>1.26</ns3:speed>
						<ns3:cad>52.0</ns3:cad>
						<ns3:hr>154</ns3:hr>
					</ns3:TrackPointExtension>
				</extensions>
			</trkpt>
			<trkpt lat="48.99417118" lon="2.33046732">
				<ele>131.47</ele>
				<time>2025-12-05T11:25:29Z</time>
				<extensions>
					<ns3:TrackPointExtension>
						<ns3:speed>1.28</ns3:speed>
						<ns3:cad>52.0</ns3:cad>
						<ns3:hr>154</ns3:hr>
					</ns3:TrackPointExtension>
				</extensions>
			</trkpt>
			<trkpt lat="48.99418151" lon="2.33047965">
				<ele>131.66</ele>
				<time>2025-12-05T11:25:30Z</time>
				<extensions>
					<ns3:TrackPointExtension>
						<ns3:speed>1.3</ns3:speed>
						<ns3:cad>52.0</ns3:cad>
						<ns3:hr>155</ns3:hr>
					</ns3:TrackPointExtension>
				</extensions>
			</trkpt>
			<trkpt lat="48.99419317" lon="2.33049098">
				<ele>131.85</ele>
				<time>2025-12-05T11:25:31Z</time>
				<extensions>
					<ns3:TrackPointExtension>
						<ns3:speed>1.32</ns3:speed>
						<ns3:cad>52.0</ns3:cad>
						<ns3:hr>155</ns3:hr>
					</ns3:TrackPointExtension>
				</extensions>
			</trkpt>
			<trkpt lat="48.9942055" lon="2.33050264">
				<ele>132.05</ele>
				<time>2025-12-05T11:25:32Z</time>
				<extensions>
					<ns3:TrackPointExtension>
						<ns3:speed>1.25</ns3:speed>
						<ns3:cad>52.0</ns3:cad>
						<ns3:hr>155</ns3:hr>
					</ns3:TrackPointExtension>
				</extensions>
			</trkpt>
			<trkpt lat="48.99421683" lon="2.33051597">
				<ele>132.27</ele>
				<time>2025-12-05T11:25:33Z</time>
				<extensions>
					<ns3:TrackPointExtension>
						<ns3:speed>1.17</ns3:speed>
						<ns3:cad>51.0</ns3:cad>
						<ns3:hr>155</ns3:hr>
					</ns3:TrackPointExtension>
				</extensions>
			</trkpt>
			<trkpt lat="48.99422716" lon="2.33052963">
				<ele>132.47</ele>
				<time>2025-12-05T11:25:34Z</time>
				<extensions>
					<ns3:TrackPointExtension>
						<ns3:speed>1.16</ns3:speed>
						<ns3:cad>51.0</ns3:cad>
						<ns3:hr>155</ns3:hr>
					</ns3:TrackPointExtension>
				</extensions>
			</trkpt>
			<trkpt lat="48.99423649" lon="2.33054362">
				<ele>132.72</ele>
				<time>2025-12-05T11:25:35Z</time>
				<extensions>
					<ns3:TrackPointExtension>
						<ns3:speed>1.15</ns3:speed>
						<ns3:cad>50.0</ns3:cad>
						<ns3:hr>155</ns3:hr>
					</ns3:TrackPointExtension>
				</extensions>
			</trkpt>
			<trkpt lat="48.99424415" lon="2.33055728">
				<ele>132.98</ele>
				<time>2025-12-05T11:25:36Z</time>
				<extensions>
					<ns3:TrackPointExtension>
						<ns3:speed>1.22</ns3:speed>
						<ns3:cad>50.0</ns3:cad>
						<ns3:hr>155</ns3:hr>
					</ns3:TrackPointExtension>
				</extensions>
			</trkpt>
			<trkpt lat="48.99425215" lon="2.33056961">
				<ele>133.23</ele>
				<time>2025-12-05T11:25:37Z</time>
				<extensions>
					<ns3:TrackPointExtension>
						<ns3:speed>1.26</ns3:speed>
						<ns3:cad>50.0</ns3:cad>
						<ns3:hr>155</ns3:hr>
					</ns3:TrackPointExtension>
				</extensions>
			</trkpt>
			<trkpt lat="48.99426015" lon="2.33058227">
				<ele>133.48</ele>
				<time>2025-12-05T11:25:38Z</time>
				<extensions>
					<ns3:TrackPointExtension>
						<ns3:speed>1.21</ns3:speed>
						<ns3:cad>49.0</ns3:cad>
						<ns3:hr>155</ns3:hr>
					</ns3:TrackPointExtension>
				</extensions>
			</trkpt>
			<trkpt lat="48.99426715" lon="2.33059593">
				<ele>133.73</ele>
				<time>2025-12-05T11:25:39Z</time>
				<extensions>
					<ns3:TrackPointExtension>
						<ns3:speed>1.19</ns3:speed>
						<ns3:cad>49.0</ns3:cad>
						<ns3:hr>156</ns3:hr>
					</ns3:TrackPointExtension>
				</extensions>
			</trkpt>
			<trkpt lat="48.99427314" lon="2.33061092">
				<ele>133.94</ele>
				<time>2025-12-05T11:25:40Z</time>
				<extensions>
					<ns3:TrackPointExtension>
						<ns3:speed>1.19</ns3:speed>
						<ns3:cad>50.0</ns3:cad>
						<ns3:hr>156</ns3:hr>
					</ns3:TrackPointExtension>
				</extensions>
			</trkpt>
			<trkpt lat="48.99427814" lon="2.33062425">
				<ele>134.17</ele>
				<time>2025-12-05T11:25:41Z</time>
				<extensions>
					<ns3:TrackPointExtension>
						<ns3:speed>1.18</ns3:speed>
						<ns3:cad>50.0</ns3:cad>
						<ns3:hr>156</ns3:hr>
					</ns3:TrackPointExtension>
				</extensions>
			</trkpt>
			<trkpt lat="48.9942838" lon="2.33063991">
				<ele>134.42</ele>
				<time>2025-12-05T11:25:42Z</time>
				<extensions>
					<ns3:TrackPointExtension>
						<ns3:speed>1.18</ns3:speed>
						<ns3:cad>51.0</ns3:cad>
						<ns3:hr>156</ns3:hr>
					</ns3:TrackPointExtension>
				</extensions>
			</trkpt>
			<trkpt lat="48.99428979" lon="2.33065457">
				<ele>134.72</ele>
				<time>2025-12-05T11:25:43Z</time>
				<extensions>
					<ns3:TrackPointExtension>
						<ns3:speed>1.18</ns3:speed>
						<ns3:cad>51.0</ns3:cad>
						<ns3:hr>155</ns3:hr>
					</ns3:TrackPointExtension>
				</extensions>
			</trkpt>
			<trkpt lat="48.99429678" lon="2.33066857">
				<ele>134.99</ele>
				<time>2025-12-05T11:25:44Z</time>
				<extensions>
					<ns3:TrackPointExtension>
						<ns3:speed>1.2</ns3:speed>
						<ns3:cad>51.0</ns3:cad>
						<ns3:hr>154</ns3:hr>
					</ns3:TrackPointExtension>
				</extensions>
			</trkpt>
			<trkpt lat="48.99430211" lon="2.33068023">
				<ele>135.28</ele>
				<time>2025-12-05T11:25:45Z</time>
				<extensions>
					<ns3:TrackPointExtension>
						<ns3:speed>1.2</ns3:speed>
						<ns3:cad>50.0</ns3:cad>
						<ns3:hr>155</ns3:hr>
					</ns3:TrackPointExtension>
				</extensions>
			</trkpt>
			<trkpt lat="48.9943081" lon="2.33069222">
				<ele>135.28</ele>
				<time>2025-12-05T11:25:46Z</time>
				<extensions>
					<ns3:TrackPointExtension>
						<ns3:speed>1.2</ns3:speed>
						<ns3:cad>50.0</ns3:cad>
						<ns3:hr>155</ns3:hr>
					</ns3:TrackPointExtension>
				</extensions>
			</trkpt>
			<trkpt lat="48.99431376" lon="2.33070255">
				<ele>135.56</ele>
				<time>2025-12-05T11:25:47Z</time>
				<extensions>
					<ns3:TrackPointExtension>
						<ns3:speed>1.17</ns3:speed>
						<ns3:cad>49.0</ns3:cad>
						<ns3:hr>154</ns3:hr>
					</ns3:TrackPointExtension>
				</extensions>
			</trkpt>
			<trkpt lat="48.99431776" lon="2.33071188">
				<ele>135.83</ele>
				<time>2025-12-05T11:25:48Z</time>
				<extensions>
					<ns3:TrackPointExtension>
						<ns3:speed>1.14</ns3:speed>
						<ns3:cad>48.0</ns3:cad>
						<ns3:hr>155</ns3:hr>
					</ns3:TrackPointExtension>
				</extensions>
			</trkpt>
			<trkpt lat="48.99432275" lon="2.33072188">
				<ele>136.08</ele>
				<time>2025-12-05T11:25:49Z</time>
				<extensions>
					<ns3:TrackPointExtension>
						<ns3:speed>1.09</ns3:speed>
						<ns3:cad>47.0</ns3:cad>
						<ns3:hr>155</ns3:hr>
					</ns3:TrackPointExtension>
				</extensions>
			</trkpt>
			<trkpt lat="48.99432908" lon="2.33073421">
				<ele>136.08</ele>
				<time>2025-12-05T11:25:50Z</time>
				<extensions>
					<ns3:TrackPointExtension>
						<ns3:speed>1.05</ns3:speed>
						<ns3:cad>47.0</ns3:cad>
						<ns3:hr>154</ns3:hr>
					</ns3:TrackPointExtension>
				</extensions>
			</trkpt>
			<trkpt lat="48.99433641" lon="2.33074854">
				<ele>136.5</ele>
				<time>2025-12-05T11:25:51Z</time>
				<extensions>
					<ns3:TrackPointExtension>
						<ns3:speed>1.04</ns3:speed>
						<ns3:cad>47.0</ns3:cad>
						<ns3:hr>154</ns3:hr>
					</ns3:TrackPointExtension>
				</extensions>
			</trkpt>
			<trkpt lat="48.99434474" lon="2.3307622">
				<ele>136.67</ele>
				<time>2025-12-05T11:25:52Z</time>
				<extensions>
					<ns3:TrackPointExtension>
						<ns3:speed>1.05</ns3:speed>
						<ns3:cad>48.0</ns3:cad>
						<ns3:hr>154</ns3:hr>
					</ns3:TrackPointExtension>
				</extensions>
			</trkpt>
			<trkpt lat="48.9943524" lon="2.33077786">
				<ele>136.82</ele>
				<time>2025-12-05T11:25:53Z</time>
				<extensions>
					<ns3:TrackPointExtension>
						<ns3:speed>1.06</ns3:speed>
						<ns3:cad>49.0</ns3:cad>
						<ns3:hr>155</ns3:hr>
					</ns3:TrackPointExtension>
				</extensions>
			</trkpt>
			<trkpt lat="48.99435973" lon="2.33079386">
				<ele>136.82</ele>
				<time>2025-12-05T11:25:54Z</time>
				<extensions>
					<ns3:TrackPointExtension>
						<ns3:speed>1.07</ns3:speed>
						<ns3:cad>51.0</ns3:cad>
						<ns3:hr>156</ns3:hr>
					</ns3:TrackPointExtension>
				</extensions>
			</trkpt>
			<trkpt lat="48.99436606" lon="2.33081086">
				<ele>137.03</ele>
				<time>2025-12-05T11:25:55Z</time>
				<extensions>
					<ns3:TrackPointExtension>
						<ns3:speed>1.09</ns3:speed>
						<ns3:cad>53.0</ns3:cad>
						<ns3:hr>157</ns3:hr>
					</ns3:TrackPointExtension>
				</extensions>
			</trkpt>
			<trkpt lat="48.99437239" lon="2.33082819">
				<ele>137.11</ele>
				<time>2025-12-05T11:25:56Z</time>
				<extensions>
					<ns3:TrackPointExtension>
						<ns3:speed>1.1</ns3:speed>
						<ns3:cad>54.0</ns3:cad>
						<ns3:hr>156</ns3:hr>
					</ns3:TrackPointExtension>
				</extensions>
			</trkpt>
			<trkpt lat="48.99437772" lon="2.33084552">
				<ele>137.17</ele>
				<time>2025-12-05T11:25:57Z</time>
				<extensions>
					<ns3:TrackPointExtension>
						<ns3:speed>1.12</ns3:speed>
						<ns3:cad>54.0</ns3:cad>
						<ns3:hr>155</ns3:hr>
					</ns3:TrackPointExtension>
				</extensions>
			</trkpt>
			<trkpt lat="48.99438205" lon="2.33086318">
				<ele>137.19</ele>
				<time>2025-12-05T11:25:58Z</time>
				<extensions>
					<ns3:TrackPointExtension>
						<ns3:speed>1.13</ns3:speed>
						<ns3:cad>54.0</ns3:cad>
						<ns3:hr>155</ns3:hr>
					</ns3:TrackPointExtension>
				</extensions>
			</trkpt>
			<trkpt lat="48.99438671" lon="2.33088184">
				<ele>137.22</ele>
				<time>2025-12-05T11:25:59Z</time>
				<extensions>
					<ns3:TrackPointExtension>
						<ns3:speed>1.14</ns3:speed>
						<ns3:cad>54.0</ns3:cad>
						<ns3:hr>155</ns3:hr>
					</ns3:TrackPointExtension>
				</extensions>
			</trkpt>
			<trkpt lat="48.99439171" lon="2.33090017">
				<ele>137.21</ele>
				<time>2025-12-05T11:26:00Z</time>
				<extensions>
					<ns3:TrackPointExtension>
						<ns3:speed>1.16</ns3:speed>
						<ns3:cad>53.0</ns3:cad>
						<ns3:hr>154</ns3:hr>
					</ns3:TrackPointExtension>
				</extensions>
			</trkpt>
			<trkpt lat="48.9943957" lon="2.3309185">
				<ele>137.17</ele>
				<time>2025-12-05T11:26:01Z</time>
				<extensions>
					<ns3:TrackPointExtension>
						<ns3:speed>1.17</ns3:speed>
						<ns3:cad>53.0</ns3:cad>
						<ns3:hr>155</ns3:hr>
					</ns3:TrackPointExtension>
				</extensions>
			</trkpt>
			<trkpt lat="48.99440036" lon="2.33093683">
				<ele>137.14</ele>
				<time>2025-12-05T11:26:02Z</time>
				<extensions>
					<ns3:TrackPointExtension>
						<ns3:speed>1.18</ns3:speed>
						<ns3:cad>54.0</ns3:cad>
						<ns3:hr>155</ns3:hr>
					</ns3:TrackPointExtension>
				</extensions>
			</trkpt>
			<trkpt lat="48.99440502" lon="2.33095483">
				<ele>137.07</ele>
				<time>2025-12-05T11:26:03Z</time>
				<extensions>
					<ns3:TrackPointExtension>
						<ns3:speed>1.19</ns3:speed>
						<ns3:cad>54.0</ns3:cad>
						<ns3:hr>155</ns3:hr>
					</ns3:TrackPointExtension>
				</extensions>
			</trkpt>
			<trkpt lat="48.99441068" lon="2.33097282">
				<ele>136.99</ele>
				<time>2025-12-05T11:26:04Z</time>
				<extensions>
					<ns3:TrackPointExtension>
						<ns3:speed>1.2</ns3:speed>
						<ns3:cad>55.0</ns3:cad>
						<ns3:hr>155</ns3:hr>
					</ns3:TrackPointExtension>
				</extensions>
			</trkpt>
			<trkpt lat="48.99441667" lon="2.33099015">
				<ele>136.89</ele>
				<time>2025-12-05T11:26:05Z</time>
				<extensions>
					<ns3:TrackPointExtension>
						<ns3:speed>1.21</ns3:speed>
						<ns3:cad>56.0</ns3:cad>
						<ns3:hr>155</ns3:hr>
					</ns3:TrackPointExtension>
				</extensions>
			</trkpt>
			<trkpt lat="48.99442333" lon="2.33100781">
				<ele>136.78</ele>
				<time>2025-12-05T11:26:06Z</time>
				<extensions>
					<ns3:TrackPointExtension>
						<ns3:speed>1.21</ns3:speed>
						<ns3:cad>56.0</ns3:cad>
						<ns3:hr>154</ns3:hr>
					</ns3:TrackPointExtension>
				</extensions>
			</trkpt>
			<trkpt lat="48.99442966" lon="2.3310258">
				<ele>136.67</ele>
				<time>2025-12-05T11:26:07Z</time>
				<extensions>
					<ns3:TrackPointExtension>
						<ns3:speed>1.22</ns3:speed>
						<ns3:cad>57.0</ns3:cad>
						<ns3:hr>154</ns3:hr>
					</ns3:TrackPointExtension>
				</extensions>
			</trkpt>
			<trkpt lat="48.99443466" lon="2.3310438">
				<ele>136.59</ele>
				<time>2025-12-05T11:26:08Z</time>
				<extensions>
					<ns3:TrackPointExtension>
						<ns3:speed>1.23</ns3:speed>
						<ns3:cad>57.0</ns3:cad>
						<ns3:hr>154</ns3:hr>
					</ns3:TrackPointExtension>
				</extensions>
			</trkpt>
			<trkpt lat="48.99443899" lon="2.33106079">
				<ele>136.5</ele>
				<time>2025-12-05T11:26:09Z</time>
				<extensions>
					<ns3:TrackPointExtension>
						<ns3:speed>1.24</ns3:speed>
						<ns3:cad>57.0</ns3:cad>
						<ns3:hr>154</ns3:hr>
					</ns3:TrackPointExtension>
				</extensions>
			</trkpt>
			<trkpt lat="48.99444498" lon="2.33107812">
				<ele>136.44</ele>
				<time>2025-12-05T11:26:10Z</time>
				<extensions>
					<ns3:TrackPointExtension>
						<ns3:speed>1.25</ns3:speed>
						<ns3:cad>57.0</ns3:cad>
						<ns3:hr>155</ns3:hr>
					</ns3:TrackPointExtension>
				</extensions>
			</trkpt>
			<trkpt lat="48.99444897" lon="2.33109678">
				<ele>136.38</ele>
				<time>2025-12-05T11:26:11Z</time>
				<extensions>
					<ns3:TrackPointExtension>
						<ns3:speed>1.25</ns3:speed>
						<ns3:cad>57.0</ns3:cad>
						<ns3:hr>154</ns3:hr>
					</ns3:TrackPointExtension>
				</extensions>
			</trkpt>
			<trkpt lat="48.99445163" lon="2.33111577">
				<ele>136.33</ele>
				<time>2025-12-05T11:26:12Z</time>
				<extensions>
					<ns3:TrackPointExtension>
						<ns3:speed>1.26</ns3:speed>
						<ns3:cad>57.0</ns3:cad>
						<ns3:hr>154</ns3:hr>
					</ns3:TrackPointExtension>
				</extensions>
			</trkpt>
			<trkpt lat="48.99445596" lon="2.33113543">
				<ele>136.28</ele>
				<time>2025-12-05T11:26:13Z</time>
				<extensions>
					<ns3:TrackPointExtension>
						<ns3:speed>1.27</ns3:speed>
						<ns3:cad>57.0</ns3:cad>
						<ns3:hr>153</ns3:hr>
					</ns3:TrackPointExtension>
				</extensions>
			</trkpt>
			<trkpt lat="48.99446029" lon="2.33115642">
				<ele>136.24</ele>
				<time>2025-12-05T11:26:14Z</time>
				<extensions>
					<ns3:TrackPointExtension>
						<ns3:speed>1.27</ns3:speed>
						<ns3:cad>57.0</ns3:cad>
						<ns3:hr>153</ns3:hr>
					</ns3:TrackPointExtension>
				</extensions>
			</trkpt>
			<trkpt lat="48.99446562" lon="2.33117642">
				<ele>136.2</ele>
				<time>2025-12-05T11:26:15Z</time>
				<extensions>
					<ns3:TrackPointExtension>
						<ns3:speed>1.28</ns3:speed>
						<ns3:cad>57.0</ns3:cad>
						<ns3:hr>153</ns3:hr>
					</ns3:TrackPointExtension>
				</extensions>
			</trkpt>
			<trkpt lat="48.99446962" lon="2.33119642">
				<ele>136.12</ele>
				<time>2025-12-05T11:26:16Z</time>
				<extensions>
					<ns3:TrackPointExtension>
						<ns3:speed>1.29</ns3:speed>
						<ns3:cad>57.0</ns3:cad>
						<ns3:hr>151</ns3:hr>
					</ns3:TrackPointExtension>
				</extensions>
			</trkpt>
			<trkpt lat="48.99447261" lon="2.33121375">
				<ele>136.03</ele>
				<time>2025-12-05T11:26:17Z</time>
				<extensions>
					<ns3:TrackPointExtension>
						<ns3:speed>1.3</ns3:speed>
						<ns3:cad>58.0</ns3:cad>
						<ns3:hr>149</ns3:hr>
					</ns3:TrackPointExtension>
				</extensions>
			</trkpt>
			<trkpt lat="48.9944756" lon="2.33122941">
				<ele>135.95</ele>
				<time>2025-12-05T11:26:18Z</time>
				<extensions>
					<ns3:TrackPointExtension>
						<ns3:speed>1.3</ns3:speed>
						<ns3:cad>58.0</ns3:cad>
						<ns3:hr>149</ns3:hr>
					</ns3:TrackPointExtension>
				</extensions>
			</trkpt>
			<trkpt lat="48.99448026" lon="2.33124474">
				<ele>135.89</ele>
				<time>2025-12-05T11:26:19Z</time>
				<extensions>
					<ns3:TrackPointExtension>
						<ns3:speed>1.31</ns3:speed>
						<ns3:cad>58.0</ns3:cad>
						<ns3:hr>147</ns3:hr>
					</ns3:TrackPointExtension>
				</extensions>
			</trkpt>
			<trkpt lat="48.99448626" lon="2.3312594">
				<ele>135.91</ele>
				<time>2025-12-05T11:26:20Z</time>
				<extensions>
					<ns3:TrackPointExtension>
						<ns3:speed>1.31</ns3:speed>
						<ns3:cad>59.0</ns3:cad>
						<ns3:hr>147</ns3:hr>
					</ns3:TrackPointExtension>
				</extensions>
			</trkpt>
			<trkpt lat="48.99449292" lon="2.33127273">
				<ele>135.95</ele>
				<time>2025-12-05T11:26:21Z</time>
				<extensions>
					<ns3:TrackPointExtension>
						<ns3:speed>1.31</ns3:speed>
						<ns3:cad>59.0</ns3:cad>
						<ns3:hr>146</ns3:hr>
					</ns3:TrackPointExtension>
				</extensions>
			</trkpt>
			<trkpt lat="48.99450258" lon="2.33128739">
				<ele>136.0</ele>
				<time>2025-12-05T11:26:22Z</time>
				<extensions>
					<ns3:TrackPointExtension>
						<ns3:speed>1.31</ns3:speed>
						<ns3:cad>59.0</ns3:cad>
						<ns3:hr>146</ns3:hr>
					</ns3:TrackPointExtension>
				</extensions>
			</trkpt>
			<trkpt lat="48.99451524" lon="2.33130238">
				<ele>136.08</ele>
				<time>2025-12-05T11:26:23Z</time>
				<extensions>
					<ns3:TrackPointExtension>
						<ns3:speed>1.31</ns3:speed>
						<ns3:cad>59.0</ns3:cad>
						<ns3:hr>146</ns3:hr>
					</ns3:TrackPointExtension>
				</extensions>
			</trkpt>
			<trkpt lat="48.99452857" lon="2.33131638">
				<ele>136.14</ele>
				<time>2025-12-05T11:26:24Z</time>
				<extensions>
					<ns3:TrackPointExtension>
						<ns3:speed>1.31</ns3:speed>
						<ns3:cad>58.0</ns3:cad>
						<ns3:hr>146</ns3:hr>
					</ns3:TrackPointExtension>
				</extensions>
			</trkpt>
			<trkpt lat="48.99454123" lon="2.33133104">
				<ele>136.22</ele>
				<time>2025-12-05T11:26:25Z</time>
				<extensions>
					<ns3:TrackPointExtension>
						<ns3:speed>1.3</ns3:speed>
						<ns3:cad>58.0</ns3:cad>
						<ns3:hr>145</ns3:hr>
					</ns3:TrackPointExtension>
				</extensions>
			</trkpt>
			<trkpt lat="48.99455423" lon="2.33134237">
				<ele>136.33</ele>
				<time>2025-12-05T11:26:26Z</time>
				<extensions>
					<ns3:TrackPointExtension>
						<ns3:speed>1.3</ns3:speed>
						<ns3:cad>57.0</ns3:cad>
						<ns3:hr>145</ns3:hr>
					</ns3:TrackPointExtension>
				</extensions>
			</trkpt>
			<trkpt lat="48.99456589" lon="2.3313527">
				<ele>136.44</ele>
				<time>2025-12-05T11:26:27Z</time>
				<extensions>
					<ns3:TrackPointExtension>
						<ns3:speed>1.3</ns3:speed>
						<ns3:cad>56.0</ns3:cad>
						<ns3:hr>145</ns3:hr>
					</ns3:TrackPointExtension>
				</extensions>
			</trkpt>
			<trkpt lat="48.99457455" lon="2.33136336">
				<ele>136.58</ele>
				<time>2025-12-05T11:26:28Z</time>
				<extensions>
					<ns3:TrackPointExtension>
						<ns3:speed>1.3</ns3:speed>
						<ns3:cad>56.0</ns3:cad>
						<ns3:hr>144</ns3:hr>
					</ns3:TrackPointExtension>
				</extensions>
			</trkpt>
			<trkpt lat="48.99458088" lon="2.33137102">
				<ele>136.73</ele>
				<time>2025-12-05T11:26:29Z</time>
				<extensions>
					<ns3:TrackPointExtension>
						<ns3:speed>1.3</ns3:speed>
						<ns3:cad>55.0</ns3:cad>
						<ns3:hr>144</ns3:hr>
					</ns3:TrackPointExtension>
				</extensions>
			</trkpt>
			<trkpt lat="48.99458854" lon="2.33137768">
				<ele>136.91</ele>
				<time>2025-12-05T11:26:30Z</time>
				<extensions>
					<ns3:TrackPointExtension>
						<ns3:speed>1.3</ns3:speed>
						<ns3:cad>54.0</ns3:cad>
						<ns3:hr>144</ns3:hr>
					</ns3:TrackPointExtension>
				</extensions>
			</trkpt>
			<trkpt lat="48.99459587" lon="2.33137967">
				<ele>137.08</ele>
				<time>2025-12-05T11:26:31Z</time>
				<extensions>
					<ns3:TrackPointExtension>
						<ns3:speed>1.29</ns3:speed>
						<ns3:cad>54.0</ns3:cad>
						<ns3:hr>145</ns3:hr>
					</ns3:TrackPointExtension>
				</extensions>
			</trkpt>
			<trkpt lat="48.99460453" lon="2.33138033">
				<ele>137.24</ele>
				<time>2025-12-05T11:26:32Z</time>
				<extensions>
					<ns3:TrackPointExtension>
						<ns3:speed>1.28</ns3:speed>
						<ns3:cad>45.0</ns3:cad>
						<ns3:hr>144</ns3:hr>
					</ns3:TrackPointExtension>
				</extensions>
			</trkpt>
			<trkpt lat="48.99461252" lon="2.33138066">
				<ele>137.41</ele>
				<time>2025-12-05T11:26:33Z</time>
				<extensions>
					<ns3:TrackPointExtension>
						<ns3:speed>1.27</ns3:speed>
						<ns3:cad>45.0</ns3:cad>
						<ns3:hr>144</ns3:hr>
					</ns3:TrackPointExtension>
				</extensions>
			</trkpt>
			<trkpt lat="48.99462185" lon="2.33138033">
				<ele>137.55</ele>
				<time>2025-12-05T11:26:34Z</time>
				<extensions>
					<ns3:TrackPointExtension>
						<ns3:speed>1.26</ns3:speed>
						<ns3:cad>46.0</ns3:cad>
						<ns3:hr>143</ns3:hr>
					</ns3:TrackPointExtension>
				</extensions>
			</trkpt>
			<trkpt lat="48.99463051" lon="2.33138066">
				<ele>137.7</ele>
				<time>2025-12-05T11:26:35Z</time>
				<extensions>
					<ns3:TrackPointExtension>
						<ns3:speed>1.24</ns3:speed>
						<ns3:cad>45.0</ns3:cad>
						<ns3:hr>144</ns3:hr>
					</ns3:TrackPointExtension>
				</extensions>
			</trkpt>
			<trkpt lat="48.9946395" lon="2.33137866">
				<ele>137.91</ele>
				<time>2025-12-05T11:26:36Z</time>
				<extensions>
					<ns3:TrackPointExtension>
						<ns3:speed>1.23</ns3:speed>
						<ns3:cad>50.0</ns3:cad>
						<ns3:hr>142</ns3:hr>
					</ns3:TrackPointExtension>
				</extensions>
			</trkpt>
			<trkpt lat="48.99464783" lon="2.33137767">
				<ele>138.11</ele>
				<time>2025-12-05T11:26:37Z</time>
				<extensions>
					<ns3:TrackPointExtension>
						<ns3:speed>1.22</ns3:speed>
						<ns3:cad>51.0</ns3:cad>
						<ns3:hr>142</ns3:hr>
					</ns3:TrackPointExtension>
				</extensions>
			</trkpt>
			<trkpt lat="48.99465549" lon="2.33137634">
				<ele>138.33</ele>
				<time>2025-12-05T11:26:38Z</time>
				<extensions>
					<ns3:TrackPointExtension>
						<ns3:speed>1.21</ns3:speed>
						<ns3:cad>53.0</ns3:cad>
						<ns3:hr>141</ns3:hr>
					</ns3:TrackPointExtension>
				</extensions>
			</trkpt>
			<trkpt lat="48.99466148" lon="2.33137468">
				<ele>138.53</ele>
				<time>2025-12-05T11:26:39Z</time>
				<extensions>
					<ns3:TrackPointExtension>
						<ns3:speed>1.2</ns3:speed>
						<ns3:cad>48.0</ns3:cad>
						<ns3:hr>141</ns3:hr>
					</ns3:TrackPointExtension>
				</extensions>
			</trkpt>
			<trkpt lat="48.99466981" lon="2.33137335">
				<ele>138.75</ele>
				<time>2025-12-05T11:26:40Z</time>
				<extensions>
					<ns3:TrackPointExtension>
						<ns3:speed>1.18</ns3:speed>
						<ns3:cad>45.0</ns3:cad>
						<ns3:hr>140</ns3:hr>
					</ns3:TrackPointExtension>
				</extensions>
			</trkpt>
			<trkpt lat="48.9946758" lon="2.33137102">
				<ele>138.95</ele>
				<time>2025-12-05T11:26:41Z</time>
				<extensions>
					<ns3:TrackPointExtension>
						<ns3:speed>1.17</ns3:speed>
						<ns3:cad>45.0</ns3:cad>
						<ns3:hr>140</ns3:hr>
					</ns3:TrackPointExtension>
				</extensions>
			</trkpt>
			<trkpt lat="48.99468146" lon="2.33136769">
				<ele>139.17</ele>
				<time>2025-12-05T11:26:42Z</time>
				<extensions>
					<ns3:TrackPointExtension>
						<ns3:speed>1.15</ns3:speed>
						<ns3:cad>44.0</ns3:cad>
						<ns3:hr>140</ns3:hr>
					</ns3:TrackPointExtension>
				</extensions>
			</trkpt>
			<trkpt lat="48.99468579" lon="2.33136369">
				<ele>139.42</ele>
				<time>2025-12-05T11:26:43Z</time>
				<extensions>
					<ns3:TrackPointExtension>
						<ns3:speed>1.14</ns3:speed>
						<ns3:cad>44.0</ns3:cad>
						<ns3:hr>140</ns3:hr>
					</ns3:TrackPointExtension>
				</extensions>
			</trkpt>
			<trkpt lat="48.99468945" lon="2.33135936">
				<ele>139.67</ele>
				<time>2025-12-05T11:26:44Z</time>
				<extensions>
					<ns3:TrackPointExtension>
						<ns3:speed>1.12</ns3:speed>
						<ns3:cad>45.0</ns3:cad>
						<ns3:hr>141</ns3:hr>
					</ns3:TrackPointExtension>
				</extensions>
			</trkpt>
			<trkpt lat="48.99469244" lon="2.3313547">
				<ele>139.92</ele>
				<time>2025-12-05T11:26:45Z</time>
				<extensions>
					<ns3:TrackPointExtension>
						<ns3:speed>0.84</ns3:speed>
						<ns3:cad>45.0</ns3:cad>
						<ns3:hr>141</ns3:hr>
					</ns3:TrackPointExtension>
				</extensions>
			</trkpt>
			<trkpt lat="48.9946961" lon="2.3313497">
				<ele>140.2</ele>
				<time>2025-12-05T11:26:46Z</time>
				<extensions>
					<ns3:TrackPointExtension>
						<ns3:speed>0.56</ns3:speed>
						<ns3:cad>47.0</ns3:cad>
						<ns3:hr>141</ns3:hr>
					</ns3:TrackPointExtension>
				</extensions>
			</trkpt>
			<trkpt lat="48.99469909" lon="2.33134571">
				<ele>140.49</ele>
				<time>2025-12-05T11:26:47Z</time>
				<extensions>
					<ns3:TrackPointExtension>
						<ns3:speed>0.56</ns3:speed>
						<ns3:cad>48.0</ns3:cad>
						<ns3:hr>142</ns3:hr>
					</ns3:TrackPointExtension>
				</extensions>
			</trkpt>
			<trkpt lat="48.99470242" lon="2.33134138">
				<ele>140.75</ele>
				<time>2025-12-05T11:26:48Z</time>
				<extensions>
					<ns3:TrackPointExtension>
						<ns3:speed>0.56</ns3:speed>
						<ns3:cad>48.0</ns3:cad>
						<ns3:hr>142</ns3:hr>
					</ns3:TrackPointExtension>
				</extensions>
			</trkpt>
			<trkpt lat="48.99470541" lon="2.33133539">
				<ele>141.02</ele>
				<time>2025-12-05T11:26:49Z</time>
				<extensions>
					<ns3:TrackPointExtension>
						<ns3:speed>0.57</ns3:speed>
						<ns3:cad>48.0</ns3:cad>
						<ns3:hr>143</ns3:hr>
					</ns3:TrackPointExtension>
				</extensions>
			</trkpt>
			<trkpt lat="48.99470741" lon="2.33132839">
				<ele>141.28</ele>
				<time>2025-12-05T11:26:50Z</time>
				<extensions>
					<ns3:TrackPointExtension>
						<ns3:speed>0.58</ns3:speed>
						<ns3:cad>46.0</ns3:cad>
						<ns3:hr>143</ns3:hr>
					</ns3:TrackPointExtension>
				</extensions>
			</trkpt>
			<trkpt lat="48.99470974" lon="2.33132073">
				<ele>141.55</ele>
				<time>2025-12-05T11:26:51Z</time>
				<extensions>
					<ns3:TrackPointExtension>
						<ns3:speed>0.61</ns3:speed>
						<ns3:cad>46.0</ns3:cad>
						<ns3:hr>144</ns3:hr>
					</ns3:TrackPointExtension>
				</extensions>
			</trkpt>
			<trkpt lat="48.9947134" lon="2.33131373">
				<ele>141.83</ele>
				<time>2025-12-05T11:26:52Z</time>
				<extensions>
					<ns3:TrackPointExtension>
						<ns3:speed>0.64</ns3:speed>
						<ns3:cad>46.0</ns3:cad>
						<ns3:hr>144</ns3:hr>
					</ns3:TrackPointExtension>
				</extensions>
			</trkpt>
			<trkpt lat="48.99471673" lon="2.33130673">
				<ele>142.12</ele>
				<time>2025-12-05T11:26:53Z</time>
				<extensions>
					<ns3:TrackPointExtension>
						<ns3:speed>0.65</ns3:speed>
						<ns3:cad>47.0</ns3:cad>
						<ns3:hr>143</ns3:hr>
					</ns3:TrackPointExtension>
				</extensions>
			</trkpt>
			<trkpt lat="48.99471939" lon="2.3313004">
				<ele>142.41</ele>
				<time>2025-12-05T11:26:54Z</time>
				<extensions>
					<ns3:TrackPointExtension>
						<ns3:speed>0.65</ns3:speed>
						<ns3:cad>48.0</ns3:cad>
						<ns3:hr>143</ns3:hr>
					</ns3:TrackPointExtension>
				</extensions>
			</trkpt>
			<trkpt lat="48.99472305" lon="2.3312934">
				<ele>142.71</ele>
				<time>2025-12-05T11:26:55Z</time>
				<extensions>
					<ns3:TrackPointExtension>
						<ns3:speed>0.64</ns3:speed>
						<ns3:cad>49.0</ns3:cad>
						<ns3:hr>144</ns3:hr>
					</ns3:TrackPointExtension>
				</extensions>
			</trkpt>
			<trkpt lat="48.99472704" lon="2.33128774">
				<ele>143.0</ele>
				<time>2025-12-05T11:26:56Z</time>
				<extensions>
					<ns3:TrackPointExtension>
						<ns3:speed>0.63</ns3:speed>
						<ns3:cad>50.0</ns3:cad>
						<ns3:hr>144</ns3:hr>
					</ns3:TrackPointExtension>
				</extensions>
			</trkpt>
			<trkpt lat="48.9947337" lon="2.33128441">
				<ele>143.32</ele>
				<time>2025-12-05T11:26:57Z</time>
				<extensions>
					<ns3:TrackPointExtension>
						<ns3:speed>0.64</ns3:speed>
						<ns3:cad>50.0</ns3:cad>
						<ns3:hr>144</ns3:hr>
					</ns3:TrackPointExtension>
				</extensions>
			</trkpt>
			<trkpt lat="48.99474036" lon="2.33128175">
				<ele>143.62</ele>
				<time>2025-12-05T11:26:58Z</time>
				<extensions>
					<ns3:TrackPointExtension>
						<ns3:speed>0.67</ns3:speed>
						<ns3:cad>50.0</ns3:cad>
						<ns3:hr>145</ns3:hr>
					</ns3:TrackPointExtension>
				</extensions>
			</trkpt>
			<trkpt lat="48.99474469" lon="2.33128208">
				<ele>143.92</ele>
				<time>2025-12-05T11:26:59Z</time>
				<extensions>
					<ns3:TrackPointExtension>
						<ns3:speed>0.66</ns3:speed>
						<ns3:cad>50.0</ns3:cad>
						<ns3:hr>145</ns3:hr>
					</ns3:TrackPointExtension>
				</extensions>
			</trkpt>
			<trkpt lat="48.99474902" lon="2.33128175">
				<ele>144.2</ele>
				<time>2025-12-05T11:27:00Z</time>
				<extensions>
					<ns3:TrackPointExtension>
						<ns3:speed>0.6</ns3:speed>
						<ns3:cad>50.0</ns3:cad>
						<ns3:hr>146</ns3:hr>
					</ns3:TrackPointExtension>
				</extensions>
			</trkpt>
			<trkpt lat="48.99475201" lon="2.33128075">
				<ele>144.42</ele>
				<time>2025-12-05T11:27:01Z</time>
				<extensions>
					<ns3:TrackPointExtension>
						<ns3:speed>0.52</ns3:speed>
						<ns3:cad>49.0</ns3:cad>
						<ns3:hr>147</ns3:hr>
					</ns3:TrackPointExtension>
				</extensions>
			</trkpt>
			<trkpt lat="48.99475334" lon="2.33127842">
				<ele>144.61</ele>
				<time>2025-12-05T11:27:02Z</time>
				<extensions>
					<ns3:TrackPointExtension>
						<ns3:speed>0.44</ns3:speed>
						<ns3:cad>47.0</ns3:cad>
						<ns3:hr>148</ns3:hr>
					</ns3:TrackPointExtension>
				</extensions>
			</trkpt>
			<trkpt lat="48.994754" lon="2.33127676">
				<ele>144.77</ele>
				<time>2025-12-05T11:27:03Z</time>
				<extensions>
					<ns3:TrackPointExtension>
						<ns3:speed>0.0</ns3:speed>
						<ns3:cad>0.0</ns3:cad>
						<ns3:hr>149</ns3:hr>
					</ns3:TrackPointExtension>
				</extensions>
			</trkpt>
			<trkpt lat="48.99475499" lon="2.3312751">
				<ele>144.89</ele>
				<time>2025-12-05T11:27:04Z</time>
				<extensions>
					<ns3:TrackPointExtension>
						<ns3:speed>0.0</ns3:speed>
						<ns3:cad>0.0</ns3:cad>
						<ns3:hr>149</ns3:hr>
					</ns3:TrackPointExtension>
				</extensions>
			</trkpt>
			<trkpt lat="48.99475433" lon="2.33127943">
				<ele>145.0</ele>
				<time>2025-12-05T11:27:05Z</time>
				<extensions>
					<ns3:TrackPointExtension>
						<ns3:speed>0.0</ns3:speed>
						<ns3:cad>0.0</ns3:cad>
						<ns3:hr>148</ns3:hr>
					</ns3:TrackPointExtension>
				</extensions>
			</trkpt>
			<trkpt lat="48.99475532" lon="2.33128209">
				<ele>145.1</ele>
				<time>2025-12-05T11:27:06Z</time>
				<extensions>
					<ns3:TrackPointExtension>
						<ns3:speed>0.0</ns3:speed>
						<ns3:cad>0.0</ns3:cad>
						<ns3:hr>147</ns3:hr>
					</ns3:TrackPointExtension>
				</extensions>
			</trkpt>
			<trkpt lat="48.99475732" lon="2.33128242">
				<ele>145.23</ele>
				<time>2025-12-05T11:27:07Z</time>
				<extensions>
					<ns3:TrackPointExtension>
						<ns3:speed>0.0</ns3:speed>
						<ns3:cad>0.0</ns3:cad>
						<ns3:hr>147</ns3:hr>
					</ns3:TrackPointExtension>
				</extensions>
			</trkpt>
			<trkpt lat="48.99476098" lon="2.33127842">
				<ele>145.37</ele>
				<time>2025-12-05T11:27:08Z</time>
				<extensions>
					<ns3:TrackPointExtension>
						<ns3:speed>0.0</ns3:speed>
						<ns3:cad>40.0</ns3:cad>
						<ns3:hr>146</ns3:hr>
					</ns3:TrackPointExtension>
				</extensions>
			</trkpt>
			<trkpt lat="48.99476598" lon="2.33127042">
				<ele>145.48</ele>
				<time>2025-12-05T11:27:09Z</time>
				<extensions>
					<ns3:TrackPointExtension>
						<ns3:speed>0.44</ns3:speed>
						<ns3:cad>42.0</ns3:cad>
						<ns3:hr>146</ns3:hr>
					</ns3:TrackPointExtension>
				</extensions>
			</trkpt>
			<trkpt lat="48.99477098" lon="2.33125809">
				<ele>145.59</ele>
				<time>2025-12-05T11:27:10Z</time>
				<extensions>
					<ns3:TrackPointExtension>
						<ns3:speed>0.54</ns3:speed>
						<ns3:cad>43.0</ns3:cad>
						<ns3:hr>146</ns3:hr>
					</ns3:TrackPointExtension>
				</extensions>
			</trkpt>
			<trkpt lat="48.99477664" lon="2.33124543">
				<ele>145.7</ele>
				<time>2025-12-05T11:27:11Z</time>
				<extensions>
					<ns3:TrackPointExtension>
						<ns3:speed>0.66</ns3:speed>
						<ns3:cad>44.0</ns3:cad>
						<ns3:hr>145</ns3:hr>
					</ns3:TrackPointExtension>
				</extensions>
			</trkpt>
			<trkpt lat="48.99478063" lon="2.33123843">
				<ele>145.8</ele>
				<time>2025-12-05T11:27:12Z</time>
				<extensions>
					<ns3:TrackPointExtension>
						<ns3:speed>0.77</ns3:speed>
						<ns3:cad>53.0</ns3:cad>
						<ns3:hr>144</ns3:hr>
					</ns3:TrackPointExtension>
				</extensions>
			</trkpt>
			<trkpt lat="48.99478429" lon="2.3312381">
				<ele>145.89</ele>
				<time>2025-12-05T11:27:13Z</time>
				<extensions>
					<ns3:TrackPointExtension>
						<ns3:speed>0.82</ns3:speed>
						<ns3:cad>52.0</ns3:cad>
						<ns3:hr>144</ns3:hr>
					</ns3:TrackPointExtension>
				</extensions>
			</trkpt>
			<trkpt lat="48.99478728" lon="2.33123943">
				<ele>146.0</ele>
				<time>2025-12-05T11:27:14Z</time>
				<extensions>
					<ns3:TrackPointExtension>
						<ns3:speed>0.81</ns3:speed>
						<ns3:cad>51.0</ns3:cad>
						<ns3:hr>143</ns3:hr>
					</ns3:TrackPointExtension>
				</extensions>
			</trkpt>
			<trkpt lat="48.99479027" lon="2.33124076">
				<ele>146.09</ele>
				<time>2025-12-05T11:27:15Z</time>
				<extensions>
					<ns3:TrackPointExtension>
						<ns3:speed>0.78</ns3:speed>
						<ns3:cad>49.0</ns3:cad>
						<ns3:hr>142</ns3:hr>
					</ns3:TrackPointExtension>
				</extensions>
			</trkpt>
			<trkpt lat="48.9947936" lon="2.33124242">
				<ele>146.17</ele>
				<time>2025-12-05T11:27:16Z</time>
				<extensions>
					<ns3:TrackPointExtension>
						<ns3:speed>0.73</ns3:speed>
						<ns3:cad>49.0</ns3:cad>
						<ns3:hr>142</ns3:hr>
					</ns3:TrackPointExtension>
				</extensions>
			</trkpt>
			<trkpt lat="48.99479693" lon="2.33124308">
				<ele>146.24</ele>
				<time>2025-12-05T11:27:17Z</time>
				<extensions>
					<ns3:TrackPointExtension>
						<ns3:speed>0.65</ns3:speed>
						<ns3:cad>48.0</ns3:cad>
						<ns3:hr>142</ns3:hr>
					</ns3:TrackPointExtension>
				</extensions>
			</trkpt>
			<trkpt lat="48.99479926" lon="2.33124441">
				<ele>146.28</ele>
				<time>2025-12-05T11:27:18Z</time>
				<extensions>
					<ns3:TrackPointExtension>
						<ns3:speed>0.0</ns3:speed>
						<ns3:cad>0.0</ns3:cad>
						<ns3:hr>143</ns3:hr>
					</ns3:TrackPointExtension>
				</extensions>
			</trkpt>
			<trkpt lat="48.99480092" lon="2.33124507">
				<ele>146.34</ele>
				<time>2025-12-05T11:27:19Z</time>
				<extensions>
					<ns3:TrackPointExtension>
						<ns3:speed>0.0</ns3:speed>
						<ns3:cad>0.0</ns3:cad>
						<ns3:hr>143</ns3:hr>
					</ns3:TrackPointExtension>
				</extensions>
			</trkpt>
			<trkpt lat="48.99480158" lon="2.3312454">
				<ele>146.37</ele>
				<time>2025-12-05T11:27:20Z</time>
				<extensions>
					<ns3:TrackPointExtension>
						<ns3:speed>0.0</ns3:speed>
						<ns3:cad>0.0</ns3:cad>
						<ns3:hr>143</ns3:hr>
					</ns3:TrackPointExtension>
				</extensions>
			</trkpt>
			<trkpt lat="48.99480224" lon="2.3312454">
				<ele>146.41</ele>
				<time>2025-12-05T11:27:21Z</time>
				<extensions>
					<ns3:TrackPointExtension>
						<ns3:speed>0.0</ns3:speed>
						<ns3:cad>0.0</ns3:cad>
						<ns3:hr>143</ns3:hr>
					</ns3:TrackPointExtension>
				</extensions>
			</trkpt>
			<trkpt lat="48.99480323" lon="2.33124573">
				<ele>146.42</ele>
				<time>2025-12-05T11:27:22Z</time>
				<extensions>
					<ns3:TrackPointExtension>
						<ns3:speed>0.0</ns3:speed>
						<ns3:cad>0.0</ns3:cad>
						<ns3:hr>143</ns3:hr>
					</ns3:TrackPointExtension>
				</extensions>
			</trkpt>
			<trkpt lat="48.99480389" lon="2.33124573">
				<ele>146.45</ele>
				<time>2025-12-05T11:27:23Z</time>
				<extensions>
					<ns3:TrackPointExtension>
						<ns3:speed>0.0</ns3:speed>
						<ns3:cad>0.0</ns3:cad>
						<ns3:hr>142</ns3:hr>
					</ns3:TrackPointExtension>
				</extensions>
			</trkpt>
			<trkpt lat="48.99480455" lon="2.33124573">
				<ele>146.47</ele>
				<time>2025-12-05T11:27:24Z</time>
				<extensions>
					<ns3:TrackPointExtension>
						<ns3:speed>0.0</ns3:speed>
						<ns3:cad>0.0</ns3:cad>
						<ns3:hr>142</ns3:hr>
					</ns3:TrackPointExtension>
				</extensions>
			</trkpt>
			<trkpt lat="48.99480455" lon="2.3312454">
				<ele>146.5</ele>
				<time>2025-12-05T11:27:25Z</time>
				<extensions>
					<ns3:TrackPointExtension>
						<ns3:speed>0.0</ns3:speed>
						<ns3:cad>0.0</ns3:cad>
						<ns3:hr>141</ns3:hr>
					</ns3:TrackPointExtension>
				</extensions>
			</trkpt>
			<trkpt lat="48.99480488" lon="2.33124507">
				<ele>146.52</ele>
				<time>2025-12-05T11:27:26Z</time>
				<extensions>
					<ns3:TrackPointExtension>
						<ns3:speed>0.0</ns3:speed>
						<ns3:cad>0.0</ns3:cad>
						<ns3:hr>139</ns3:hr>
					</ns3:TrackPointExtension>
				</extensions>
			</trkpt>
			<trkpt lat="48.99480554" lon="2.33124341">
				<ele>146.52</ele>
				<time>2025-12-05T11:27:27Z</time>
				<extensions>
					<ns3:TrackPointExtension>
						<ns3:speed>0.0</ns3:speed>
						<ns3:cad>0.0</ns3:cad>
						<ns3:hr>139</ns3:hr>
					</ns3:TrackPointExtension>
				</extensions>
			</trkpt>
			<trkpt lat="48.99480853" lon="2.33123841">
				<ele>146.55</ele>
				<time>2025-12-05T11:27:28Z</time>
				<extensions>
					<ns3:TrackPointExtension>
						<ns3:speed>0.0</ns3:speed>
						<ns3:cad>0.0</ns3:cad>
						<ns3:hr>138</ns3:hr>
					</ns3:TrackPointExtension>
				</extensions>
			</trkpt>
			<trkpt lat="48.99481253" lon="2.33123008">
				<ele>146.55</ele>
				<time>2025-12-05T11:27:29Z</time>
				<extensions>
					<ns3:TrackPointExtension>
						<ns3:speed>1.11</ns3:speed>
						<ns3:cad>0.0</ns3:cad>
						<ns3:hr>137</ns3:hr>
					</ns3:TrackPointExtension>
				</extensions>
			</trkpt>
			<trkpt lat="48.99481886" lon="2.33121875">
				<ele>146.55</ele>
				<time>2025-12-05T11:27:30Z</time>
				<extensions>
					<ns3:TrackPointExtension>
						<ns3:speed>1.25</ns3:speed>
						<ns3:cad>0.0</ns3:cad>
						<ns3:hr>137</ns3:hr>
					</ns3:TrackPointExtension>
				</extensions>
			</trkpt>
			<trkpt lat="48.99482519" lon="2.33120375">
				<ele>146.55</ele>
				<time>2025-12-05T11:27:31Z</time>
				<extensions>
					<ns3:TrackPointExtension>
						<ns3:speed>1.4</ns3:speed>
						<ns3:cad>0.0</ns3:cad>
						<ns3:hr>136</ns3:hr>
					</ns3:TrackPointExtension>
				</extensions>
			</trkpt>
			<trkpt lat="48.99483185" lon="2.33118642">
				<ele>146.56</ele>
				<time>2025-12-05T11:27:32Z</time>
				<extensions>
					<ns3:TrackPointExtension>
						<ns3:speed>1.5</ns3:speed>
						<ns3:cad>55.0</ns3:cad>
						<ns3:hr>136</ns3:hr>
					</ns3:TrackPointExtension>
				</extensions>
			</trkpt>
			<trkpt lat="48.99483784" lon="2.33116776">
				<ele>146.59</ele>
				<time>2025-12-05T11:27:33Z</time>
				<extensions>
					<ns3:TrackPointExtension>
						<ns3:speed>1.55</ns3:speed>
						<ns3:cad>57.0</ns3:cad>
						<ns3:hr>136</ns3:hr>
					</ns3:TrackPointExtension>
				</extensions>
			</trkpt>
			<trkpt lat="48.99484383" lon="2.33114776">
				<ele>146.62</ele>
				<time>2025-12-05T11:27:34Z</time>
				<extensions>
					<ns3:TrackPointExtension>
						<ns3:speed>1.55</ns3:speed>
						<ns3:cad>58.0</ns3:cad>
						<ns3:hr>135</ns3:hr>
					</ns3:TrackPointExtension>
				</extensions>
			</trkpt>
			<trkpt lat="48.99484949" lon="2.33112643">
				<ele>146.67</ele>
				<time>2025-12-05T11:27:35Z</time>
				<extensions>
					<ns3:TrackPointExtension>
						<ns3:speed>1.56</ns3:speed>
						<ns3:cad>58.0</ns3:cad>
						<ns3:hr>136</ns3:hr>
					</ns3:TrackPointExtension>
				</extensions>
			</trkpt>
			<trkpt lat="48.99485582" lon="2.33110444">
				<ele>146.74</ele>
				<time>2025-12-05T11:27:36Z</time>
				<extensions>
					<ns3:TrackPointExtension>
						<ns3:speed>1.6</ns3:speed>
						<ns3:cad>58.0</ns3:cad>
						<ns3:hr>135</ns3:hr>
					</ns3:TrackPointExtension>
				</extensions>
			</trkpt>
			<trkpt lat="48.99486181" lon="2.33108178">
				<ele>146.74</ele>
				<time>2025-12-05T11:27:37Z</time>
				<extensions>
					<ns3:TrackPointExtension>
						<ns3:speed>1.63</ns3:speed>
						<ns3:cad>59.0</ns3:cad>
						<ns3:hr>134</ns3:hr>
					</ns3:TrackPointExtension>
				</extensions>
			</trkpt>
			<trkpt lat="48.99486847" lon="2.33106012">
				<ele>146.78</ele>
				<time>2025-12-05T11:27:38Z</time>
				<extensions>
					<ns3:TrackPointExtension>
						<ns3:speed>1.65</ns3:speed>
						<ns3:cad>59.0</ns3:cad>
						<ns3:hr>134</ns3:hr>
					</ns3:TrackPointExtension>
				</extensions>
			</trkpt>
			<trkpt lat="48.99487546" lon="2.33103846">
				<ele>146.85</ele>
				<time>2025-12-05T11:27:39Z</time>
				<extensions>
					<ns3:TrackPointExtension>
						<ns3:speed>1.66</ns3:speed>
						<ns3:cad>59.0</ns3:cad>
						<ns3:hr>134</ns3:hr>
					</ns3:TrackPointExtension>
				</extensions>
			</trkpt>
			<trkpt lat="48.99488246" lon="2.3310168">
				<ele>146.92</ele>
				<time>2025-12-05T11:27:40Z</time>
				<extensions>
					<ns3:TrackPointExtension>
						<ns3:speed>1.66</ns3:speed>
						<ns3:cad>59.0</ns3:cad>
						<ns3:hr>134</ns3:hr>
					</ns3:TrackPointExtension>
				</extensions>
			</trkpt>
			<trkpt lat="48.99488945" lon="2.33099547">
				<ele>147.0</ele>
				<time>2025-12-05T11:27:41Z</time>
				<extensions>
					<ns3:TrackPointExtension>
						<ns3:speed>1.68</ns3:speed>
						<ns3:cad>59.0</ns3:cad>
						<ns3:hr>134</ns3:hr>
					</ns3:TrackPointExtension>
				</extensions>
			</trkpt>
			<trkpt lat="48.99489611" lon="2.33097314">
				<ele>147.1</ele>
				<time>2025-12-05T11:27:42Z</time>
				<extensions>
					<ns3:TrackPointExtension>
						<ns3:speed>1.68</ns3:speed>
						<ns3:cad>59.0</ns3:cad>
						<ns3:hr>134</ns3:hr>
					</ns3:TrackPointExtension>
				</extensions>
			</trkpt>
			<trkpt lat="48.99490311" lon="2.33094981">
				<ele>147.19</ele>
				<time>2025-12-05T11:27:43Z</time>
				<extensions>
					<ns3:TrackPointExtension>
						<ns3:speed>1.69</ns3:speed>
						<ns3:cad>59.0</ns3:cad>
						<ns3:hr>134</ns3:hr>
					</ns3:TrackPointExtension>
				</extensions>
			</trkpt>
			<trkpt lat="48.9949091" lon="2.33092615">
				<ele>147.19</ele>
				<time>2025-12-05T11:27:44Z</time>
				<extensions>
					<ns3:TrackPointExtension>
						<ns3:speed>1.7</ns3:speed>
						<ns3:cad>59.0</ns3:cad>
						<ns3:hr>135</ns3:hr>
					</ns3:TrackPointExtension>
				</extensions>
			</trkpt>
			<trkpt lat="48.99491609" lon="2.33090615">
				<ele>147.37</ele>
				<time>2025-12-05T11:27:45Z</time>
				<extensions>
					<ns3:TrackPointExtension>
						<ns3:speed>1.73</ns3:speed>
						<ns3:cad>60.0</ns3:cad>
						<ns3:hr>135</ns3:hr>
					</ns3:TrackPointExtension>
				</extensions>
			</trkpt>
			<trkpt lat="48.99492375" lon="2.33088682">
				<ele>147.48</ele>
				<time>2025-12-05T11:27:46Z</time>
				<extensions>
					<ns3:TrackPointExtension>
						<ns3:speed>1.73</ns3:speed>
						<ns3:cad>59.0</ns3:cad>
						<ns3:hr>137</ns3:hr>
					</ns3:TrackPointExtension>
				</extensions>
			</trkpt>
			<trkpt lat="48.99493141" lon="2.33086716">
				<ele>147.58</ele>
				<time>2025-12-05T11:27:47Z</time>
				<extensions>
					<ns3:TrackPointExtension>
						<ns3:speed>1.7</ns3:speed>
						<ns3:cad>59.0</ns3:cad>
						<ns3:hr>137</ns3:hr>
					</ns3:TrackPointExtension>
				</extensions>
			</trkpt>
			<trkpt lat="48.99493941" lon="2.33084883">
				<ele>147.69</ele>
				<time>2025-12-05T11:27:48Z</time>
				<extensions>
					<ns3:TrackPointExtension>
						<ns3:speed>1.66</ns3:speed>
						<ns3:cad>59.0</ns3:cad>
						<ns3:hr>136</ns3:hr>
					</ns3:TrackPointExtension>
				</extensions>
			</trkpt>
			<trkpt lat="48.99494774" lon="2.33082984">
				<ele>147.8</ele>
				<time>2025-12-05T11:27:49Z</time>
				<extensions>
					<ns3:TrackPointExtension>
						<ns3:speed>1.63</ns3:speed>
						<ns3:cad>59.0</ns3:cad>
						<ns3:hr>136</ns3:hr>
					</ns3:TrackPointExtension>
				</extensions>
			</trkpt>
			<trkpt lat="48.99495574" lon="2.33081051">
				<ele>147.92</ele>
				<time>2025-12-05T11:27:50Z</time>
				<extensions>
					<ns3:TrackPointExtension>
						<ns3:speed>1.63</ns3:speed>
						<ns3:cad>59.0</ns3:cad>
						<ns3:hr>136</ns3:hr>
					</ns3:TrackPointExtension>
				</extensions>
			</trkpt>
			<trkpt lat="48.99496473" lon="2.33079085">
				<ele>148.03</ele>
				<time>2025-12-05T11:27:51Z</time>
				<extensions>
					<ns3:TrackPointExtension>
						<ns3:speed>1.64</ns3:speed>
						<ns3:cad>59.0</ns3:cad>
						<ns3:hr>135</ns3:hr>
					</ns3:TrackPointExtension>
				</extensions>
			</trkpt>
			<trkpt lat="48.99497339" lon="2.33077086">
				<ele>148.14</ele>
				<time>2025-12-05T11:27:52Z</time>
				<extensions>
					<ns3:TrackPointExtension>
						<ns3:speed>1.66</ns3:speed>
						<ns3:cad>59.0</ns3:cad>
						<ns3:hr>135</ns3:hr>
					</ns3:TrackPointExtension>
				</extensions>
			</trkpt>
			<trkpt lat="48.99498139" lon="2.33075053">
				<ele>148.25</ele>
				<time>2025-12-05T11:27:53Z</time>
				<extensions>
					<ns3:TrackPointExtension>
						<ns3:speed>1.67</ns3:speed>
						<ns3:cad>60.0</ns3:cad>
						<ns3:hr>135</ns3:hr>
					</ns3:TrackPointExtension>
				</extensions>
			</trkpt>
			<trkpt lat="48.99498939" lon="2.33072954">
				<ele>148.25</ele>
				<time>2025-12-05T11:27:54Z</time>
				<extensions>
					<ns3:TrackPointExtension>
						<ns3:speed>1.68</ns3:speed>
						<ns3:cad>60.0</ns3:cad>
						<ns3:hr>135</ns3:hr>
					</ns3:TrackPointExtension>
				</extensions>
			</trkpt>
			<trkpt lat="48.99499705" lon="2.33070755">
				<ele>148.46</ele>
				<time>2025-12-05T11:27:55Z</time>
				<extensions>
					<ns3:TrackPointExtension>
						<ns3:speed>1.69</ns3:speed>
						<ns3:cad>60.0</ns3:cad>
						<ns3:hr>135</ns3:hr>
					</ns3:TrackPointExtension>
				</extensions>
			</trkpt>
			<trkpt lat="48.99500471" lon="2.33068556">
				<ele>148.57</ele>
				<time>2025-12-05T11:27:56Z</time>
				<extensions>
					<ns3:TrackPointExtension>
						<ns3:speed>1.7</ns3:speed>
						<ns3:cad>60.0</ns3:cad>
						<ns3:hr>135</ns3:hr>
					</ns3:TrackPointExtension>
				</extensions>
			</trkpt>
			<trkpt lat="48.99501271" lon="2.33066523">
				<ele>148.67</ele>
				<time>2025-12-05T11:27:57Z</time>
				<extensions>
					<ns3:TrackPointExtension>
						<ns3:speed>1.71</ns3:speed>
						<ns3:cad>60.0</ns3:cad>
						<ns3:hr>135</ns3:hr>
					</ns3:TrackPointExtension>
				</extensions>
			</trkpt>
			<trkpt lat="48.99502104" lon="2.3306449">
				<ele>148.77</ele>
				<time>2025-12-05T11:27:58Z</time>
				<extensions>
					<ns3:TrackPointExtension>
						<ns3:speed>1.71</ns3:speed>
						<ns3:cad>59.0</ns3:cad>
						<ns3:hr>135</ns3:hr>
					</ns3:TrackPointExtension>
				</extensions>
			</trkpt>
			<trkpt lat="48.99502837" lon="2.33062424">
				<ele>148.88</ele>
				<time>2025-12-05T11:27:59Z</time>
				<extensions>
					<ns3:TrackPointExtension>
						<ns3:speed>1.7</ns3:speed>
						<ns3:cad>59.0</ns3:cad>
						<ns3:hr>134</ns3:hr>
					</ns3:TrackPointExtension>
				</extensions>
			</trkpt>
			<trkpt lat="48.9950357" lon="2.33060324">
				<ele>148.99</ele>
				<time>2025-12-05T11:28:00Z</time>
				<extensions>
					<ns3:TrackPointExtension>
						<ns3:speed>1.69</ns3:speed>
						<ns3:cad>59.0</ns3:cad>
						<ns3:hr>133</ns3:hr>
					</ns3:TrackPointExtension>
				</extensions>
			</trkpt>
			<trkpt lat="48.99504269" lon="2.33058258">
				<ele>149.09</ele>
				<time>2025-12-05T11:28:01Z</time>
				<extensions>
					<ns3:TrackPointExtension>
						<ns3:speed>1.67</ns3:speed>
						<ns3:cad>58.0</ns3:cad>
						<ns3:hr>134</ns3:hr>
					</ns3:TrackPointExtension>
				</extensions>
			</trkpt>
			<trkpt lat="48.99505035" lon="2.33056192">
				<ele>149.21</ele>
				<time>2025-12-05T11:28:02Z</time>
				<extensions>
					<ns3:TrackPointExtension>
						<ns3:speed>1.66</ns3:speed>
						<ns3:cad>58.0</ns3:cad>
						<ns3:hr>134</ns3:hr>
					</ns3:TrackPointExtension>
				</extensions>
			</trkpt>
			<trkpt lat="48.99505801" lon="2.33054226">
				<ele>149.32</ele>
				<time>2025-12-05T11:28:03Z</time>
				<extensions>
					<ns3:TrackPointExtension>
						<ns3:speed>1.65</ns3:speed>
						<ns3:cad>58.0</ns3:cad>
						<ns3:hr>133</ns3:hr>
					</ns3:TrackPointExtension>
				</extensions>
			</trkpt>
			<trkpt lat="48.99506467" lon="2.3305226">
				<ele>149.42</ele>
				<time>2025-12-05T11:28:04Z</time>
				<extensions>
					<ns3:TrackPointExtension>
						<ns3:speed>1.65</ns3:speed>
						<ns3:cad>58.0</ns3:cad>
						<ns3:hr>134</ns3:hr>
					</ns3:TrackPointExtension>
				</extensions>
			</trkpt>
			<trkpt lat="48.99507066" lon="2.33050361">
				<ele>149.5</ele>
				<time>2025-12-05T11:28:05Z</time>
				<extensions>
					<ns3:TrackPointExtension>
						<ns3:speed>1.65</ns3:speed>
						<ns3:cad>58.0</ns3:cad>
						<ns3:hr>135</ns3:hr>
					</ns3:TrackPointExtension>
				</extensions>
			</trkpt>
			<trkpt lat="48.99507699" lon="2.33048462">
				<ele>149.58</ele>
				<time>2025-12-05T11:28:06Z</time>
				<extensions>
					<ns3:TrackPointExtension>
						<ns3:speed>1.65</ns3:speed>
						<ns3:cad>57.0</ns3:cad>
						<ns3:hr>135</ns3:hr>
					</ns3:TrackPointExtension>
				</extensions>
			</trkpt>
			<trkpt lat="48.99508332" lon="2.33046529">
				<ele>149.67</ele>
				<time>2025-12-05T11:28:07Z</time>
				<extensions>
					<ns3:TrackPointExtension>
						<ns3:speed>1.64</ns3:speed>
						<ns3:cad>57.0</ns3:cad>
						<ns3:hr>135</ns3:hr>
					</ns3:TrackPointExtension>
				</extensions>
			</trkpt>
			<trkpt lat="48.99508998" lon="2.33044563">
				<ele>149.75</ele>
				<time>2025-12-05T11:28:08Z</time>
				<extensions>
					<ns3:TrackPointExtension>
						<ns3:speed>1.64</ns3:speed>
						<ns3:cad>57.0</ns3:cad>
						<ns3:hr>135</ns3:hr>
					</ns3:TrackPointExtension>
				</extensions>
			</trkpt>
			<trkpt lat="48.99509664" lon="2.3304273">
				<ele>149.86</ele>
				<time>2025-12-05T11:28:09Z</time>
				<extensions>
					<ns3:TrackPointExtension>
						<ns3:speed>1.63</ns3:speed>
						<ns3:cad>57.0</ns3:cad>
						<ns3:hr>134</ns3:hr>
					</ns3:TrackPointExtension>
				</extensions>
			</trkpt>
			<trkpt lat="48.99510397" lon="2.33040831">
				<ele>149.96</ele>
				<time>2025-12-05T11:28:10Z</time>
				<extensions>
					<ns3:TrackPointExtension>
						<ns3:speed>1.63</ns3:speed>
						<ns3:cad>57.0</ns3:cad>
						<ns3:hr>134</ns3:hr>
					</ns3:TrackPointExtension>
				</extensions>
			</trkpt>
			<trkpt lat="48.99511197" lon="2.33038898">
				<ele>150.03</ele>
				<time>2025-12-05T11:28:11Z</time>
				<extensions>
					<ns3:TrackPointExtension>
						<ns3:speed>1.62</ns3:speed>
						<ns3:cad>57.0</ns3:cad>
						<ns3:hr>134</ns3:hr>
					</ns3:TrackPointExtension>
				</extensions>
			</trkpt>
			<trkpt lat="48.99511997" lon="2.33036932">
				<ele>150.14</ele>
				<time>2025-12-05T11:28:12Z</time>
				<extensions>
					<ns3:TrackPointExtension>
						<ns3:speed>1.62</ns3:speed>
						<ns3:cad>57.0</ns3:cad>
						<ns3:hr>133</ns3:hr>
					</ns3:TrackPointExtension>
				</extensions>
			</trkpt>
			<trkpt lat="48.9951273" lon="2.33034932">
				<ele>150.22</ele>
				<time>2025-12-05T11:28:13Z</time>
				<extensions>
					<ns3:TrackPointExtension>
						<ns3:speed>1.62</ns3:speed>
						<ns3:cad>57.0</ns3:cad>
						<ns3:hr>133</ns3:hr>
					</ns3:TrackPointExtension>
				</extensions>
			</trkpt>
			<trkpt lat="48.99513296" lon="2.33032899">
				<ele>150.3</ele>
				<time>2025-12-05T11:28:14Z</time>
				<extensions>
					<ns3:TrackPointExtension>
						<ns3:speed>1.62</ns3:speed>
						<ns3:cad>57.0</ns3:cad>
						<ns3:hr>133</ns3:hr>
					</ns3:TrackPointExtension>
				</extensions>
			</trkpt>
			<trkpt lat="48.99513895" lon="2.33030766">
				<ele>150.39</ele>
				<time>2025-12-05T11:28:15Z</time>
				<extensions>
					<ns3:TrackPointExtension>
						<ns3:speed>1.62</ns3:speed>
						<ns3:cad>57.0</ns3:cad>
						<ns3:hr>133</ns3:hr>
					</ns3:TrackPointExtension>
				</extensions>
			</trkpt>
			<trkpt lat="48.99514528" lon="2.330288">
				<ele>150.47</ele>
				<time>2025-12-05T11:28:16Z</time>
				<extensions>
					<ns3:TrackPointExtension>
						<ns3:speed>1.62</ns3:speed>
						<ns3:cad>57.0</ns3:cad>
						<ns3:hr>133</ns3:hr>
					</ns3:TrackPointExtension>
				</extensions>
			</trkpt>
			<trkpt lat="48.99515094" lon="2.33026734">
				<ele>150.55</ele>
				<time>2025-12-05T11:28:17Z</time>
				<extensions>
					<ns3:TrackPointExtension>
						<ns3:speed>1.62</ns3:speed>
						<ns3:cad>58.0</ns3:cad>
						<ns3:hr>133</ns3:hr>
					</ns3:TrackPointExtension>
				</extensions>
			</trkpt>
			<trkpt lat="48.9951566" lon="2.33024701">
				<ele>150.62</ele>
				<time>2025-12-05T11:28:18Z</time>
				<extensions>
					<ns3:TrackPointExtension>
						<ns3:speed>1.62</ns3:speed>
						<ns3:cad>58.0</ns3:cad>
						<ns3:hr>133</ns3:hr>
					</ns3:TrackPointExtension>
				</extensions>
			</trkpt>
			<trkpt lat="48.99516259" lon="2.33022802">
				<ele>150.7</ele>
				<time>2025-12-05T11:28:19Z</time>
				<extensions>
					<ns3:TrackPointExtension>
						<ns3:speed>1.62</ns3:speed>
						<ns3:cad>58.0</ns3:cad>
						<ns3:hr>132</ns3:hr>
					</ns3:TrackPointExtension>
				</extensions>
			</trkpt>
			<trkpt lat="48.99516925" lon="2.33021069">
				<ele>150.7</ele>
				<time>2025-12-05T11:28:20Z</time>
				<extensions>
					<ns3:TrackPointExtension>
						<ns3:speed>1.62</ns3:speed>
						<ns3:cad>58.0</ns3:cad>
						<ns3:hr>132</ns3:hr>
					</ns3:TrackPointExtension>
				</extensions>
			</trkpt>
			<trkpt lat="48.99517625" lon="2.33019303">
				<ele>150.78</ele>
				<time>2025-12-05T11:28:21Z</time>
				<extensions>
					<ns3:TrackPointExtension>
						<ns3:speed>1.62</ns3:speed>
						<ns3:cad>58.0</ns3:cad>
						<ns3:hr>131</ns3:hr>
					</ns3:TrackPointExtension>
				</extensions>
			</trkpt>
			<trkpt lat="48.99518291" lon="2.33017637">
				<ele>150.86</ele>
				<time>2025-12-05T11:28:22Z</time>
				<extensions>
					<ns3:TrackPointExtension>
						<ns3:speed>1.61</ns3:speed>
						<ns3:cad>58.0</ns3:cad>
						<ns3:hr>131</ns3:hr>
					</ns3:TrackPointExtension>
				</extensions>
			</trkpt>
			<trkpt lat="48.99518957" lon="2.33015904">
				<ele>150.97</ele>
				<time>2025-12-05T11:28:23Z</time>
				<extensions>
					<ns3:TrackPointExtension>
						<ns3:speed>1.61</ns3:speed>
						<ns3:cad>58.0</ns3:cad>
						<ns3:hr>131</ns3:hr>
					</ns3:TrackPointExtension>
				</extensions>
			</trkpt>
			<trkpt lat="48.99519623" lon="2.33014138">
				<ele>150.97</ele>
				<time>2025-12-05T11:28:24Z</time>
				<extensions>
					<ns3:TrackPointExtension>
						<ns3:speed>1.61</ns3:speed>
						<ns3:cad>58.0</ns3:cad>
						<ns3:hr>130</ns3:hr>
					</ns3:TrackPointExtension>
				</extensions>
			</trkpt>
			<trkpt lat="48.99520156" lon="2.33012538">
				<ele>151.16</ele>
				<time>2025-12-05T11:28:25Z</time>
				<extensions>
					<ns3:TrackPointExtension>
						<ns3:speed>1.6</ns3:speed>
						<ns3:cad>58.0</ns3:cad>
						<ns3:hr>130</ns3:hr>
					</ns3:TrackPointExtension>
				</extensions>
			</trkpt>
			<trkpt lat="48.99520755" lon="2.33011039">
				<ele>151.27</ele>
				<time>2025-12-05T11:28:26Z</time>
				<extensions>
					<ns3:TrackPointExtension>
						<ns3:speed>1.6</ns3:speed>
						<ns3:cad>58.0</ns3:cad>
						<ns3:hr>130</ns3:hr>
					</ns3:TrackPointExtension>
				</extensions>
			</trkpt>
			<trkpt lat="48.99521488" lon="2.33009473">
				<ele>151.36</ele>
				<time>2025-12-05T11:28:27Z</time>
				<extensions>
					<ns3:TrackPointExtension>
						<ns3:speed>1.59</ns3:speed>
						<ns3:cad>58.0</ns3:cad>
						<ns3:hr>130</ns3:hr>
					</ns3:TrackPointExtension>
				</extensions>
			</trkpt>
			<trkpt lat="48.99522288" lon="2.33008073">
				<ele>151.46</ele>
				<time>2025-12-05T11:28:28Z</time>
				<extensions>
					<ns3:TrackPointExtension>
						<ns3:speed>1.59</ns3:speed>
						<ns3:cad>58.0</ns3:cad>
						<ns3:hr>130</ns3:hr>
					</ns3:TrackPointExtension>
				</extensions>
			</trkpt>
			<trkpt lat="48.99522954" lon="2.33006773">
				<ele>151.56</ele>
				<time>2025-12-05T11:28:29Z</time>
				<extensions>
					<ns3:TrackPointExtension>
						<ns3:speed>1.58</ns3:speed>
						<ns3:cad>58.0</ns3:cad>
						<ns3:hr>130</ns3:hr>
					</ns3:TrackPointExtension>
				</extensions>
			</trkpt>
			<trkpt lat="48.99523553" lon="2.33005373">
				<ele>151.66</ele>
				<time>2025-12-05T11:28:30Z</time>
				<extensions>
					<ns3:TrackPointExtension>
						<ns3:speed>1.58</ns3:speed>
						<ns3:cad>57.0</ns3:cad>
						<ns3:hr>130</ns3:hr>
					</ns3:TrackPointExtension>
				</extensions>
			</trkpt>
			<trkpt lat="48.99524319" lon="2.33004207">
				<ele>151.74</ele>
				<time>2025-12-05T11:28:31Z</time>
				<extensions>
					<ns3:TrackPointExtension>
						<ns3:speed>1.57</ns3:speed>
						<ns3:cad>57.0</ns3:cad>
						<ns3:hr>130</ns3:hr>
					</ns3:TrackPointExtension>
				</extensions>
			</trkpt>
			<trkpt lat="48.99525185" lon="2.33002907">
				<ele>151.83</ele>
				<time>2025-12-05T11:28:32Z</time>
				<extensions>
					<ns3:TrackPointExtension>
						<ns3:speed>1.56</ns3:speed>
						<ns3:cad>57.0</ns3:cad>
						<ns3:hr>131</ns3:hr>
					</ns3:TrackPointExtension>
				</extensions>
			</trkpt>
			<trkpt lat="48.99526285" lon="2.33001674">
				<ele>151.91</ele>
				<time>2025-12-05T11:28:33Z</time>
				<extensions>
					<ns3:TrackPointExtension>
						<ns3:speed>1.55</ns3:speed>
						<ns3:cad>58.0</ns3:cad>
						<ns3:hr>130</ns3:hr>
					</ns3:TrackPointExtension>
				</extensions>
			</trkpt>
			<trkpt lat="48.99527418" lon="2.33000608">
				<ele>151.98</ele>
				<time>2025-12-05T11:28:34Z</time>
				<extensions>
					<ns3:TrackPointExtension>
						<ns3:speed>1.55</ns3:speed>
						<ns3:cad>58.0</ns3:cad>
						<ns3:hr>131</ns3:hr>
					</ns3:TrackPointExtension>
				</extensions>
			</trkpt>
			<trkpt lat="48.99528717" lon="2.32999642">
				<ele>152.06</ele>
				<time>2025-12-05T11:28:35Z</time>
				<extensions>
					<ns3:TrackPointExtension>
						<ns3:speed>1.54</ns3:speed>
						<ns3:cad>59.0</ns3:cad>
						<ns3:hr>131</ns3:hr>
					</ns3:TrackPointExtension>
				</extensions>
			</trkpt>
			<trkpt lat="48.99529983" lon="2.32998709">
				<ele>152.16</ele>
				<time>2025-12-05T11:28:36Z</time>
				<extensions>
					<ns3:TrackPointExtension>
						<ns3:speed>1.54</ns3:speed>
						<ns3:cad>59.0</ns3:cad>
						<ns3:hr>130</ns3:hr>
					</ns3:TrackPointExtension>
				</extensions>
			</trkpt>
			<trkpt lat="48.99531383" lon="2.32997943">
				<ele>152.27</ele>
				<time>2025-12-05T11:28:37Z</time>
				<extensions>
					<ns3:TrackPointExtension>
						<ns3:speed>1.54</ns3:speed>
						<ns3:cad>58.0</ns3:cad>
						<ns3:hr>130</ns3:hr>
					</ns3:TrackPointExtension>
				</extensions>
			</trkpt>
			<trkpt lat="48.99532816" lon="2.32997644">
				<ele>152.36</ele>
				<time>2025-12-05T11:28:38Z</time>
				<extensions>
					<ns3:TrackPointExtension>
						<ns3:speed>1.54</ns3:speed>
						<ns3:cad>57.0</ns3:cad>
						<ns3:hr>131</ns3:hr>
					</ns3:TrackPointExtension>
				</extensions>
			</trkpt>
			<trkpt lat="48.99534216" lon="2.3299771">
				<ele>152.47</ele>
				<time>2025-12-05T11:28:39Z</time>
				<extensions>
					<ns3:TrackPointExtension>
						<ns3:speed>1.54</ns3:speed>
						<ns3:cad>57.0</ns3:cad>
						<ns3:hr>130</ns3:hr>
					</ns3:TrackPointExtension>
				</extensions>
			</trkpt>
			<trkpt lat="48.99535649" lon="2.32998143">
				<ele>152.57</ele>
				<time>2025-12-05T11:28:40Z</time>
				<extensions>
					<ns3:TrackPointExtension>
						<ns3:speed>1.54</ns3:speed>
						<ns3:cad>58.0</ns3:cad>
						<ns3:hr>130</ns3:hr>
					</ns3:TrackPointExtension>
				</extensions>
			</trkpt>
			<trkpt lat="48.99537049" lon="2.32998809">
				<ele>152.67</ele>
				<time>2025-12-05T11:28:41Z</time>
				<extensions>
					<ns3:TrackPointExtension>
						<ns3:speed>1.54</ns3:speed>
						<ns3:cad>58.0</ns3:cad>
						<ns3:hr>130</ns3:hr>
					</ns3:TrackPointExtension>
				</extensions>
			</trkpt>
			<trkpt lat="48.99538349" lon="2.32999542">
				<ele>152.75</ele>
				<time>2025-12-05T11:28:42Z</time>
				<extensions>
					<ns3:TrackPointExtension>
						<ns3:speed>1.54</ns3:speed>
						<ns3:cad>59.0</ns3:cad>
						<ns3:hr>130</ns3:hr>
					</ns3:TrackPointExtension>
				</extensions>
			</trkpt>
			<trkpt lat="48.99539648" lon="2.33000542">
				<ele>152.82</ele>
				<time>2025-12-05T11:28:43Z</time>
				<extensions>
					<ns3:TrackPointExtension>
						<ns3:speed>1.55</ns3:speed>
						<ns3:cad>59.0</ns3:cad>
						<ns3:hr>131</ns3:hr>
					</ns3:TrackPointExtension>
				</extensions>
			</trkpt>
			<trkpt lat="48.99540981" lon="2.33001508">
				<ele>152.88</ele>
				<time>2025-12-05T11:28:44Z</time>
				<extensions>
					<ns3:TrackPointExtension>
						<ns3:speed>1.55</ns3:speed>
						<ns3:cad>59.0</ns3:cad>
						<ns3:hr>131</ns3:hr>
					</ns3:TrackPointExtension>
				</extensions>
			</trkpt>
			<trkpt lat="48.99542381" lon="2.33002441">
				<ele>152.92</ele>
				<time>2025-12-05T11:28:45Z</time>
				<extensions>
					<ns3:TrackPointExtension>
						<ns3:speed>1.55</ns3:speed>
						<ns3:cad>59.0</ns3:cad>
						<ns3:hr>132</ns3:hr>
					</ns3:TrackPointExtension>
				</extensions>
			</trkpt>
			<trkpt lat="48.99543814" lon="2.33003407">
				<ele>152.97</ele>
				<time>2025-12-05T11:28:46Z</time>
				<extensions>
					<ns3:TrackPointExtension>
						<ns3:speed>1.56</ns3:speed>
						<ns3:cad>60.0</ns3:cad>
						<ns3:hr>132</ns3:hr>
					</ns3:TrackPointExtension>
				</extensions>
			</trkpt>
			<trkpt lat="48.99545347" lon="2.33003973">
				<ele>153.0</ele>
				<time>2025-12-05T11:28:47Z</time>
				<extensions>
					<ns3:TrackPointExtension>
						<ns3:speed>1.56</ns3:speed>
						<ns3:cad>60.0</ns3:cad>
						<ns3:hr>132</ns3:hr>
					</ns3:TrackPointExtension>
				</extensions>
			</trkpt>
			<trkpt lat="48.9954698" lon="2.33004572">
				<ele>153.03</ele>
				<time>2025-12-05T11:28:48Z</time>
				<extensions>
					<ns3:TrackPointExtension>
						<ns3:speed>1.56</ns3:speed>
						<ns3:cad>60.0</ns3:cad>
						<ns3:hr>132</ns3:hr>
					</ns3:TrackPointExtension>
				</extensions>
			</trkpt>
			<trkpt lat="48.99548646" lon="2.33005138">
				<ele>153.03</ele>
				<time>2025-12-05T11:28:49Z</time>
				<extensions>
					<ns3:TrackPointExtension>
						<ns3:speed>1.57</ns3:speed>
						<ns3:cad>60.0</ns3:cad>
						<ns3:hr>132</ns3:hr>
					</ns3:TrackPointExtension>
				</extensions>
			</trkpt>
			<trkpt lat="48.99550446" lon="2.33005871">
				<ele>153.03</ele>
				<time>2025-12-05T11:28:50Z</time>
				<extensions>
					<ns3:TrackPointExtension>
						<ns3:speed>1.57</ns3:speed>
						<ns3:cad>61.0</ns3:cad>
						<ns3:hr>131</ns3:hr>
					</ns3:TrackPointExtension>
				</extensions>
			</trkpt>
			<trkpt lat="48.99552179" lon="2.33006637">
				<ele>153.05</ele>
				<time>2025-12-05T11:28:51Z</time>
				<extensions>
					<ns3:TrackPointExtension>
						<ns3:speed>1.58</ns3:speed>
						<ns3:cad>61.0</ns3:cad>
						<ns3:hr>131</ns3:hr>
					</ns3:TrackPointExtension>
				</extensions>
			</trkpt>
			<trkpt lat="48.99553945" lon="2.33007703">
				<ele>153.03</ele>
				<time>2025-12-05T11:28:52Z</time>
				<extensions>
					<ns3:TrackPointExtension>
						<ns3:speed>1.61</ns3:speed>
						<ns3:cad>61.0</ns3:cad>
						<ns3:hr>130</ns3:hr>
					</ns3:TrackPointExtension>
				</extensions>
			</trkpt>
			<trkpt lat="48.99555611" lon="2.33008969">
				<ele>153.03</ele>
				<time>2025-12-05T11:28:53Z</time>
				<extensions>
					<ns3:TrackPointExtension>
						<ns3:speed>1.62</ns3:speed>
						<ns3:cad>61.0</ns3:cad>
						<ns3:hr>130</ns3:hr>
					</ns3:TrackPointExtension>
				</extensions>
			</trkpt>
			<trkpt lat="48.99557211" lon="2.33010235">
				<ele>153.03</ele>
				<time>2025-12-05T11:28:54Z</time>
				<extensions>
					<ns3:TrackPointExtension>
						<ns3:speed>1.63</ns3:speed>
						<ns3:cad>61.0</ns3:cad>
						<ns3:hr>129</ns3:hr>
					</ns3:TrackPointExtension>
				</extensions>
			</trkpt>
			<trkpt lat="48.9955871" lon="2.33011401">
				<ele>153.02</ele>
				<time>2025-12-05T11:28:55Z</time>
				<extensions>
					<ns3:TrackPointExtension>
						<ns3:speed>1.64</ns3:speed>
						<ns3:cad>61.0</ns3:cad>
						<ns3:hr>129</ns3:hr>
					</ns3:TrackPointExtension>
				</extensions>
			</trkpt>
			<trkpt lat="48.99560276" lon="2.33012634">
				<ele>153.02</ele>
				<time>2025-12-05T11:28:56Z</time>
				<extensions>
					<ns3:TrackPointExtension>
						<ns3:speed>1.65</ns3:speed>
						<ns3:cad>61.0</ns3:cad>
						<ns3:hr>128</ns3:hr>
					</ns3:TrackPointExtension>
				</extensions>
			</trkpt>
			<trkpt lat="48.99561742" lon="2.330137">
				<ele>153.0</ele>
				<time>2025-12-05T11:28:57Z</time>
				<extensions>
					<ns3:TrackPointExtension>
						<ns3:speed>1.65</ns3:speed>
						<ns3:cad>61.0</ns3:cad>
						<ns3:hr>127</ns3:hr>
					</ns3:TrackPointExtension>
				</extensions>
			</trkpt>
			<trkpt lat="48.99563241" lon="2.33014666">
				<ele>152.99</ele>
				<time>2025-12-05T11:28:58Z</time>
				<extensions>
					<ns3:TrackPointExtension>
						<ns3:speed>1.66</ns3:speed>
						<ns3:cad>61.0</ns3:cad>
						<ns3:hr>127</ns3:hr>
					</ns3:TrackPointExtension>
				</extensions>
			</trkpt>
			<trkpt lat="48.99564707" lon="2.33015732">
				<ele>152.97</ele>
				<time>2025-12-05T11:28:59Z</time>
				<extensions>
					<ns3:TrackPointExtension>
						<ns3:speed>1.66</ns3:speed>
						<ns3:cad>61.0</ns3:cad>
						<ns3:hr>127</ns3:hr>
					</ns3:TrackPointExtension>
				</extensions>
			</trkpt>
			<trkpt lat="48.99566207" lon="2.33016565">
				<ele>152.95</ele>
				<time>2025-12-05T11:29:00Z</time>
				<extensions>
					<ns3:TrackPointExtension>
						<ns3:speed>1.66</ns3:speed>
						<ns3:cad>61.0</ns3:cad>
						<ns3:hr>127</ns3:hr>
					</ns3:TrackPointExtension>
				</extensions>
			</trkpt>
			<trkpt lat="48.99567706" lon="2.33017198">
				<ele>152.92</ele>
				<time>2025-12-05T11:29:01Z</time>
				<extensions>
					<ns3:TrackPointExtension>
						<ns3:speed>1.66</ns3:speed>
						<ns3:cad>61.0</ns3:cad>
						<ns3:hr>127</ns3:hr>
					</ns3:TrackPointExtension>
				</extensions>
			</trkpt>
			<trkpt lat="48.99569205" lon="2.33017831">
				<ele>152.92</ele>
				<time>2025-12-05T11:29:02Z</time>
				<extensions>
					<ns3:TrackPointExtension>
						<ns3:speed>1.66</ns3:speed>
						<ns3:cad>61.0</ns3:cad>
						<ns3:hr>127</ns3:hr>
					</ns3:TrackPointExtension>
				</extensions>
			</trkpt>
			<trkpt lat="48.99570705" lon="2.33018631">
				<ele>152.91</ele>
				<time>2025-12-05T11:29:03Z</time>
				<extensions>
					<ns3:TrackPointExtension>
						<ns3:speed>1.67</ns3:speed>
						<ns3:cad>61.0</ns3:cad>
						<ns3:hr>127</ns3:hr>
					</ns3:TrackPointExtension>
				</extensions>
			</trkpt>
			<trkpt lat="48.99572204" lon="2.33019564">
				<ele>152.89</ele>
				<time>2025-12-05T11:29:04Z</time>
				<extensions>
					<ns3:TrackPointExtension>
						<ns3:speed>1.67</ns3:speed>
						<ns3:cad>60.0</ns3:cad>
						<ns3:hr>128</ns3:hr>
					</ns3:TrackPointExtension>
				</extensions>
			</trkpt>
			<trkpt lat="48.99573637" lon="2.33020597">
				<ele>152.88</ele>
				<time>2025-12-05T11:29:05Z</time>
				<extensions>
					<ns3:TrackPointExtension>
						<ns3:speed>1.67</ns3:speed>
						<ns3:cad>60.0</ns3:cad>
						<ns3:hr>128</ns3:hr>
					</ns3:TrackPointExtension>
				</extensions>
			</trkpt>
			<trkpt lat="48.99575037" lon="2.33021697">
				<ele>152.87</ele>
				<time>2025-12-05T11:29:06Z</time>
				<extensions>
					<ns3:TrackPointExtension>
						<ns3:speed>1.67</ns3:speed>
						<ns3:cad>60.0</ns3:cad>
						<ns3:hr>128</ns3:hr>
					</ns3:TrackPointExtension>
				</extensions>
			</trkpt>
			<trkpt lat="48.99576403" lon="2.33022797">
				<ele>152.87</ele>
				<time>2025-12-05T11:29:07Z</time>
				<extensions>
					<ns3:TrackPointExtension>
						<ns3:speed>1.67</ns3:speed>
						<ns3:cad>60.0</ns3:cad>
						<ns3:hr>128</ns3:hr>
					</ns3:TrackPointExtension>
				</extensions>
			</trkpt>
			<trkpt lat="48.99577803" lon="2.33023796">
				<ele>152.86</ele>
				<time>2025-12-05T11:29:08Z</time>
				<extensions>
					<ns3:TrackPointExtension>
						<ns3:speed>1.67</ns3:speed>
						<ns3:cad>60.0</ns3:cad>
						<ns3:hr>129</ns3:hr>
					</ns3:TrackPointExtension>
				</extensions>
			</trkpt>
			<trkpt lat="48.99579336" lon="2.33024662">
				<ele>152.84</ele>
				<time>2025-12-05T11:29:09Z</time>
				<extensions>
					<ns3:TrackPointExtension>
						<ns3:speed>1.67</ns3:speed>
						<ns3:cad>60.0</ns3:cad>
						<ns3:hr>129</ns3:hr>
					</ns3:TrackPointExtension>
				</extensions>
			</trkpt>
			<trkpt lat="48.99580836" lon="2.33025662">
				<ele>152.83</ele>
				<time>2025-12-05T11:29:10Z</time>
				<extensions>
					<ns3:TrackPointExtension>
						<ns3:speed>1.68</ns3:speed>
						<ns3:cad>61.0</ns3:cad>
						<ns3:hr>129</ns3:hr>
					</ns3:TrackPointExtension>
				</extensions>
			</trkpt>
			<trkpt lat="48.99582236" lon="2.33026728">
				<ele>152.81</ele>
				<time>2025-12-05T11:29:11Z</time>
				<extensions>
					<ns3:TrackPointExtension>
						<ns3:speed>1.68</ns3:speed>
						<ns3:cad>61.0</ns3:cad>
						<ns3:hr>129</ns3:hr>
					</ns3:TrackPointExtension>
				</extensions>
			</trkpt>
			<trkpt lat="48.99583502" lon="2.33027728">
				<ele>152.8</ele>
				<time>2025-12-05T11:29:12Z</time>
				<extensions>
					<ns3:TrackPointExtension>
						<ns3:speed>1.68</ns3:speed>
						<ns3:cad>61.0</ns3:cad>
						<ns3:hr>127</ns3:hr>
					</ns3:TrackPointExtension>
				</extensions>
			</trkpt>
			<trkpt lat="48.99584802" lon="2.33028761">
				<ele>152.78</ele>
				<time>2025-12-05T11:29:13Z</time>
				<extensions>
					<ns3:TrackPointExtension>
						<ns3:speed>1.68</ns3:speed>
						<ns3:cad>61.0</ns3:cad>
						<ns3:hr>126</ns3:hr>
					</ns3:TrackPointExtension>
				</extensions>
			</trkpt>
			<trkpt lat="48.99586202" lon="2.33029827">
				<ele>152.78</ele>
				<time>2025-12-05T11:29:14Z</time>
				<extensions>
					<ns3:TrackPointExtension>
						<ns3:speed>1.68</ns3:speed>
						<ns3:cad>61.0</ns3:cad>
						<ns3:hr>125</ns3:hr>
					</ns3:TrackPointExtension>
				</extensions>
			</trkpt>
			<trkpt lat="48.99587568" lon="2.33030893">
				<ele>152.78</ele>
				<time>2025-12-05T11:29:15Z</time>
				<extensions>
					<ns3:TrackPointExtension>
						<ns3:speed>1.68</ns3:speed>
						<ns3:cad>61.0</ns3:cad>
						<ns3:hr>125</ns3:hr>
					</ns3:TrackPointExtension>
				</extensions>
			</trkpt>
			<trkpt lat="48.99588901" lon="2.33031993">
				<ele>152.78</ele>
				<time>2025-12-05T11:29:16Z</time>
				<extensions>
					<ns3:TrackPointExtension>
						<ns3:speed>1.68</ns3:speed>
						<ns3:cad>61.0</ns3:cad>
						<ns3:hr>125</ns3:hr>
					</ns3:TrackPointExtension>
				</extensions>
			</trkpt>
			<trkpt lat="48.99590267" lon="2.33033126">
				<ele>152.78</ele>
				<time>2025-12-05T11:29:17Z</time>
				<extensions>
					<ns3:TrackPointExtension>
						<ns3:speed>1.68</ns3:speed>
						<ns3:cad>61.0</ns3:cad>
						<ns3:hr>125</ns3:hr>
					</ns3:TrackPointExtension>
				</extensions>
			</trkpt>
			<trkpt lat="48.99591667" lon="2.33034192">
				<ele>152.78</ele>
				<time>2025-12-05T11:29:18Z</time>
				<extensions>
					<ns3:TrackPointExtension>
						<ns3:speed>1.68</ns3:speed>
						<ns3:cad>61.0</ns3:cad>
						<ns3:hr>125</ns3:hr>
					</ns3:TrackPointExtension>
				</extensions>
			</trkpt>
			<trkpt lat="48.99593033" lon="2.33035158">
				<ele>152.77</ele>
				<time>2025-12-05T11:29:19Z</time>
				<extensions>
					<ns3:TrackPointExtension>
						<ns3:speed>1.68</ns3:speed>
						<ns3:cad>61.0</ns3:cad>
						<ns3:hr>126</ns3:hr>
					</ns3:TrackPointExtension>
				</extensions>
			</trkpt>
			<trkpt lat="48.99594333" lon="2.33036157">
				<ele>152.77</ele>
				<time>2025-12-05T11:29:20Z</time>
				<extensions>
					<ns3:TrackPointExtension>
						<ns3:speed>1.68</ns3:speed>
						<ns3:cad>61.0</ns3:cad>
						<ns3:hr>127</ns3:hr>
					</ns3:TrackPointExtension>
				</extensions>
			</trkpt>
			<trkpt lat="48.99595666" lon="2.33037157">
				<ele>152.75</ele>
				<time>2025-12-05T11:29:21Z</time>
				<extensions>
					<ns3:TrackPointExtension>
						<ns3:speed>1.68</ns3:speed>
						<ns3:cad>61.0</ns3:cad>
						<ns3:hr>126</ns3:hr>
					</ns3:TrackPointExtension>
				</extensions>
			</trkpt>
			<trkpt lat="48.99596966" lon="2.33038157">
				<ele>152.73</ele>
				<time>2025-12-05T11:29:22Z</time>
				<extensions>
					<ns3:TrackPointExtension>
						<ns3:speed>1.68</ns3:speed>
						<ns3:cad>61.0</ns3:cad>
						<ns3:hr>126</ns3:hr>
					</ns3:TrackPointExtension>
				</extensions>
			</trkpt>
			<trkpt lat="48.99598266" lon="2.33039223">
				<ele>152.71</ele>
				<time>2025-12-05T11:29:23Z</time>
				<extensions>
					<ns3:TrackPointExtension>
						<ns3:speed>1.68</ns3:speed>
						<ns3:cad>61.0</ns3:cad>
						<ns3:hr>126</ns3:hr>
					</ns3:TrackPointExtension>
				</extensions>
			</trkpt>
			<trkpt lat="48.99599599" lon="2.33040256">
				<ele>152.67</ele>
				<time>2025-12-05T11:29:24Z</time>
				<extensions>
					<ns3:TrackPointExtension>
						<ns3:speed>1.68</ns3:speed>
						<ns3:cad>61.0</ns3:cad>
						<ns3:hr>126</ns3:hr>
					</ns3:TrackPointExtension>
				</extensions>
			</trkpt>
			<trkpt lat="48.99600865" lon="2.33041322">
				<ele>152.64</ele>
				<time>2025-12-05T11:29:25Z</time>
				<extensions>
					<ns3:TrackPointExtension>
						<ns3:speed>1.68</ns3:speed>
						<ns3:cad>61.0</ns3:cad>
						<ns3:hr>126</ns3:hr>
					</ns3:TrackPointExtension>
				</extensions>
			</trkpt>
			<trkpt lat="48.99602231" lon="2.33042322">
				<ele>152.6</ele>
				<time>2025-12-05T11:29:26Z</time>
				<extensions>
					<ns3:TrackPointExtension>
						<ns3:speed>1.68</ns3:speed>
						<ns3:cad>60.0</ns3:cad>
						<ns3:hr>126</ns3:hr>
					</ns3:TrackPointExtension>
				</extensions>
			</trkpt>
			<trkpt lat="48.99603597" lon="2.33043388">
				<ele>152.55</ele>
				<time>2025-12-05T11:29:27Z</time>
				<extensions>
					<ns3:TrackPointExtension>
						<ns3:speed>1.68</ns3:speed>
						<ns3:cad>60.0</ns3:cad>
						<ns3:hr>125</ns3:hr>
					</ns3:TrackPointExtension>
				</extensions>
			</trkpt>
			<trkpt lat="48.9960493" lon="2.33044487">
				<ele>152.5</ele>
				<time>2025-12-05T11:29:28Z</time>
				<extensions>
					<ns3:TrackPointExtension>
						<ns3:speed>1.68</ns3:speed>
						<ns3:cad>60.0</ns3:cad>
						<ns3:hr>125</ns3:hr>
					</ns3:TrackPointExtension>
				</extensions>
			</trkpt>
			<trkpt lat="48.99606196" lon="2.33045686">
				<ele>152.45</ele>
				<time>2025-12-05T11:29:29Z</time>
				<extensions>
					<ns3:TrackPointExtension>
						<ns3:speed>1.68</ns3:speed>
						<ns3:cad>60.0</ns3:cad>
						<ns3:hr>125</ns3:hr>
					</ns3:TrackPointExtension>
				</extensions>
			</trkpt>
			<trkpt lat="48.99607429" lon="2.33046852">
				<ele>152.41</ele>
				<time>2025-12-05T11:29:30Z</time>
				<extensions>
					<ns3:TrackPointExtension>
						<ns3:speed>1.68</ns3:speed>
						<ns3:cad>59.0</ns3:cad>
						<ns3:hr>124</ns3:hr>
					</ns3:TrackPointExtension>
				</extensions>
			</trkpt>
			<trkpt lat="48.99608695" lon="2.33047985">
				<ele>152.36</ele>
				<time>2025-12-05T11:29:31Z</time>
				<extensions>
					<ns3:TrackPointExtension>
						<ns3:speed>1.67</ns3:speed>
						<ns3:cad>59.0</ns3:cad>
						<ns3:hr>124</ns3:hr>
					</ns3:TrackPointExtension>
				</extensions>
			</trkpt>
			<trkpt lat="48.99609994" lon="2.33049051">
				<ele>152.33</ele>
				<time>2025-12-05T11:29:32Z</time>
				<extensions>
					<ns3:TrackPointExtension>
						<ns3:speed>1.67</ns3:speed>
						<ns3:cad>60.0</ns3:cad>
						<ns3:hr>124</ns3:hr>
					</ns3:TrackPointExtension>
				</extensions>
			</trkpt>
			<trkpt lat="48.99611227" lon="2.33050051">
				<ele>152.28</ele>
				<time>2025-12-05T11:29:33Z</time>
				<extensions>
					<ns3:TrackPointExtension>
						<ns3:speed>1.67</ns3:speed>
						<ns3:cad>60.0</ns3:cad>
						<ns3:hr>124</ns3:hr>
					</ns3:TrackPointExtension>
				</extensions>
			</trkpt>
			<trkpt lat="48.99612327" lon="2.3305095">
				<ele>152.25</ele>
				<time>2025-12-05T11:29:34Z</time>
				<extensions>
					<ns3:TrackPointExtension>
						<ns3:speed>1.67</ns3:speed>
						<ns3:cad>60.0</ns3:cad>
						<ns3:hr>124</ns3:hr>
					</ns3:TrackPointExtension>
				</extensions>
			</trkpt>
			<trkpt lat="48.9961336" lon="2.3305135">
				<ele>152.22</ele>
				<time>2025-12-05T11:29:35Z</time>
				<extensions>
					<ns3:TrackPointExtension>
						<ns3:speed>1.67</ns3:speed>
						<ns3:cad>60.0</ns3:cad>
						<ns3:hr>125</ns3:hr>
					</ns3:TrackPointExtension>
				</extensions>
			</trkpt>
			<trkpt lat="48.99614259" lon="2.3305115">
				<ele>152.19</ele>
				<time>2025-12-05T11:29:36Z</time>
				<extensions>
					<ns3:TrackPointExtension>
						<ns3:speed>1.66</ns3:speed>
						<ns3:cad>60.0</ns3:cad>
						<ns3:hr>125</ns3:hr>
					</ns3:TrackPointExtension>
				</extensions>
			</trkpt>
			<trkpt lat="48.99615192" lon="2.33050417">
				<ele>152.17</ele>
				<time>2025-12-05T11:29:37Z</time>
				<extensions>
					<ns3:TrackPointExtension>
						<ns3:speed>1.66</ns3:speed>
						<ns3:cad>59.0</ns3:cad>
						<ns3:hr>125</ns3:hr>
					</ns3:TrackPointExtension>
				</extensions>
			</trkpt>
			<trkpt lat="48.99615825" lon="2.33049151">
				<ele>152.17</ele>
				<time>2025-12-05T11:29:38Z</time>
				<extensions>
					<ns3:TrackPointExtension>
						<ns3:speed>1.65</ns3:speed>
						<ns3:cad>59.0</ns3:cad>
						<ns3:hr>126</ns3:hr>
					</ns3:TrackPointExtension>
				</extensions>
			</trkpt>
			<trkpt lat="48.99616391" lon="2.33047418">
				<ele>152.2</ele>
				<time>2025-12-05T11:29:39Z</time>
				<extensions>
					<ns3:TrackPointExtension>
						<ns3:speed>1.63</ns3:speed>
						<ns3:cad>59.0</ns3:cad>
						<ns3:hr>126</ns3:hr>
					</ns3:TrackPointExtension>
				</extensions>
			</trkpt>
			<trkpt lat="48.99616891" lon="2.33045585">
				<ele>152.25</ele>
				<time>2025-12-05T11:29:40Z</time>
				<extensions>
					<ns3:TrackPointExtension>
						<ns3:speed>1.62</ns3:speed>
						<ns3:cad>59.0</ns3:cad>
						<ns3:hr>126</ns3:hr>
					</ns3:TrackPointExtension>
				</extensions>
			</trkpt>
			<trkpt lat="48.9961749" lon="2.33043519">
				<ele>152.28</ele>
				<time>2025-12-05T11:29:41Z</time>
				<extensions>
					<ns3:TrackPointExtension>
						<ns3:speed>1.62</ns3:speed>
						<ns3:cad>59.0</ns3:cad>
						<ns3:hr>126</ns3:hr>
					</ns3:TrackPointExtension>
				</extensions>
			</trkpt>
			<trkpt lat="48.99618423" lon="2.3304182">
				<ele>152.34</ele>
				<time>2025-12-05T11:29:42Z</time>
				<extensions>
					<ns3:TrackPointExtension>
						<ns3:speed>1.61</ns3:speed>
						<ns3:cad>59.0</ns3:cad>
						<ns3:hr>126</ns3:hr>
					</ns3:TrackPointExtension>
				</extensions>
			</trkpt>
			<trkpt lat="48.99619623" lon="2.3304062">
				<ele>152.39</ele>
				<time>2025-12-05T11:29:43Z</time>
				<extensions>
					<ns3:TrackPointExtension>
						<ns3:speed>1.61</ns3:speed>
						<ns3:cad>60.0</ns3:cad>
						<ns3:hr>126</ns3:hr>
					</ns3:TrackPointExtension>
				</extensions>
			</trkpt>
			<trkpt lat="48.99620856" lon="2.33039621">
				<ele>152.44</ele>
				<time>2025-12-05T11:29:44Z</time>
				<extensions>
					<ns3:TrackPointExtension>
						<ns3:speed>1.61</ns3:speed>
						<ns3:cad>61.0</ns3:cad>
						<ns3:hr>126</ns3:hr>
					</ns3:TrackPointExtension>
				</extensions>
			</trkpt>
			<trkpt lat="48.99622222" lon="2.33038755">
				<ele>152.49</ele>
				<time>2025-12-05T11:29:45Z</time>
				<extensions>
					<ns3:TrackPointExtension>
						<ns3:speed>1.61</ns3:speed>
						<ns3:cad>62.0</ns3:cad>
						<ns3:hr>126</ns3:hr>
					</ns3:TrackPointExtension>
				</extensions>
			</trkpt>
			<trkpt lat="48.99623555" lon="2.33037856">
				<ele>152.53</ele>
				<time>2025-12-05T11:29:46Z</time>
				<extensions>
					<ns3:TrackPointExtension>
						<ns3:speed>1.61</ns3:speed>
						<ns3:cad>62.0</ns3:cad>
						<ns3:hr>126</ns3:hr>
					</ns3:TrackPointExtension>
				</extensions>
			</trkpt>
			<trkpt lat="48.99624854" lon="2.33036823">
				<ele>152.57</ele>
				<time>2025-12-05T11:29:47Z</time>
				<extensions>
					<ns3:TrackPointExtension>
						<ns3:speed>1.61</ns3:speed>
						<ns3:cad>62.0</ns3:cad>
						<ns3:hr>125</ns3:hr>
					</ns3:TrackPointExtension>
				</extensions>
			</trkpt>
			<trkpt lat="48.99625887" lon="2.3303549">
				<ele>152.6</ele>
				<time>2025-12-05T11:29:48Z</time>
				<extensions>
					<ns3:TrackPointExtension>
						<ns3:speed>1.61</ns3:speed>
						<ns3:cad>61.0</ns3:cad>
						<ns3:hr>125</ns3:hr>
					</ns3:TrackPointExtension>
				</extensions>
			</trkpt>
			<trkpt lat="48.99626753" lon="2.33033824">
				<ele>152.63</ele>
				<time>2025-12-05T11:29:49Z</time>
				<extensions>
					<ns3:TrackPointExtension>
						<ns3:speed>1.61</ns3:speed>
						<ns3:cad>60.0</ns3:cad>
						<ns3:hr>124</ns3:hr>
					</ns3:TrackPointExtension>
				</extensions>
			</trkpt>
			<trkpt lat="48.99627553" lon="2.33031958">
				<ele>152.69</ele>
				<time>2025-12-05T11:29:50Z</time>
				<extensions>
					<ns3:TrackPointExtension>
						<ns3:speed>1.61</ns3:speed>
						<ns3:cad>60.0</ns3:cad>
						<ns3:hr>124</ns3:hr>
					</ns3:TrackPointExtension>
				</extensions>
			</trkpt>
			<trkpt lat="48.99628252" lon="2.33029825">
				<ele>152.75</ele>
				<time>2025-12-05T11:29:51Z</time>
				<extensions>
					<ns3:TrackPointExtension>
						<ns3:speed>1.61</ns3:speed>
						<ns3:cad>59.0</ns3:cad>
						<ns3:hr>124</ns3:hr>
					</ns3:TrackPointExtension>
				</extensions>
			</trkpt>
			<trkpt lat="48.99628851" lon="2.33027659">
				<ele>152.84</ele>
				<time>2025-12-05T11:29:52Z</time>
				<extensions>
					<ns3:TrackPointExtension>
						<ns3:speed>1.61</ns3:speed>
						<ns3:cad>59.0</ns3:cad>
						<ns3:hr>125</ns3:hr>
					</ns3:TrackPointExtension>
				</extensions>
			</trkpt>
			<trkpt lat="48.99629484" lon="2.33025526">
				<ele>152.92</ele>
				<time>2025-12-05T11:29:53Z</time>
				<extensions>
					<ns3:TrackPointExtension>
						<ns3:speed>1.61</ns3:speed>
						<ns3:cad>59.0</ns3:cad>
						<ns3:hr>125</ns3:hr>
					</ns3:TrackPointExtension>
				</extensions>
			</trkpt>
			<trkpt lat="48.9963005" lon="2.3302336">
				<ele>153.02</ele>
				<time>2025-12-05T11:29:54Z</time>
				<extensions>
					<ns3:TrackPointExtension>
						<ns3:speed>1.62</ns3:speed>
						<ns3:cad>59.0</ns3:cad>
						<ns3:hr>126</ns3:hr>
					</ns3:TrackPointExtension>
				</extensions>
			</trkpt>
			<trkpt lat="48.99630616" lon="2.33021127">
				<ele>153.11</ele>
				<time>2025-12-05T11:29:55Z</time>
				<extensions>
					<ns3:TrackPointExtension>
						<ns3:speed>1.62</ns3:speed>
						<ns3:cad>59.0</ns3:cad>
						<ns3:hr>126</ns3:hr>
					</ns3:TrackPointExtension>
				</extensions>
			</trkpt>
			<trkpt lat="48.99631049" lon="2.33018861">
				<ele>153.21</ele>
				<time>2025-12-05T11:29:56Z</time>
				<extensions>
					<ns3:TrackPointExtension>
						<ns3:speed>1.62</ns3:speed>
						<ns3:cad>59.0</ns3:cad>
						<ns3:hr>126</ns3:hr>
					</ns3:TrackPointExtension>
				</extensions>
			</trkpt>
			<trkpt lat="48.99631482" lon="2.33016662">
				<ele>153.3</ele>
				<time>2025-12-05T11:29:57Z</time>
				<extensions>
					<ns3:TrackPointExtension>
						<ns3:speed>1.62</ns3:speed>
						<ns3:cad>59.0</ns3:cad>
						<ns3:hr>126</ns3:hr>
					</ns3:TrackPointExtension>
				</extensions>
			</trkpt>
			<trkpt lat="48.99631848" lon="2.33014463">
				<ele>153.39</ele>
				<time>2025-12-05T11:29:58Z</time>
				<extensions>
					<ns3:TrackPointExtension>
						<ns3:speed>1.62</ns3:speed>
						<ns3:cad>59.0</ns3:cad>
						<ns3:hr>126</ns3:hr>
					</ns3:TrackPointExtension>
				</extensions>
			</trkpt>
			<trkpt lat="48.99632147" lon="2.33012264">
				<ele>153.48</ele>
				<time>2025-12-05T11:29:59Z</time>
				<extensions>
					<ns3:TrackPointExtension>
						<ns3:speed>1.63</ns3:speed>
						<ns3:cad>59.0</ns3:cad>
						<ns3:hr>127</ns3:hr>
					</ns3:TrackPointExtension>
				</extensions>
			</trkpt>
			<trkpt lat="48.9963238" lon="2.33010031">
				<ele>153.55</ele>
				<time>2025-12-05T11:30:00Z</time>
				<extensions>
					<ns3:TrackPointExtension>
						<ns3:speed>1.63</ns3:speed>
						<ns3:cad>59.0</ns3:cad>
						<ns3:hr>127</ns3:hr>
					</ns3:TrackPointExtension>
				</extensions>
			</trkpt>
			<trkpt lat="48.99632679" lon="2.33007798">
				<ele>153.61</ele>
				<time>2025-12-05T11:30:01Z</time>
				<extensions>
					<ns3:TrackPointExtension>
						<ns3:speed>1.63</ns3:speed>
						<ns3:cad>58.0</ns3:cad>
						<ns3:hr>127</ns3:hr>
					</ns3:TrackPointExtension>
				</extensions>
			</trkpt>
			<trkpt lat="48.99632912" lon="2.33005665">
				<ele>153.67</ele>
				<time>2025-12-05T11:30:02Z</time>
				<extensions>
					<ns3:TrackPointExtension>
						<ns3:speed>1.63</ns3:speed>
						<ns3:cad>58.0</ns3:cad>
						<ns3:hr>128</ns3:hr>
					</ns3:TrackPointExtension>
				</extensions>
			</trkpt>
			<trkpt lat="48.99633178" lon="2.33003599">
				<ele>153.67</ele>
				<time>2025-12-05T11:30:03Z</time>
				<extensions>
					<ns3:TrackPointExtension>
						<ns3:speed>1.63</ns3:speed>
						<ns3:cad>58.0</ns3:cad>
						<ns3:hr>128</ns3:hr>
					</ns3:TrackPointExtension>
				</extensions>
			</trkpt>
			<trkpt lat="48.99633477" lon="2.33001466">
				<ele>153.71</ele>
				<time>2025-12-05T11:30:04Z</time>
				<extensions>
					<ns3:TrackPointExtension>
						<ns3:speed>1.63</ns3:speed>
						<ns3:cad>59.0</ns3:cad>
						<ns3:hr>128</ns3:hr>
					</ns3:TrackPointExtension>
				</extensions>
			</trkpt>
			<trkpt lat="48.99633776" lon="2.32999333">
				<ele>153.75</ele>
				<time>2025-12-05T11:30:05Z</time>
				<extensions>
					<ns3:TrackPointExtension>
						<ns3:speed>1.63</ns3:speed>
						<ns3:cad>59.0</ns3:cad>
						<ns3:hr>127</ns3:hr>
					</ns3:TrackPointExtension>
				</extensions>
			</trkpt>
			<trkpt lat="48.99634109" lon="2.32997134">
				<ele>153.82</ele>
				<time>2025-12-05T11:30:06Z</time>
				<extensions>
					<ns3:TrackPointExtension>
						<ns3:speed>1.63</ns3:speed>
						<ns3:cad>59.0</ns3:cad>
						<ns3:hr>127</ns3:hr>
					</ns3:TrackPointExtension>
				</extensions>
			</trkpt>
			<trkpt lat="48.99634375" lon="2.32995001">
				<ele>153.82</ele>
				<time>2025-12-05T11:30:07Z</time>
				<extensions>
					<ns3:TrackPointExtension>
						<ns3:speed>1.63</ns3:speed>
						<ns3:cad>59.0</ns3:cad>
						<ns3:hr>126</ns3:hr>
					</ns3:TrackPointExtension>
				</extensions>
			</trkpt>
			<trkpt lat="48.99634575" lon="2.32992802">
				<ele>153.98</ele>
				<time>2025-12-05T11:30:08Z</time>
				<extensions>
					<ns3:TrackPointExtension>
						<ns3:speed>1.63</ns3:speed>
						<ns3:cad>59.0</ns3:cad>
						<ns3:hr>125</ns3:hr>
					</ns3:TrackPointExtension>
				</extensions>
			</trkpt>
			<trkpt lat="48.99634774" lon="2.32990603">
				<ele>154.06</ele>
				<time>2025-12-05T11:30:09Z</time>
				<extensions>
					<ns3:TrackPointExtension>
						<ns3:speed>1.63</ns3:speed>
						<ns3:cad>59.0</ns3:cad>
						<ns3:hr>125</ns3:hr>
					</ns3:TrackPointExtension>
				</extensions>
			</trkpt>
			<trkpt lat="48.99634974" lon="2.32988337">
				<ele>154.12</ele>
				<time>2025-12-05T11:30:10Z</time>
				<extensions>
					<ns3:TrackPointExtension>
						<ns3:speed>1.63</ns3:speed>
						<ns3:cad>59.0</ns3:cad>
						<ns3:hr>124</ns3:hr>
					</ns3:TrackPointExtension>
				</extensions>
			</trkpt>
			<trkpt lat="48.9963514" lon="2.32986138">
				<ele>154.19</ele>
				<time>2025-12-05T11:30:11Z</time>
				<extensions>
					<ns3:TrackPointExtension>
						<ns3:speed>1.63</ns3:speed>
						<ns3:cad>59.0</ns3:cad>
						<ns3:hr>125</ns3:hr>
					</ns3:TrackPointExtension>
				</extensions>
			</trkpt>
			<trkpt lat="48.99635439" lon="2.32983872">
				<ele>154.25</ele>
				<time>2025-12-05T11:30:12Z</time>
				<extensions>
					<ns3:TrackPointExtension>
						<ns3:speed>1.63</ns3:speed>
						<ns3:cad>59.0</ns3:cad>
						<ns3:hr>125</ns3:hr>
					</ns3:TrackPointExtension>
				</extensions>
			</trkpt>
			<trkpt lat="48.99635772" lon="2.32981572">
				<ele>154.32</ele>
				<time>2025-12-05T11:30:13Z</time>
				<extensions>
					<ns3:TrackPointExtension>
						<ns3:speed>1.63</ns3:speed>
						<ns3:cad>60.0</ns3:cad>
						<ns3:hr>124</ns3:hr>
					</ns3:TrackPointExtension>
				</extensions>
			</trkpt>
			<trkpt lat="48.99636171" lon="2.32979339">
				<ele>154.38</ele>
				<time>2025-12-05T11:30:14Z</time>
				<extensions>
					<ns3:TrackPointExtension>
						<ns3:speed>1.63</ns3:speed>
						<ns3:cad>60.0</ns3:cad>
						<ns3:hr>124</ns3:hr>
					</ns3:TrackPointExtension>
				</extensions>
			</trkpt>
			<trkpt lat="48.99636604" lon="2.32977206">
				<ele>154.44</ele>
				<time>2025-12-05T11:30:15Z</time>
				<extensions>
					<ns3:TrackPointExtension>
						<ns3:speed>1.63</ns3:speed>
						<ns3:cad>61.0</ns3:cad>
						<ns3:hr>123</ns3:hr>
					</ns3:TrackPointExtension>
				</extensions>
			</trkpt>
			<trkpt lat="48.99637003" lon="2.32974973">
				<ele>154.52</ele>
				<time>2025-12-05T11:30:16Z</time>
				<extensions>
					<ns3:TrackPointExtension>
						<ns3:speed>1.63</ns3:speed>
						<ns3:cad>61.0</ns3:cad>
						<ns3:hr>124</ns3:hr>
					</ns3:TrackPointExtension>
				</extensions>
			</trkpt>
			<trkpt lat="48.99637436" lon="2.32972774">
				<ele>154.59</ele>
				<time>2025-12-05T11:30:17Z</time>
				<extensions>
					<ns3:TrackPointExtension>
						<ns3:speed>1.63</ns3:speed>
						<ns3:cad>61.0</ns3:cad>
						<ns3:hr>125</ns3:hr>
					</ns3:TrackPointExtension>
				</extensions>
			</trkpt>
			<trkpt lat="48.99637835" lon="2.32970508">
				<ele>154.67</ele>
				<time>2025-12-05T11:30:18Z</time>
				<extensions>
					<ns3:TrackPointExtension>
						<ns3:speed>1.63</ns3:speed>
						<ns3:cad>61.0</ns3:cad>
						<ns3:hr>125</ns3:hr>
					</ns3:TrackPointExtension>
				</extensions>
			</trkpt>
			<trkpt lat="48.99638201" lon="2.32968242">
				<ele>154.75</ele>
				<time>2025-12-05T11:30:19Z</time>
				<extensions>
					<ns3:TrackPointExtension>
						<ns3:speed>1.64</ns3:speed>
						<ns3:cad>60.0</ns3:cad>
						<ns3:hr>125</ns3:hr>
					</ns3:TrackPointExtension>
				</extensions>
			</trkpt>
			<trkpt lat="48.99638667" lon="2.32966009">
				<ele>154.82</ele>
				<time>2025-12-05T11:30:20Z</time>
				<extensions>
					<ns3:TrackPointExtension>
						<ns3:speed>1.64</ns3:speed>
						<ns3:cad>60.0</ns3:cad>
						<ns3:hr>127</ns3:hr>
					</ns3:TrackPointExtension>
				</extensions>
			</trkpt>
			<trkpt lat="48.99639167" lon="2.32963743">
				<ele>154.88</ele>
				<time>2025-12-05T11:30:21Z</time>
				<extensions>
					<ns3:TrackPointExtension>
						<ns3:speed>1.64</ns3:speed>
						<ns3:cad>60.0</ns3:cad>
						<ns3:hr>128</ns3:hr>
					</ns3:TrackPointExtension>
				</extensions>
			</trkpt>
			<trkpt lat="48.99639533" lon="2.3296151">
				<ele>154.95</ele>
				<time>2025-12-05T11:30:22Z</time>
				<extensions>
					<ns3:TrackPointExtension>
						<ns3:speed>1.64</ns3:speed>
						<ns3:cad>60.0</ns3:cad>
						<ns3:hr>127</ns3:hr>
					</ns3:TrackPointExtension>
				</extensions>
			</trkpt>
			<trkpt lat="48.99639899" lon="2.32959311">
				<ele>155.0</ele>
				<time>2025-12-05T11:30:23Z</time>
				<extensions>
					<ns3:TrackPointExtension>
						<ns3:speed>1.65</ns3:speed>
						<ns3:cad>60.0</ns3:cad>
						<ns3:hr>127</ns3:hr>
					</ns3:TrackPointExtension>
				</extensions>
			</trkpt>
			<trkpt lat="48.99640232" lon="2.32957112">
				<ele>155.0</ele>
				<time>2025-12-05T11:30:24Z</time>
				<extensions>
					<ns3:TrackPointExtension>
						<ns3:speed>1.65</ns3:speed>
						<ns3:cad>60.0</ns3:cad>
						<ns3:hr>127</ns3:hr>
					</ns3:TrackPointExtension>
				</extensions>
			</trkpt>
			<trkpt lat="48.99640565" lon="2.32954846">
				<ele>155.12</ele>
				<time>2025-12-05T11:30:25Z</time>
				<extensions>
					<ns3:TrackPointExtension>
						<ns3:speed>1.65</ns3:speed>
						<ns3:cad>60.0</ns3:cad>
						<ns3:hr>127</ns3:hr>
					</ns3:TrackPointExtension>
				</extensions>
			</trkpt>
			<trkpt lat="48.99640898" lon="2.32952647">
				<ele>155.16</ele>
				<time>2025-12-05T11:30:26Z</time>
				<extensions>
					<ns3:TrackPointExtension>
						<ns3:speed>1.65</ns3:speed>
						<ns3:cad>60.0</ns3:cad>
						<ns3:hr>127</ns3:hr>
					</ns3:TrackPointExtension>
				</extensions>
			</trkpt>
			<trkpt lat="48.99641231" lon="2.32950448">
				<ele>155.2</ele>
				<time>2025-12-05T11:30:27Z</time>
				<extensions>
					<ns3:TrackPointExtension>
						<ns3:speed>1.65</ns3:speed>
						<ns3:cad>59.0</ns3:cad>
						<ns3:hr>127</ns3:hr>
					</ns3:TrackPointExtension>
				</extensions>
			</trkpt>
			<trkpt lat="48.99641564" lon="2.32948282">
				<ele>155.24</ele>
				<time>2025-12-05T11:30:28Z</time>
				<extensions>
					<ns3:TrackPointExtension>
						<ns3:speed>1.65</ns3:speed>
						<ns3:cad>59.0</ns3:cad>
						<ns3:hr>128</ns3:hr>
					</ns3:TrackPointExtension>
				</extensions>
			</trkpt>
			<trkpt lat="48.99641963" lon="2.32946083">
				<ele>155.28</ele>
				<time>2025-12-05T11:30:29Z</time>
				<extensions>
					<ns3:TrackPointExtension>
						<ns3:speed>1.65</ns3:speed>
						<ns3:cad>59.0</ns3:cad>
						<ns3:hr>128</ns3:hr>
					</ns3:TrackPointExtension>
				</extensions>
			</trkpt>
			<trkpt lat="48.99642362" lon="2.32943917">
				<ele>155.33</ele>
				<time>2025-12-05T11:30:30Z</time>
				<extensions>
					<ns3:TrackPointExtension>
						<ns3:speed>1.65</ns3:speed>
						<ns3:cad>59.0</ns3:cad>
						<ns3:hr>127</ns3:hr>
					</ns3:TrackPointExtension>
				</extensions>
			</trkpt>
			<trkpt lat="48.99642628" lon="2.32941684">
				<ele>155.38</ele>
				<time>2025-12-05T11:30:31Z</time>
				<extensions>
					<ns3:TrackPointExtension>
						<ns3:speed>1.65</ns3:speed>
						<ns3:cad>59.0</ns3:cad>
						<ns3:hr>127</ns3:hr>
					</ns3:TrackPointExtension>
				</extensions>
			</trkpt>
			<trkpt lat="48.99642961" lon="2.32939485">
				<ele>155.42</ele>
				<time>2025-12-05T11:30:32Z</time>
				<extensions>
					<ns3:TrackPointExtension>
						<ns3:speed>1.65</ns3:speed>
						<ns3:cad>60.0</ns3:cad>
						<ns3:hr>127</ns3:hr>
					</ns3:TrackPointExtension>
				</extensions>
			</trkpt>
			<trkpt lat="48.9964326" lon="2.32937286">
				<ele>155.45</ele>
				<time>2025-12-05T11:30:33Z</time>
				<extensions>
					<ns3:TrackPointExtension>
						<ns3:speed>1.65</ns3:speed>
						<ns3:cad>60.0</ns3:cad>
						<ns3:hr>126</ns3:hr>
					</ns3:TrackPointExtension>
				</extensions>
			</trkpt>
			<trkpt lat="48.99643593" lon="2.32935087">
				<ele>155.49</ele>
				<time>2025-12-05T11:30:34Z</time>
				<extensions>
					<ns3:TrackPointExtension>
						<ns3:speed>1.65</ns3:speed>
						<ns3:cad>60.0</ns3:cad>
						<ns3:hr>126</ns3:hr>
					</ns3:TrackPointExtension>
				</extensions>
			</trkpt>
			<trkpt lat="48.99643859" lon="2.32932921">
				<ele>155.53</ele>
				<time>2025-12-05T11:30:35Z</time>
				<extensions>
					<ns3:TrackPointExtension>
						<ns3:speed>1.65</ns3:speed>
						<ns3:cad>60.0</ns3:cad>
						<ns3:hr>126</ns3:hr>
					</ns3:TrackPointExtension>
				</extensions>
			</trkpt>
			<trkpt lat="48.99644192" lon="2.32930755">
				<ele>155.57</ele>
				<time>2025-12-05T11:30:36Z</time>
				<extensions>
					<ns3:TrackPointExtension>
						<ns3:speed>1.65</ns3:speed>
						<ns3:cad>60.0</ns3:cad>
						<ns3:hr>125</ns3:hr>
					</ns3:TrackPointExtension>
				</extensions>
			</trkpt>
			<trkpt lat="48.99644591" lon="2.32928656">
				<ele>155.61</ele>
				<time>2025-12-05T11:30:37Z</time>
				<extensions>
					<ns3:TrackPointExtension>
						<ns3:speed>1.65</ns3:speed>
						<ns3:cad>60.0</ns3:cad>
						<ns3:hr>125</ns3:hr>
					</ns3:TrackPointExtension>
				</extensions>
			</trkpt>
			<trkpt lat="48.99645057" lon="2.32926656">
				<ele>155.64</ele>
				<time>2025-12-05T11:30:38Z</time>
				<extensions>
					<ns3:TrackPointExtension>
						<ns3:speed>1.65</ns3:speed>
						<ns3:cad>60.0</ns3:cad>
						<ns3:hr>125</ns3:hr>
					</ns3:TrackPointExtension>
				</extensions>
			</trkpt>
			<trkpt lat="48.99645523" lon="2.32924857">
				<ele>155.67</ele>
				<time>2025-12-05T11:30:39Z</time>
				<extensions>
					<ns3:TrackPointExtension>
						<ns3:speed>1.65</ns3:speed>
						<ns3:cad>60.0</ns3:cad>
						<ns3:hr>126</ns3:hr>
					</ns3:TrackPointExtension>
				</extensions>
			</trkpt>
			<trkpt lat="48.99646089" lon="2.32922991">
				<ele>155.74</ele>
				<time>2025-12-05T11:30:40Z</time>
				<extensions>
					<ns3:TrackPointExtension>
						<ns3:speed>1.65</ns3:speed>
						<ns3:cad>60.0</ns3:cad>
						<ns3:hr>126</ns3:hr>
					</ns3:TrackPointExtension>
				</extensions>
			</trkpt>
			<trkpt lat="48.99646755" lon="2.32921058">
				<ele>155.82</ele>
				<time>2025-12-05T11:30:41Z</time>
				<extensions>
					<ns3:TrackPointExtension>
						<ns3:speed>1.64</ns3:speed>
						<ns3:cad>60.0</ns3:cad>
						<ns3:hr>126</ns3:hr>
					</ns3:TrackPointExtension>
				</extensions>
			</trkpt>
			<trkpt lat="48.99647421" lon="2.32919092">
				<ele>155.89</ele>
				<time>2025-12-05T11:30:42Z</time>
				<extensions>
					<ns3:TrackPointExtension>
						<ns3:speed>1.64</ns3:speed>
						<ns3:cad>59.0</ns3:cad>
						<ns3:hr>126</ns3:hr>
					</ns3:TrackPointExtension>
				</extensions>
			</trkpt>
			<trkpt lat="48.99648087" lon="2.32917126">
				<ele>155.96</ele>
				<time>2025-12-05T11:30:43Z</time>
				<extensions>
					<ns3:TrackPointExtension>
						<ns3:speed>1.64</ns3:speed>
						<ns3:cad>59.0</ns3:cad>
						<ns3:hr>126</ns3:hr>
					</ns3:TrackPointExtension>
				</extensions>
			</trkpt>
			<trkpt lat="48.99648753" lon="2.3291516">
				<ele>156.05</ele>
				<time>2025-12-05T11:30:44Z</time>
				<extensions>
					<ns3:TrackPointExtension>
						<ns3:speed>1.64</ns3:speed>
						<ns3:cad>59.0</ns3:cad>
						<ns3:hr>126</ns3:hr>
					</ns3:TrackPointExtension>
				</extensions>
			</trkpt>
			<trkpt lat="48.99649619" lon="2.32913294">
				<ele>156.13</ele>
				<time>2025-12-05T11:30:45Z</time>
				<extensions>
					<ns3:TrackPointExtension>
						<ns3:speed>1.64</ns3:speed>
						<ns3:cad>59.0</ns3:cad>
						<ns3:hr>126</ns3:hr>
					</ns3:TrackPointExtension>
				</extensions>
			</trkpt>
			<trkpt lat="48.99650452" lon="2.32911661">
				<ele>156.2</ele>
				<time>2025-12-05T11:30:46Z</time>
				<extensions>
					<ns3:TrackPointExtension>
						<ns3:speed>1.64</ns3:speed>
						<ns3:cad>59.0</ns3:cad>
						<ns3:hr>126</ns3:hr>
					</ns3:TrackPointExtension>
				</extensions>
			</trkpt>
			<trkpt lat="48.99651485" lon="2.32910195">
				<ele>156.28</ele>
				<time>2025-12-05T11:30:47Z</time>
				<extensions>
					<ns3:TrackPointExtension>
						<ns3:speed>1.64</ns3:speed>
						<ns3:cad>59.0</ns3:cad>
						<ns3:hr>126</ns3:hr>
					</ns3:TrackPointExtension>
				</extensions>
			</trkpt>
			<trkpt lat="48.99652585" lon="2.32908929">
				<ele>156.35</ele>
				<time>2025-12-05T11:30:48Z</time>
				<extensions>
					<ns3:TrackPointExtension>
						<ns3:speed>1.64</ns3:speed>
						<ns3:cad>59.0</ns3:cad>
						<ns3:hr>125</ns3:hr>
					</ns3:TrackPointExtension>
				</extensions>
			</trkpt>
			<trkpt lat="48.99653851" lon="2.32907929">
				<ele>156.41</ele>
				<time>2025-12-05T11:30:49Z</time>
				<extensions>
					<ns3:TrackPointExtension>
						<ns3:speed>1.64</ns3:speed>
						<ns3:cad>58.0</ns3:cad>
						<ns3:hr>124</ns3:hr>
					</ns3:TrackPointExtension>
				</extensions>
			</trkpt>
			<trkpt lat="48.99655251" lon="2.32907363">
				<ele>156.46</ele>
				<time>2025-12-05T11:30:50Z</time>
				<extensions>
					<ns3:TrackPointExtension>
						<ns3:speed>1.64</ns3:speed>
						<ns3:cad>58.0</ns3:cad>
						<ns3:hr>123</ns3:hr>
					</ns3:TrackPointExtension>
				</extensions>
			</trkpt>
			<trkpt lat="48.99656717" lon="2.32907363">
				<ele>156.53</ele>
				<time>2025-12-05T11:30:51Z</time>
				<extensions>
					<ns3:TrackPointExtension>
						<ns3:speed>1.63</ns3:speed>
						<ns3:cad>58.0</ns3:cad>
						<ns3:hr>122</ns3:hr>
					</ns3:TrackPointExtension>
				</extensions>
			</trkpt>
			<trkpt lat="48.99658183" lon="2.32907496">
				<ele>156.62</ele>
				<time>2025-12-05T11:30:52Z</time>
				<extensions>
					<ns3:TrackPointExtension>
						<ns3:speed>1.63</ns3:speed>
						<ns3:cad>58.0</ns3:cad>
						<ns3:hr>122</ns3:hr>
					</ns3:TrackPointExtension>
				</extensions>
			</trkpt>
			<trkpt lat="48.99659682" lon="2.32907562">
				<ele>156.69</ele>
				<time>2025-12-05T11:30:53Z</time>
				<extensions>
					<ns3:TrackPointExtension>
						<ns3:speed>1.63</ns3:speed>
						<ns3:cad>58.0</ns3:cad>
						<ns3:hr>122</ns3:hr>
					</ns3:TrackPointExtension>
				</extensions>
			</trkpt>
			<trkpt lat="48.99661148" lon="2.32907595">
				<ele>156.75</ele>
				<time>2025-12-05T11:30:54Z</time>
				<extensions>
					<ns3:TrackPointExtension>
						<ns3:speed>1.63</ns3:speed>
						<ns3:cad>58.0</ns3:cad>
						<ns3:hr>122</ns3:hr>
					</ns3:TrackPointExtension>
				</extensions>
			</trkpt>
			<trkpt lat="48.99662581" lon="2.32907761">
				<ele>156.75</ele>
				<time>2025-12-05T11:30:55Z</time>
				<extensions>
					<ns3:TrackPointExtension>
						<ns3:speed>1.63</ns3:speed>
						<ns3:cad>59.0</ns3:cad>
						<ns3:hr>123</ns3:hr>
					</ns3:TrackPointExtension>
				</extensions>
			</trkpt>
			<trkpt lat="48.99663981" lon="2.32907994">
				<ele>156.83</ele>
				<time>2025-12-05T11:30:56Z</time>
				<extensions>
					<ns3:TrackPointExtension>
						<ns3:speed>1.63</ns3:speed>
						<ns3:cad>59.0</ns3:cad>
						<ns3:hr>123</ns3:hr>
					</ns3:TrackPointExtension>
				</extensions>
			</trkpt>
			<trkpt lat="48.99665414" lon="2.32908327">
				<ele>156.88</ele>
				<time>2025-12-05T11:30:57Z</time>
				<extensions>
					<ns3:TrackPointExtension>
						<ns3:speed>1.63</ns3:speed>
						<ns3:cad>59.0</ns3:cad>
						<ns3:hr>123</ns3:hr>
					</ns3:TrackPointExtension>
				</extensions>
			</trkpt>
			<trkpt lat="48.99666814" lon="2.3290866">
				<ele>156.92</ele>
				<time>2025-12-05T11:30:58Z</time>
				<extensions>
					<ns3:TrackPointExtension>
						<ns3:speed>1.63</ns3:speed>
						<ns3:cad>59.0</ns3:cad>
						<ns3:hr>124</ns3:hr>
					</ns3:TrackPointExtension>
				</extensions>
			</trkpt>
			<trkpt lat="48.9966838" lon="2.32908926">
				<ele>156.92</ele>
				<time>2025-12-05T11:30:59Z</time>
				<extensions>
					<ns3:TrackPointExtension>
						<ns3:speed>1.63</ns3:speed>
						<ns3:cad>59.0</ns3:cad>
						<ns3:hr>124</ns3:hr>
					</ns3:TrackPointExtension>
				</extensions>
			</trkpt>
			<trkpt lat="48.99669846" lon="2.32908959">
				<ele>157.05</ele>
				<time>2025-12-05T11:31:00Z</time>
				<extensions>
					<ns3:TrackPointExtension>
						<ns3:speed>1.63</ns3:speed>
						<ns3:cad>60.0</ns3:cad>
						<ns3:hr>125</ns3:hr>
					</ns3:TrackPointExtension>
				</extensions>
			</trkpt>
			<trkpt lat="48.99671045" lon="2.32909258">
				<ele>157.09</ele>
				<time>2025-12-05T11:31:01Z</time>
				<extensions>
					<ns3:TrackPointExtension>
						<ns3:speed>1.63</ns3:speed>
						<ns3:cad>60.0</ns3:cad>
						<ns3:hr>125</ns3:hr>
					</ns3:TrackPointExtension>
				</extensions>
			</trkpt>
			<trkpt lat="48.99672111" lon="2.32909791">
				<ele>157.14</ele>
				<time>2025-12-05T11:31:02Z</time>
				<extensions>
					<ns3:TrackPointExtension>
						<ns3:speed>1.63</ns3:speed>
						<ns3:cad>60.0</ns3:cad>
						<ns3:hr>125</ns3:hr>
					</ns3:TrackPointExtension>
				</extensions>
			</trkpt>
			<trkpt lat="48.99673444" lon="2.32910291">
				<ele>157.23</ele>
				<time>2025-12-05T11:31:03Z</time>
				<extensions>
					<ns3:TrackPointExtension>
						<ns3:speed>1.63</ns3:speed>
						<ns3:cad>60.0</ns3:cad>
						<ns3:hr>125</ns3:hr>
					</ns3:TrackPointExtension>
				</extensions>
			</trkpt>
			<trkpt lat="48.99674677" lon="2.32910757">
				<ele>157.28</ele>
				<time>2025-12-05T11:31:04Z</time>
				<extensions>
					<ns3:TrackPointExtension>
						<ns3:speed>1.63</ns3:speed>
						<ns3:cad>61.0</ns3:cad>
						<ns3:hr>125</ns3:hr>
					</ns3:TrackPointExtension>
				</extensions>
			</trkpt>
			<trkpt lat="48.99675977" lon="2.32911257">
				<ele>157.33</ele>
				<time>2025-12-05T11:31:05Z</time>
				<extensions>
					<ns3:TrackPointExtension>
						<ns3:speed>1.62</ns3:speed>
						<ns3:cad>61.0</ns3:cad>
						<ns3:hr>126</ns3:hr>
					</ns3:TrackPointExtension>
				</extensions>
			</trkpt>
			<trkpt lat="48.99677343" lon="2.32911823">
				<ele>157.36</ele>
				<time>2025-12-05T11:31:06Z</time>
				<extensions>
					<ns3:TrackPointExtension>
						<ns3:speed>1.62</ns3:speed>
						<ns3:cad>61.0</ns3:cad>
						<ns3:hr>125</ns3:hr>
					</ns3:TrackPointExtension>
				</extensions>
			</trkpt>
			<trkpt lat="48.99678676" lon="2.32912422">
				<ele>157.41</ele>
				<time>2025-12-05T11:31:07Z</time>
				<extensions>
					<ns3:TrackPointExtension>
						<ns3:speed>1.62</ns3:speed>
						<ns3:cad>61.0</ns3:cad>
						<ns3:hr>125</ns3:hr>
					</ns3:TrackPointExtension>
				</extensions>
			</trkpt>
			<trkpt lat="48.99680175" lon="2.32912921">
				<ele>157.47</ele>
				<time>2025-12-05T11:31:08Z</time>
				<extensions>
					<ns3:TrackPointExtension>
						<ns3:speed>1.62</ns3:speed>
						<ns3:cad>61.0</ns3:cad>
						<ns3:hr>125</ns3:hr>
					</ns3:TrackPointExtension>
				</extensions>
			</trkpt>
			<trkpt lat="48.99681674" lon="2.32913354">
				<ele>157.5</ele>
				<time>2025-12-05T11:31:09Z</time>
				<extensions>
					<ns3:TrackPointExtension>
						<ns3:speed>1.62</ns3:speed>
						<ns3:cad>61.0</ns3:cad>
						<ns3:hr>124</ns3:hr>
					</ns3:TrackPointExtension>
				</extensions>
			</trkpt>
			<trkpt lat="48.9968314" lon="2.32913787">
				<ele>157.58</ele>
				<time>2025-12-05T11:31:10Z</time>
				<extensions>
					<ns3:TrackPointExtension>
						<ns3:speed>1.62</ns3:speed>
						<ns3:cad>61.0</ns3:cad>
						<ns3:hr>124</ns3:hr>
					</ns3:TrackPointExtension>
				</extensions>
			</trkpt>
			<trkpt lat="48.9968464" lon="2.3291442">
				<ele>157.66</ele>
				<time>2025-12-05T11:31:11Z</time>
				<extensions>
					<ns3:TrackPointExtension>
						<ns3:speed>1.62</ns3:speed>
						<ns3:cad>61.0</ns3:cad>
						<ns3:hr>124</ns3:hr>
					</ns3:TrackPointExtension>
				</extensions>
			</trkpt>
			<trkpt lat="48.99686139" lon="2.32914953">
				<ele>157.74</ele>
				<time>2025-12-05T11:31:12Z</time>
				<extensions>
					<ns3:TrackPointExtension>
						<ns3:speed>1.62</ns3:speed>
						<ns3:cad>61.0</ns3:cad>
						<ns3:hr>123</ns3:hr>
					</ns3:TrackPointExtension>
				</extensions>
			</trkpt>
			<trkpt lat="48.99687638" lon="2.32915353">
				<ele>157.84</ele>
				<time>2025-12-05T11:31:13Z</time>
				<extensions>
					<ns3:TrackPointExtension>
						<ns3:speed>1.62</ns3:speed>
						<ns3:cad>61.0</ns3:cad>
						<ns3:hr>123</ns3:hr>
					</ns3:TrackPointExtension>
				</extensions>
			</trkpt>
			<trkpt lat="48.99689138" lon="2.32915886">
				<ele>157.92</ele>
				<time>2025-12-05T11:31:14Z</time>
				<extensions>
					<ns3:TrackPointExtension>
						<ns3:speed>1.63</ns3:speed>
						<ns3:cad>61.0</ns3:cad>
						<ns3:hr>124</ns3:hr>
					</ns3:TrackPointExtension>
				</extensions>
			</trkpt>
			<trkpt lat="48.99690637" lon="2.32916386">
				<ele>158.02</ele>
				<time>2025-12-05T11:31:15Z</time>
				<extensions>
					<ns3:TrackPointExtension>
						<ns3:speed>1.63</ns3:speed>
						<ns3:cad>61.0</ns3:cad>
						<ns3:hr>124</ns3:hr>
					</ns3:TrackPointExtension>
				</extensions>
			</trkpt>
			<trkpt lat="48.99692136" lon="2.32916885">
				<ele>158.12</ele>
				<time>2025-12-05T11:31:16Z</time>
				<extensions>
					<ns3:TrackPointExtension>
						<ns3:speed>1.63</ns3:speed>
						<ns3:cad>61.0</ns3:cad>
						<ns3:hr>125</ns3:hr>
					</ns3:TrackPointExtension>
				</extensions>
			</trkpt>
			<trkpt lat="48.99693636" lon="2.32917318">
				<ele>158.24</ele>
				<time>2025-12-05T11:31:17Z</time>
				<extensions>
					<ns3:TrackPointExtension>
						<ns3:speed>1.63</ns3:speed>
						<ns3:cad>61.0</ns3:cad>
						<ns3:hr>125</ns3:hr>
					</ns3:TrackPointExtension>
				</extensions>
			</trkpt>
			<trkpt lat="48.99695202" lon="2.32917717">
				<ele>158.35</ele>
				<time>2025-12-05T11:31:18Z</time>
				<extensions>
					<ns3:TrackPointExtension>
						<ns3:speed>1.64</ns3:speed>
						<ns3:cad>61.0</ns3:cad>
						<ns3:hr>125</ns3:hr>
					</ns3:TrackPointExtension>
				</extensions>
			</trkpt>
			<trkpt lat="48.99696735" lon="2.32918217">
				<ele>158.46</ele>
				<time>2025-12-05T11:31:19Z</time>
				<extensions>
					<ns3:TrackPointExtension>
						<ns3:speed>1.64</ns3:speed>
						<ns3:cad>61.0</ns3:cad>
						<ns3:hr>124</ns3:hr>
					</ns3:TrackPointExtension>
				</extensions>
			</trkpt>
			<trkpt lat="48.99698268" lon="2.32918683">
				<ele>158.59</ele>
				<time>2025-12-05T11:31:20Z</time>
				<extensions>
					<ns3:TrackPointExtension>
						<ns3:speed>1.64</ns3:speed>
						<ns3:cad>61.0</ns3:cad>
						<ns3:hr>125</ns3:hr>
					</ns3:TrackPointExtension>
				</extensions>
			</trkpt>
			<trkpt lat="48.99699834" lon="2.32919083">
				<ele>158.7</ele>
				<time>2025-12-05T11:31:21Z</time>
				<extensions>
					<ns3:TrackPointExtension>
						<ns3:speed>1.64</ns3:speed>
						<ns3:cad>61.0</ns3:cad>
						<ns3:hr>125</ns3:hr>
					</ns3:TrackPointExtension>
				</extensions>
			</trkpt>
			<trkpt lat="48.997014" lon="2.32919582">
				<ele>158.8</ele>
				<time>2025-12-05T11:31:22Z</time>
				<extensions>
					<ns3:TrackPointExtension>
						<ns3:speed>1.65</ns3:speed>
						<ns3:cad>61.0</ns3:cad>
						<ns3:hr>126</ns3:hr>
					</ns3:TrackPointExtension>
				</extensions>
			</trkpt>
			<trkpt lat="48.997029" lon="2.32920215">
				<ele>158.91</ele>
				<time>2025-12-05T11:31:23Z</time>
				<extensions>
					<ns3:TrackPointExtension>
						<ns3:speed>1.65</ns3:speed>
						<ns3:cad>61.0</ns3:cad>
						<ns3:hr>126</ns3:hr>
					</ns3:TrackPointExtension>
				</extensions>
			</trkpt>
			<trkpt lat="48.99704433" lon="2.32920648">
				<ele>158.91</ele>
				<time>2025-12-05T11:31:24Z</time>
				<extensions>
					<ns3:TrackPointExtension>
						<ns3:speed>1.65</ns3:speed>
						<ns3:cad>61.0</ns3:cad>
						<ns3:hr>126</ns3:hr>
					</ns3:TrackPointExtension>
				</extensions>
			</trkpt>
			<trkpt lat="48.99705932" lon="2.32920914">
				<ele>159.07</ele>
				<time>2025-12-05T11:31:25Z</time>
				<extensions>
					<ns3:TrackPointExtension>
						<ns3:speed>1.65</ns3:speed>
						<ns3:cad>61.0</ns3:cad>
						<ns3:hr>126</ns3:hr>
					</ns3:TrackPointExtension>
				</extensions>
			</trkpt>
			<trkpt lat="48.99707432" lon="2.3292108">
				<ele>159.14</ele>
				<time>2025-12-05T11:31:26Z</time>
				<extensions>
					<ns3:TrackPointExtension>
						<ns3:speed>1.66</ns3:speed>
						<ns3:cad>61.0</ns3:cad>
						<ns3:hr>126</ns3:hr>
					</ns3:TrackPointExtension>
				</extensions>
			</trkpt>
			<trkpt lat="48.99709031" lon="2.32921113">
				<ele>159.17</ele>
				<time>2025-12-05T11:31:27Z</time>
				<extensions>
					<ns3:TrackPointExtension>
						<ns3:speed>1.66</ns3:speed>
						<ns3:cad>60.0</ns3:cad>
						<ns3:hr>125</ns3:hr>
					</ns3:TrackPointExtension>
				</extensions>
			</trkpt>
			<trkpt lat="48.99710564" lon="2.3292108">
				<ele>159.23</ele>
				<time>2025-12-05T11:31:28Z</time>
				<extensions>
					<ns3:TrackPointExtension>
						<ns3:speed>1.66</ns3:speed>
						<ns3:cad>60.0</ns3:cad>
						<ns3:hr>124</ns3:hr>
					</ns3:TrackPointExtension>
				</extensions>
			</trkpt>
			<trkpt lat="48.99712164" lon="2.32920914">
				<ele>159.28</ele>
				<time>2025-12-05T11:31:29Z</time>
				<extensions>
					<ns3:TrackPointExtension>
						<ns3:speed>1.66</ns3:speed>
						<ns3:cad>60.0</ns3:cad>
						<ns3:hr>124</ns3:hr>
					</ns3:TrackPointExtension>
				</extensions>
			</trkpt>
			<trkpt lat="48.99713763" lon="2.32920748">
				<ele>159.34</ele>
				<time>2025-12-05T11:31:30Z</time>
				<extensions>
					<ns3:TrackPointExtension>
						<ns3:speed>1.66</ns3:speed>
						<ns3:cad>60.0</ns3:cad>
						<ns3:hr>124</ns3:hr>
					</ns3:TrackPointExtension>
				</extensions>
			</trkpt>
			<trkpt lat="48.99715329" lon="2.32920582">
				<ele>159.41</ele>
				<time>2025-12-05T11:31:31Z</time>
				<extensions>
					<ns3:TrackPointExtension>
						<ns3:speed>1.67</ns3:speed>
						<ns3:cad>60.0</ns3:cad>
						<ns3:hr>124</ns3:hr>
					</ns3:TrackPointExtension>
				</extensions>
			</trkpt>
			<trkpt lat="48.99716929" lon="2.32920483">
				<ele>159.45</ele>
				<time>2025-12-05T11:31:32Z</time>
				<extensions>
					<ns3:TrackPointExtension>
						<ns3:speed>1.67</ns3:speed>
						<ns3:cad>60.0</ns3:cad>
						<ns3:hr>124</ns3:hr>
					</ns3:TrackPointExtension>
				</extensions>
			</trkpt>
			<trkpt lat="48.99718595" lon="2.3292035">
				<ele>159.49</ele>
				<time>2025-12-05T11:31:33Z</time>
				<extensions>
					<ns3:TrackPointExtension>
						<ns3:speed>1.67</ns3:speed>
						<ns3:cad>61.0</ns3:cad>
						<ns3:hr>123</ns3:hr>
					</ns3:TrackPointExtension>
				</extensions>
			</trkpt>
			<trkpt lat="48.99720228" lon="2.3292025">
				<ele>159.5</ele>
				<time>2025-12-05T11:31:34Z</time>
				<extensions>
					<ns3:TrackPointExtension>
						<ns3:speed>1.67</ns3:speed>
						<ns3:cad>61.0</ns3:cad>
						<ns3:hr>123</ns3:hr>
					</ns3:TrackPointExtension>
				</extensions>
			</trkpt>
			<trkpt lat="48.99721894" lon="2.32920416">
				<ele>159.52</ele>
				<time>2025-12-05T11:31:35Z</time>
				<extensions>
					<ns3:TrackPointExtension>
						<ns3:speed>1.68</ns3:speed>
						<ns3:cad>61.0</ns3:cad>
						<ns3:hr>124</ns3:hr>
					</ns3:TrackPointExtension>
				</extensions>
			</trkpt>
			<trkpt lat="48.99723527" lon="2.32920582">
				<ele>159.55</ele>
				<time>2025-12-05T11:31:36Z</time>
				<extensions>
					<ns3:TrackPointExtension>
						<ns3:speed>1.68</ns3:speed>
						<ns3:cad>61.0</ns3:cad>
						<ns3:hr>124</ns3:hr>
					</ns3:TrackPointExtension>
				</extensions>
			</trkpt>
			<trkpt lat="48.99725127" lon="2.32920748">
				<ele>159.59</ele>
				<time>2025-12-05T11:31:37Z</time>
				<extensions>
					<ns3:TrackPointExtension>
						<ns3:speed>1.68</ns3:speed>
						<ns3:cad>61.0</ns3:cad>
						<ns3:hr>125</ns3:hr>
					</ns3:TrackPointExtension>
				</extensions>
			</trkpt>
			<trkpt lat="48.99726693" lon="2.32920914">
				<ele>159.63</ele>
				<time>2025-12-05T11:31:38Z</time>
				<extensions>
					<ns3:TrackPointExtension>
						<ns3:speed>1.69</ns3:speed>
						<ns3:cad>61.0</ns3:cad>
						<ns3:hr>125</ns3:hr>
					</ns3:TrackPointExtension>
				</extensions>
			</trkpt>
			<trkpt lat="48.99728226" lon="2.3292108">
				<ele>159.66</ele>
				<time>2025-12-05T11:31:39Z</time>
				<extensions>
					<ns3:TrackPointExtension>
						<ns3:speed>1.69</ns3:speed>
						<ns3:cad>61.0</ns3:cad>
						<ns3:hr>125</ns3:hr>
					</ns3:TrackPointExtension>
				</extensions>
			</trkpt>
			<trkpt lat="48.99729725" lon="2.32921379">
				<ele>159.67</ele>
				<time>2025-12-05T11:31:40Z</time>
				<extensions>
					<ns3:TrackPointExtension>
						<ns3:speed>1.69</ns3:speed>
						<ns3:cad>61.0</ns3:cad>
						<ns3:hr>126</ns3:hr>
					</ns3:TrackPointExtension>
				</extensions>
			</trkpt>
			<trkpt lat="48.99731258" lon="2.32921812">
				<ele>159.69</ele>
				<time>2025-12-05T11:31:41Z</time>
				<extensions>
					<ns3:TrackPointExtension>
						<ns3:speed>1.7</ns3:speed>
						<ns3:cad>61.0</ns3:cad>
						<ns3:hr>126</ns3:hr>
					</ns3:TrackPointExtension>
				</extensions>
			</trkpt>
			<trkpt lat="48.99732758" lon="2.32922345">
				<ele>159.7</ele>
				<time>2025-12-05T11:31:42Z</time>
				<extensions>
					<ns3:TrackPointExtension>
						<ns3:speed>1.7</ns3:speed>
						<ns3:cad>61.0</ns3:cad>
						<ns3:hr>126</ns3:hr>
					</ns3:TrackPointExtension>
				</extensions>
			</trkpt>
			<trkpt lat="48.99734224" lon="2.32922878">
				<ele>159.71</ele>
				<time>2025-12-05T11:31:43Z</time>
				<extensions>
					<ns3:TrackPointExtension>
						<ns3:speed>1.7</ns3:speed>
						<ns3:cad>61.0</ns3:cad>
						<ns3:hr>125</ns3:hr>
					</ns3:TrackPointExtension>
				</extensions>
			</trkpt>
			<trkpt lat="48.9973569" lon="2.32923444">
				<ele>159.73</ele>
				<time>2025-12-05T11:31:44Z</time>
				<extensions>
					<ns3:TrackPointExtension>
						<ns3:speed>1.7</ns3:speed>
						<ns3:cad>61.0</ns3:cad>
						<ns3:hr>126</ns3:hr>
					</ns3:TrackPointExtension>
				</extensions>
			</trkpt>
			<trkpt lat="48.99737156" lon="2.3292401">
				<ele>159.74</ele>
				<time>2025-12-05T11:31:45Z</time>
				<extensions>
					<ns3:TrackPointExtension>
						<ns3:speed>1.7</ns3:speed>
						<ns3:cad>61.0</ns3:cad>
						<ns3:hr>126</ns3:hr>
					</ns3:TrackPointExtension>
				</extensions>
			</trkpt>
			<trkpt lat="48.99738689" lon="2.32924476">
				<ele>159.74</ele>
				<time>2025-12-05T11:31:46Z</time>
				<extensions>
					<ns3:TrackPointExtension>
						<ns3:speed>1.7</ns3:speed>
						<ns3:cad>61.0</ns3:cad>
						<ns3:hr>125</ns3:hr>
					</ns3:TrackPointExtension>
				</extensions>
			</trkpt>
			<trkpt lat="48.99740289" lon="2.32924942">
				<ele>159.75</ele>
				<time>2025-12-05T11:31:47Z</time>
				<extensions>
					<ns3:TrackPointExtension>
						<ns3:speed>1.7</ns3:speed>
						<ns3:cad>61.0</ns3:cad>
						<ns3:hr>125</ns3:hr>
					</ns3:TrackPointExtension>
				</extensions>
			</trkpt>
			<trkpt lat="48.99741855" lon="2.32925241">
				<ele>159.75</ele>
				<time>2025-12-05T11:31:48Z</time>
				<extensions>
					<ns3:TrackPointExtension>
						<ns3:speed>1.7</ns3:speed>
						<ns3:cad>61.0</ns3:cad>
						<ns3:hr>125</ns3:hr>
					</ns3:TrackPointExtension>
				</extensions>
			</trkpt>
			<trkpt lat="48.99743388" lon="2.32925574">
				<ele>159.73</ele>
				<time>2025-12-05T11:31:49Z</time>
				<extensions>
					<ns3:TrackPointExtension>
						<ns3:speed>1.7</ns3:speed>
						<ns3:cad>61.0</ns3:cad>
						<ns3:hr>126</ns3:hr>
					</ns3:TrackPointExtension>
				</extensions>
			</trkpt>
			<trkpt lat="48.99744921" lon="2.3292594">
				<ele>159.71</ele>
				<time>2025-12-05T11:31:50Z</time>
				<extensions>
					<ns3:TrackPointExtension>
						<ns3:speed>1.7</ns3:speed>
						<ns3:cad>61.0</ns3:cad>
						<ns3:hr>126</ns3:hr>
					</ns3:TrackPointExtension>
				</extensions>
			</trkpt>
			<trkpt lat="48.99746487" lon="2.32926306">
				<ele>159.7</ele>
				<time>2025-12-05T11:31:51Z</time>
				<extensions>
					<ns3:TrackPointExtension>
						<ns3:speed>1.7</ns3:speed>
						<ns3:cad>61.0</ns3:cad>
						<ns3:hr>125</ns3:hr>
					</ns3:TrackPointExtension>
				</extensions>
			</trkpt>
			<trkpt lat="48.99748053" lon="2.32926706">
				<ele>159.7</ele>
				<time>2025-12-05T11:31:52Z</time>
				<extensions>
					<ns3:TrackPointExtension>
						<ns3:speed>1.7</ns3:speed>
						<ns3:cad>61.0</ns3:cad>
						<ns3:hr>126</ns3:hr>
					</ns3:TrackPointExtension>
				</extensions>
			</trkpt>
			<trkpt lat="48.99749653" lon="2.32927139">
				<ele>159.72</ele>
				<time>2025-12-05T11:31:53Z</time>
				<extensions>
					<ns3:TrackPointExtension>
						<ns3:speed>1.7</ns3:speed>
						<ns3:cad>61.0</ns3:cad>
						<ns3:hr>127</ns3:hr>
					</ns3:TrackPointExtension>
				</extensions>
			</trkpt>
			<trkpt lat="48.99751186" lon="2.32927672">
				<ele>159.75</ele>
				<time>2025-12-05T11:31:54Z</time>
				<extensions>
					<ns3:TrackPointExtension>
						<ns3:speed>1.7</ns3:speed>
						<ns3:cad>61.0</ns3:cad>
						<ns3:hr>128</ns3:hr>
					</ns3:TrackPointExtension>
				</extensions>
			</trkpt>
			<trkpt lat="48.99752719" lon="2.32928205">
				<ele>159.8</ele>
				<time>2025-12-05T11:31:55Z</time>
				<extensions>
					<ns3:TrackPointExtension>
						<ns3:speed>1.71</ns3:speed>
						<ns3:cad>61.0</ns3:cad>
						<ns3:hr>128</ns3:hr>
					</ns3:TrackPointExtension>
				</extensions>
			</trkpt>
			<trkpt lat="48.99754252" lon="2.32928771">
				<ele>159.85</ele>
				<time>2025-12-05T11:31:56Z</time>
				<extensions>
					<ns3:TrackPointExtension>
						<ns3:speed>1.71</ns3:speed>
						<ns3:cad>62.0</ns3:cad>
						<ns3:hr>129</ns3:hr>
					</ns3:TrackPointExtension>
				</extensions>
			</trkpt>
			<trkpt lat="48.99755751" lon="2.3292937">
				<ele>159.92</ele>
				<time>2025-12-05T11:31:57Z</time>
				<extensions>
					<ns3:TrackPointExtension>
						<ns3:speed>1.71</ns3:speed>
						<ns3:cad>62.0</ns3:cad>
						<ns3:hr>129</ns3:hr>
					</ns3:TrackPointExtension>
				</extensions>
			</trkpt>
			<trkpt lat="48.99757284" lon="2.32929836">
				<ele>159.98</ele>
				<time>2025-12-05T11:31:58Z</time>
				<extensions>
					<ns3:TrackPointExtension>
						<ns3:speed>1.71</ns3:speed>
						<ns3:cad>62.0</ns3:cad>
						<ns3:hr>129</ns3:hr>
					</ns3:TrackPointExtension>
				</extensions>
			</trkpt>
			<trkpt lat="48.99758783" lon="2.32930169">
				<ele>160.03</ele>
				<time>2025-12-05T11:31:59Z</time>
				<extensions>
					<ns3:TrackPointExtension>
						<ns3:speed>1.71</ns3:speed>
						<ns3:cad>62.0</ns3:cad>
						<ns3:hr>128</ns3:hr>
					</ns3:TrackPointExtension>
				</extensions>
			</trkpt>
			<trkpt lat="48.99760283" lon="2.32930368">
				<ele>160.12</ele>
				<time>2025-12-05T11:32:00Z</time>
				<extensions>
					<ns3:TrackPointExtension>
						<ns3:speed>1.71</ns3:speed>
						<ns3:cad>61.0</ns3:cad>
						<ns3:hr>128</ns3:hr>
					</ns3:TrackPointExtension>
				</extensions>
			</trkpt>
			<trkpt lat="48.99761782" lon="2.32930534">
				<ele>160.2</ele>
				<time>2025-12-05T11:32:01Z</time>
				<extensions>
					<ns3:TrackPointExtension>
						<ns3:speed>1.71</ns3:speed>
						<ns3:cad>61.0</ns3:cad>
						<ns3:hr>128</ns3:hr>
					</ns3:TrackPointExtension>
				</extensions>
			</trkpt>
			<trkpt lat="48.99763281" lon="2.32930567">
				<ele>160.25</ele>
				<time>2025-12-05T11:32:02Z</time>
				<extensions>
					<ns3:TrackPointExtension>
						<ns3:speed>1.71</ns3:speed>
						<ns3:cad>61.0</ns3:cad>
						<ns3:hr>128</ns3:hr>
					</ns3:TrackPointExtension>
				</extensions>
			</trkpt>
			<trkpt lat="48.99764781" lon="2.32930667">
				<ele>160.35</ele>
				<time>2025-12-05T11:32:03Z</time>
				<extensions>
					<ns3:TrackPointExtension>
						<ns3:speed>1.71</ns3:speed>
						<ns3:cad>61.0</ns3:cad>
						<ns3:hr>128</ns3:hr>
					</ns3:TrackPointExtension>
				</extensions>
			</trkpt>
			<trkpt lat="48.9976628" lon="2.32930766">
				<ele>160.44</ele>
				<time>2025-12-05T11:32:04Z</time>
				<extensions>
					<ns3:TrackPointExtension>
						<ns3:speed>1.7</ns3:speed>
						<ns3:cad>61.0</ns3:cad>
						<ns3:hr>128</ns3:hr>
					</ns3:TrackPointExtension>
				</extensions>
			</trkpt>
			<trkpt lat="48.99767846" lon="2.32930932">
				<ele>160.55</ele>
				<time>2025-12-05T11:32:05Z</time>
				<extensions>
					<ns3:TrackPointExtension>
						<ns3:speed>1.7</ns3:speed>
						<ns3:cad>61.0</ns3:cad>
						<ns3:hr>129</ns3:hr>
					</ns3:TrackPointExtension>
				</extensions>
			</trkpt>
			<trkpt lat="48.99769446" lon="2.32931198">
				<ele>160.64</ele>
				<time>2025-12-05T11:32:06Z</time>
				<extensions>
					<ns3:TrackPointExtension>
						<ns3:speed>1.7</ns3:speed>
						<ns3:cad>61.0</ns3:cad>
						<ns3:hr>130</ns3:hr>
					</ns3:TrackPointExtension>
				</extensions>
			</trkpt>
			<trkpt lat="48.99771012" lon="2.32931431">
				<ele>160.73</ele>
				<time>2025-12-05T11:32:07Z</time>
				<extensions>
					<ns3:TrackPointExtension>
						<ns3:speed>1.71</ns3:speed>
						<ns3:cad>61.0</ns3:cad>
						<ns3:hr>129</ns3:hr>
					</ns3:TrackPointExtension>
				</extensions>
			</trkpt>
			<trkpt lat="48.99772611" lon="2.32931664">
				<ele>160.81</ele>
				<time>2025-12-05T11:32:08Z</time>
				<extensions>
					<ns3:TrackPointExtension>
						<ns3:speed>1.71</ns3:speed>
						<ns3:cad>61.0</ns3:cad>
						<ns3:hr>130</ns3:hr>
					</ns3:TrackPointExtension>
				</extensions>
			</trkpt>
			<trkpt lat="48.99774177" lon="2.3293193">
				<ele>160.88</ele>
				<time>2025-12-05T11:32:09Z</time>
				<extensions>
					<ns3:TrackPointExtension>
						<ns3:speed>1.71</ns3:speed>
						<ns3:cad>61.0</ns3:cad>
						<ns3:hr>131</ns3:hr>
					</ns3:TrackPointExtension>
				</extensions>
			</trkpt>
			<trkpt lat="48.9977571" lon="2.32932129">
				<ele>160.95</ele>
				<time>2025-12-05T11:32:10Z</time>
				<extensions>
					<ns3:TrackPointExtension>
						<ns3:speed>1.71</ns3:speed>
						<ns3:cad>61.0</ns3:cad>
						<ns3:hr>130</ns3:hr>
					</ns3:TrackPointExtension>
				</extensions>
			</trkpt>
			<trkpt lat="48.99777243" lon="2.32932328">
				<ele>161.0</ele>
				<time>2025-12-05T11:32:11Z</time>
				<extensions>
					<ns3:TrackPointExtension>
						<ns3:speed>1.71</ns3:speed>
						<ns3:cad>60.0</ns3:cad>
						<ns3:hr>131</ns3:hr>
					</ns3:TrackPointExtension>
				</extensions>
			</trkpt>
			<trkpt lat="48.99778742" lon="2.32932528">
				<ele>161.03</ele>
				<time>2025-12-05T11:32:12Z</time>
				<extensions>
					<ns3:TrackPointExtension>
						<ns3:speed>1.71</ns3:speed>
						<ns3:cad>60.0</ns3:cad>
						<ns3:hr>131</ns3:hr>
					</ns3:TrackPointExtension>
				</extensions>
			</trkpt>
			<trkpt lat="48.99780342" lon="2.32932627">
				<ele>161.05</ele>
				<time>2025-12-05T11:32:13Z</time>
				<extensions>
					<ns3:TrackPointExtension>
						<ns3:speed>1.71</ns3:speed>
						<ns3:cad>60.0</ns3:cad>
						<ns3:hr>130</ns3:hr>
					</ns3:TrackPointExtension>
				</extensions>
			</trkpt>
			<trkpt lat="48.99781808" lon="2.32932827">
				<ele>161.09</ele>
				<time>2025-12-05T11:32:14Z</time>
				<extensions>
					<ns3:TrackPointExtension>
						<ns3:speed>1.71</ns3:speed>
						<ns3:cad>60.0</ns3:cad>
						<ns3:hr>130</ns3:hr>
					</ns3:TrackPointExtension>
				</extensions>
			</trkpt>
			<trkpt lat="48.99783307" lon="2.32933026">
				<ele>161.14</ele>
				<time>2025-12-05T11:32:15Z</time>
				<extensions>
					<ns3:TrackPointExtension>
						<ns3:speed>1.71</ns3:speed>
						<ns3:cad>60.0</ns3:cad>
						<ns3:hr>129</ns3:hr>
					</ns3:TrackPointExtension>
				</extensions>
			</trkpt>
			<trkpt lat="48.99784773" lon="2.32933192">
				<ele>161.17</ele>
				<time>2025-12-05T11:32:16Z</time>
				<extensions>
					<ns3:TrackPointExtension>
						<ns3:speed>1.7</ns3:speed>
						<ns3:cad>61.0</ns3:cad>
						<ns3:hr>128</ns3:hr>
					</ns3:TrackPointExtension>
				</extensions>
			</trkpt>
			<trkpt lat="48.99786272" lon="2.32933425">
				<ele>161.17</ele>
				<time>2025-12-05T11:32:17Z</time>
				<extensions>
					<ns3:TrackPointExtension>
						<ns3:speed>1.7</ns3:speed>
						<ns3:cad>61.0</ns3:cad>
						<ns3:hr>128</ns3:hr>
					</ns3:TrackPointExtension>
				</extensions>
			</trkpt>
			<trkpt lat="48.99787771" lon="2.32933691">
				<ele>161.24</ele>
				<time>2025-12-05T11:32:18Z</time>
				<extensions>
					<ns3:TrackPointExtension>
						<ns3:speed>1.7</ns3:speed>
						<ns3:cad>61.0</ns3:cad>
						<ns3:hr>129</ns3:hr>
					</ns3:TrackPointExtension>
				</extensions>
			</trkpt>
			<trkpt lat="48.99789204" lon="2.3293399">
				<ele>161.3</ele>
				<time>2025-12-05T11:32:19Z</time>
				<extensions>
					<ns3:TrackPointExtension>
						<ns3:speed>1.7</ns3:speed>
						<ns3:cad>61.0</ns3:cad>
						<ns3:hr>129</ns3:hr>
					</ns3:TrackPointExtension>
				</extensions>
			</trkpt>
			<trkpt lat="48.9979067" lon="2.32934256">
				<ele>161.35</ele>
				<time>2025-12-05T11:32:20Z</time>
				<extensions>
					<ns3:TrackPointExtension>
						<ns3:speed>1.7</ns3:speed>
						<ns3:cad>61.0</ns3:cad>
						<ns3:hr>129</ns3:hr>
					</ns3:TrackPointExtension>
				</extensions>
			</trkpt>
			<trkpt lat="48.9979207" lon="2.32934489">
				<ele>161.35</ele>
				<time>2025-12-05T11:32:21Z</time>
				<extensions>
					<ns3:TrackPointExtension>
						<ns3:speed>1.7</ns3:speed>
						<ns3:cad>61.0</ns3:cad>
						<ns3:hr>130</ns3:hr>
					</ns3:TrackPointExtension>
				</extensions>
			</trkpt>
			<trkpt lat="48.99793436" lon="2.32934722">
				<ele>161.49</ele>
				<time>2025-12-05T11:32:22Z</time>
				<extensions>
					<ns3:TrackPointExtension>
						<ns3:speed>1.7</ns3:speed>
						<ns3:cad>61.0</ns3:cad>
						<ns3:hr>129</ns3:hr>
					</ns3:TrackPointExtension>
				</extensions>
			</trkpt>
			<trkpt lat="48.99794802" lon="2.32935021">
				<ele>161.58</ele>
				<time>2025-12-05T11:32:23Z</time>
				<extensions>
					<ns3:TrackPointExtension>
						<ns3:speed>1.7</ns3:speed>
						<ns3:cad>61.0</ns3:cad>
						<ns3:hr>130</ns3:hr>
					</ns3:TrackPointExtension>
				</extensions>
			</trkpt>
			<trkpt lat="48.99796235" lon="2.3293532">
				<ele>161.67</ele>
				<time>2025-12-05T11:32:24Z</time>
				<extensions>
					<ns3:TrackPointExtension>
						<ns3:speed>1.7</ns3:speed>
						<ns3:cad>60.0</ns3:cad>
						<ns3:hr>130</ns3:hr>
					</ns3:TrackPointExtension>
				</extensions>
			</trkpt>
			<trkpt lat="48.99797668" lon="2.32935586">
				<ele>161.75</ele>
				<time>2025-12-05T11:32:25Z</time>
				<extensions>
					<ns3:TrackPointExtension>
						<ns3:speed>1.69</ns3:speed>
						<ns3:cad>60.0</ns3:cad>
						<ns3:hr>132</ns3:hr>
					</ns3:TrackPointExtension>
				</extensions>
			</trkpt>
			<trkpt lat="48.99799068" lon="2.32935785">
				<ele>161.83</ele>
				<time>2025-12-05T11:32:26Z</time>
				<extensions>
					<ns3:TrackPointExtension>
						<ns3:speed>1.69</ns3:speed>
						<ns3:cad>60.0</ns3:cad>
						<ns3:hr>133</ns3:hr>
					</ns3:TrackPointExtension>
				</extensions>
			</trkpt>
			<trkpt lat="48.99800534" lon="2.32935985">
				<ele>161.92</ele>
				<time>2025-12-05T11:32:27Z</time>
				<extensions>
					<ns3:TrackPointExtension>
						<ns3:speed>1.69</ns3:speed>
						<ns3:cad>60.0</ns3:cad>
						<ns3:hr>132</ns3:hr>
					</ns3:TrackPointExtension>
				</extensions>
			</trkpt>
			<trkpt lat="48.99801967" lon="2.32936384">
				<ele>162.0</ele>
				<time>2025-12-05T11:32:28Z</time>
				<extensions>
					<ns3:TrackPointExtension>
						<ns3:speed>1.69</ns3:speed>
						<ns3:cad>60.0</ns3:cad>
						<ns3:hr>133</ns3:hr>
					</ns3:TrackPointExtension>
				</extensions>
			</trkpt>
			<trkpt lat="48.99803466" lon="2.3293675">
				<ele>162.09</ele>
				<time>2025-12-05T11:32:29Z</time>
				<extensions>
					<ns3:TrackPointExtension>
						<ns3:speed>1.69</ns3:speed>
						<ns3:cad>60.0</ns3:cad>
						<ns3:hr>134</ns3:hr>
					</ns3:TrackPointExtension>
				</extensions>
			</trkpt>
			<trkpt lat="48.99804999" lon="2.32937016">
				<ele>162.16</ele>
				<time>2025-12-05T11:32:30Z</time>
				<extensions>
					<ns3:TrackPointExtension>
						<ns3:speed>1.68</ns3:speed>
						<ns3:cad>60.0</ns3:cad>
						<ns3:hr>134</ns3:hr>
					</ns3:TrackPointExtension>
				</extensions>
			</trkpt>
			<trkpt lat="48.99806532" lon="2.32937349">
				<ele>162.2</ele>
				<time>2025-12-05T11:32:31Z</time>
				<extensions>
					<ns3:TrackPointExtension>
						<ns3:speed>1.68</ns3:speed>
						<ns3:cad>60.0</ns3:cad>
						<ns3:hr>134</ns3:hr>
					</ns3:TrackPointExtension>
				</extensions>
			</trkpt>
			<trkpt lat="48.99808065" lon="2.32937649">
				<ele>162.24</ele>
				<time>2025-12-05T11:32:32Z</time>
				<extensions>
					<ns3:TrackPointExtension>
						<ns3:speed>1.68</ns3:speed>
						<ns3:cad>61.0</ns3:cad>
						<ns3:hr>135</ns3:hr>
					</ns3:TrackPointExtension>
				</extensions>
			</trkpt>
			<trkpt lat="48.99809565" lon="2.32938182">
				<ele>162.25</ele>
				<time>2025-12-05T11:32:33Z</time>
				<extensions>
					<ns3:TrackPointExtension>
						<ns3:speed>1.68</ns3:speed>
						<ns3:cad>61.0</ns3:cad>
						<ns3:hr>132</ns3:hr>
					</ns3:TrackPointExtension>
				</extensions>
			</trkpt>
			<trkpt lat="48.99811098" lon="2.32938681">
				<ele>162.24</ele>
				<time>2025-12-05T11:32:34Z</time>
				<extensions>
					<ns3:TrackPointExtension>
						<ns3:speed>1.68</ns3:speed>
						<ns3:cad>61.0</ns3:cad>
						<ns3:hr>129</ns3:hr>
					</ns3:TrackPointExtension>
				</extensions>
			</trkpt>
			<trkpt lat="48.99812531" lon="2.32939214">
				<ele>162.24</ele>
				<time>2025-12-05T11:32:35Z</time>
				<extensions>
					<ns3:TrackPointExtension>
						<ns3:speed>1.68</ns3:speed>
						<ns3:cad>60.0</ns3:cad>
						<ns3:hr>129</ns3:hr>
					</ns3:TrackPointExtension>
				</extensions>
			</trkpt>
			<trkpt lat="48.99813897" lon="2.32939613">
				<ele>162.25</ele>
				<time>2025-12-05T11:32:36Z</time>
				<extensions>
					<ns3:TrackPointExtension>
						<ns3:speed>1.68</ns3:speed>
						<ns3:cad>60.0</ns3:cad>
						<ns3:hr>129</ns3:hr>
					</ns3:TrackPointExtension>
				</extensions>
			</trkpt>
			<trkpt lat="48.99815363" lon="2.32940146">
				<ele>162.27</ele>
				<time>2025-12-05T11:32:37Z</time>
				<extensions>
					<ns3:TrackPointExtension>
						<ns3:speed>1.68</ns3:speed>
						<ns3:cad>60.0</ns3:cad>
						<ns3:hr>128</ns3:hr>
					</ns3:TrackPointExtension>
				</extensions>
			</trkpt>
			<trkpt lat="48.99816829" lon="2.32940612">
				<ele>162.27</ele>
				<time>2025-12-05T11:32:38Z</time>
				<extensions>
					<ns3:TrackPointExtension>
						<ns3:speed>1.68</ns3:speed>
						<ns3:cad>60.0</ns3:cad>
						<ns3:hr>128</ns3:hr>
					</ns3:TrackPointExtension>
				</extensions>
			</trkpt>
			<trkpt lat="48.99818295" lon="2.32941078">
				<ele>162.27</ele>
				<time>2025-12-05T11:32:39Z</time>
				<extensions>
					<ns3:TrackPointExtension>
						<ns3:speed>1.68</ns3:speed>
						<ns3:cad>60.0</ns3:cad>
						<ns3:hr>128</ns3:hr>
					</ns3:TrackPointExtension>
				</extensions>
			</trkpt>
			<trkpt lat="48.99819761" lon="2.32941344">
				<ele>162.25</ele>
				<time>2025-12-05T11:32:40Z</time>
				<extensions>
					<ns3:TrackPointExtension>
						<ns3:speed>1.68</ns3:speed>
						<ns3:cad>60.0</ns3:cad>
						<ns3:hr>127</ns3:hr>
					</ns3:TrackPointExtension>
				</extensions>
			</trkpt>
			<trkpt lat="48.9982126" lon="2.32941643">
				<ele>162.23</ele>
				<time>2025-12-05T11:32:41Z</time>
				<extensions>
					<ns3:TrackPointExtension>
						<ns3:speed>1.68</ns3:speed>
						<ns3:cad>60.0</ns3:cad>
						<ns3:hr>126</ns3:hr>
					</ns3:TrackPointExtension>
				</extensions>
			</trkpt>
			<trkpt lat="48.9982266" lon="2.32941976">
				<ele>162.19</ele>
				<time>2025-12-05T11:32:42Z</time>
				<extensions>
					<ns3:TrackPointExtension>
						<ns3:speed>1.68</ns3:speed>
						<ns3:cad>60.0</ns3:cad>
						<ns3:hr>125</ns3:hr>
					</ns3:TrackPointExtension>
				</extensions>
			</trkpt>
			<trkpt lat="48.9982406" lon="2.32942342">
				<ele>162.16</ele>
				<time>2025-12-05T11:32:43Z</time>
				<extensions>
					<ns3:TrackPointExtension>
						<ns3:speed>1.68</ns3:speed>
						<ns3:cad>60.0</ns3:cad>
						<ns3:hr>123</ns3:hr>
					</ns3:TrackPointExtension>
				</extensions>
			</trkpt>
			<trkpt lat="48.99825526" lon="2.32942941">
				<ele>162.14</ele>
				<time>2025-12-05T11:32:44Z</time>
				<extensions>
					<ns3:TrackPointExtension>
						<ns3:speed>1.68</ns3:speed>
						<ns3:cad>60.0</ns3:cad>
						<ns3:hr>124</ns3:hr>
					</ns3:TrackPointExtension>
				</extensions>
			</trkpt>
			<trkpt lat="48.99826925" lon="2.32943407">
				<ele>162.14</ele>
				<time>2025-12-05T11:32:45Z</time>
				<extensions>
					<ns3:TrackPointExtension>
						<ns3:speed>1.67</ns3:speed>
						<ns3:cad>60.0</ns3:cad>
						<ns3:hr>123</ns3:hr>
					</ns3:TrackPointExtension>
				</extensions>
			</trkpt>
			<trkpt lat="48.99828358" lon="2.32943873">
				<ele>162.17</ele>
				<time>2025-12-05T11:32:46Z</time>
				<extensions>
					<ns3:TrackPointExtension>
						<ns3:speed>1.67</ns3:speed>
						<ns3:cad>60.0</ns3:cad>
						<ns3:hr>122</ns3:hr>
					</ns3:TrackPointExtension>
				</extensions>
			</trkpt>
			<trkpt lat="48.99829824" lon="2.32944439">
				<ele>162.17</ele>
				<time>2025-12-05T11:32:47Z</time>
				<extensions>
					<ns3:TrackPointExtension>
						<ns3:speed>1.67</ns3:speed>
						<ns3:cad>60.0</ns3:cad>
						<ns3:hr>122</ns3:hr>
					</ns3:TrackPointExtension>
				</extensions>
			</trkpt>
			<trkpt lat="48.99831224" lon="2.32944972">
				<ele>162.22</ele>
				<time>2025-12-05T11:32:48Z</time>
				<extensions>
					<ns3:TrackPointExtension>
						<ns3:speed>1.67</ns3:speed>
						<ns3:cad>60.0</ns3:cad>
						<ns3:hr>122</ns3:hr>
					</ns3:TrackPointExtension>
				</extensions>
			</trkpt>
			<trkpt lat="48.99832657" lon="2.32945572">
				<ele>162.25</ele>
				<time>2025-12-05T11:32:49Z</time>
				<extensions>
					<ns3:TrackPointExtension>
						<ns3:speed>1.67</ns3:speed>
						<ns3:cad>60.0</ns3:cad>
						<ns3:hr>122</ns3:hr>
					</ns3:TrackPointExtension>
				</extensions>
			</trkpt>
			<trkpt lat="48.99834123" lon="2.32945971">
				<ele>162.31</ele>
				<time>2025-12-05T11:32:50Z</time>
				<extensions>
					<ns3:TrackPointExtension>
						<ns3:speed>1.67</ns3:speed>
						<ns3:cad>60.0</ns3:cad>
						<ns3:hr>123</ns3:hr>
					</ns3:TrackPointExtension>
				</extensions>
			</trkpt>
			<trkpt lat="48.99835622" lon="2.32946437">
				<ele>162.36</ele>
				<time>2025-12-05T11:32:51Z</time>
				<extensions>
					<ns3:TrackPointExtension>
						<ns3:speed>1.67</ns3:speed>
						<ns3:cad>60.0</ns3:cad>
						<ns3:hr>124</ns3:hr>
					</ns3:TrackPointExtension>
				</extensions>
			</trkpt>
			<trkpt lat="48.99837122" lon="2.3294677">
				<ele>162.39</ele>
				<time>2025-12-05T11:32:52Z</time>
				<extensions>
					<ns3:TrackPointExtension>
						<ns3:speed>1.67</ns3:speed>
						<ns3:cad>60.0</ns3:cad>
						<ns3:hr>124</ns3:hr>
					</ns3:TrackPointExtension>
				</extensions>
			</trkpt>
			<trkpt lat="48.99838588" lon="2.32947103">
				<ele>162.42</ele>
				<time>2025-12-05T11:32:53Z</time>
				<extensions>
					<ns3:TrackPointExtension>
						<ns3:speed>1.67</ns3:speed>
						<ns3:cad>60.0</ns3:cad>
						<ns3:hr>124</ns3:hr>
					</ns3:TrackPointExtension>
				</extensions>
			</trkpt>
			<trkpt lat="48.99840087" lon="2.32947369">
				<ele>162.44</ele>
				<time>2025-12-05T11:32:54Z</time>
				<extensions>
					<ns3:TrackPointExtension>
						<ns3:speed>1.67</ns3:speed>
						<ns3:cad>60.0</ns3:cad>
						<ns3:hr>125</ns3:hr>
					</ns3:TrackPointExtension>
				</extensions>
			</trkpt>
			<trkpt lat="48.99841653" lon="2.32947602">
				<ele>162.44</ele>
				<time>2025-12-05T11:32:55Z</time>
				<extensions>
					<ns3:TrackPointExtension>
						<ns3:speed>1.67</ns3:speed>
						<ns3:cad>60.0</ns3:cad>
						<ns3:hr>125</ns3:hr>
					</ns3:TrackPointExtension>
				</extensions>
			</trkpt>
			<trkpt lat="48.99843186" lon="2.32947868">
				<ele>162.45</ele>
				<time>2025-12-05T11:32:56Z</time>
				<extensions>
					<ns3:TrackPointExtension>
						<ns3:speed>1.67</ns3:speed>
						<ns3:cad>60.0</ns3:cad>
						<ns3:hr>126</ns3:hr>
					</ns3:TrackPointExtension>
				</extensions>
			</trkpt>
			<trkpt lat="48.99844786" lon="2.32948167">
				<ele>162.44</ele>
				<time>2025-12-05T11:32:57Z</time>
				<extensions>
					<ns3:TrackPointExtension>
						<ns3:speed>1.67</ns3:speed>
						<ns3:cad>60.0</ns3:cad>
						<ns3:hr>125</ns3:hr>
					</ns3:TrackPointExtension>
				</extensions>
			</trkpt>
			<trkpt lat="48.99846352" lon="2.32948466">
				<ele>162.44</ele>
				<time>2025-12-05T11:32:58Z</time>
				<extensions>
					<ns3:TrackPointExtension>
						<ns3:speed>1.67</ns3:speed>
						<ns3:cad>60.0</ns3:cad>
						<ns3:hr>126</ns3:hr>
					</ns3:TrackPointExtension>
				</extensions>
			</trkpt>
			<trkpt lat="48.99847918" lon="2.32948732">
				<ele>162.45</ele>
				<time>2025-12-05T11:32:59Z</time>
				<extensions>
					<ns3:TrackPointExtension>
						<ns3:speed>1.67</ns3:speed>
						<ns3:cad>60.0</ns3:cad>
						<ns3:hr>126</ns3:hr>
					</ns3:TrackPointExtension>
				</extensions>
			</trkpt>
			<trkpt lat="48.99849551" lon="2.32949098">
				<ele>162.44</ele>
				<time>2025-12-05T11:33:00Z</time>
				<extensions>
					<ns3:TrackPointExtension>
						<ns3:speed>1.67</ns3:speed>
						<ns3:cad>60.0</ns3:cad>
						<ns3:hr>126</ns3:hr>
					</ns3:TrackPointExtension>
				</extensions>
			</trkpt>
			<trkpt lat="48.99851117" lon="2.32949431">
				<ele>162.44</ele>
				<time>2025-12-05T11:33:01Z</time>
				<extensions>
					<ns3:TrackPointExtension>
						<ns3:speed>1.68</ns3:speed>
						<ns3:cad>60.0</ns3:cad>
						<ns3:hr>127</ns3:hr>
					</ns3:TrackPointExtension>
				</extensions>
			</trkpt>
			<trkpt lat="48.99852683" lon="2.32949897">
				<ele>162.44</ele>
				<time>2025-12-05T11:33:02Z</time>
				<extensions>
					<ns3:TrackPointExtension>
						<ns3:speed>1.68</ns3:speed>
						<ns3:cad>60.0</ns3:cad>
						<ns3:hr>128</ns3:hr>
					</ns3:TrackPointExtension>
				</extensions>
			</trkpt>
			<trkpt lat="48.99854216" lon="2.32950263">
				<ele>162.45</ele>
				<time>2025-12-05T11:33:03Z</time>
				<extensions>
					<ns3:TrackPointExtension>
						<ns3:speed>1.68</ns3:speed>
						<ns3:cad>60.0</ns3:cad>
						<ns3:hr>128</ns3:hr>
					</ns3:TrackPointExtension>
				</extensions>
			</trkpt>
			<trkpt lat="48.99855716" lon="2.32950462">
				<ele>162.46</ele>
				<time>2025-12-05T11:33:04Z</time>
				<extensions>
					<ns3:TrackPointExtension>
						<ns3:speed>1.68</ns3:speed>
						<ns3:cad>60.0</ns3:cad>
						<ns3:hr>128</ns3:hr>
					</ns3:TrackPointExtension>
				</extensions>
			</trkpt>
			<trkpt lat="48.99857215" lon="2.32950595">
				<ele>162.46</ele>
				<time>2025-12-05T11:33:05Z</time>
				<extensions>
					<ns3:TrackPointExtension>
						<ns3:speed>1.68</ns3:speed>
						<ns3:cad>60.0</ns3:cad>
						<ns3:hr>127</ns3:hr>
					</ns3:TrackPointExtension>
				</extensions>
			</trkpt>
			<trkpt lat="48.99858748" lon="2.32950728">
				<ele>162.46</ele>
				<time>2025-12-05T11:33:06Z</time>
				<extensions>
					<ns3:TrackPointExtension>
						<ns3:speed>1.68</ns3:speed>
						<ns3:cad>60.0</ns3:cad>
						<ns3:hr>126</ns3:hr>
					</ns3:TrackPointExtension>
				</extensions>
			</trkpt>
			<trkpt lat="48.99860247" lon="2.32950994">
				<ele>162.48</ele>
				<time>2025-12-05T11:33:07Z</time>
				<extensions>
					<ns3:TrackPointExtension>
						<ns3:speed>1.68</ns3:speed>
						<ns3:cad>60.0</ns3:cad>
						<ns3:hr>125</ns3:hr>
					</ns3:TrackPointExtension>
				</extensions>
			</trkpt>
			<trkpt lat="48.99861746" lon="2.3295136">
				<ele>162.49</ele>
				<time>2025-12-05T11:33:08Z</time>
				<extensions>
					<ns3:TrackPointExtension>
						<ns3:speed>1.68</ns3:speed>
						<ns3:cad>60.0</ns3:cad>
						<ns3:hr>125</ns3:hr>
					</ns3:TrackPointExtension>
				</extensions>
			</trkpt>
			<trkpt lat="48.99863179" lon="2.32951793">
				<ele>162.48</ele>
				<time>2025-12-05T11:33:09Z</time>
				<extensions>
					<ns3:TrackPointExtension>
						<ns3:speed>1.68</ns3:speed>
						<ns3:cad>61.0</ns3:cad>
						<ns3:hr>125</ns3:hr>
					</ns3:TrackPointExtension>
				</extensions>
			</trkpt>
			<trkpt lat="48.99864645" lon="2.32952292">
				<ele>162.48</ele>
				<time>2025-12-05T11:33:10Z</time>
				<extensions>
					<ns3:TrackPointExtension>
						<ns3:speed>1.68</ns3:speed>
						<ns3:cad>61.0</ns3:cad>
						<ns3:hr>123</ns3:hr>
					</ns3:TrackPointExtension>
				</extensions>
			</trkpt>
			<trkpt lat="48.99866111" lon="2.32952891">
				<ele>162.49</ele>
				<time>2025-12-05T11:33:11Z</time>
				<extensions>
					<ns3:TrackPointExtension>
						<ns3:speed>1.68</ns3:speed>
						<ns3:cad>61.0</ns3:cad>
						<ns3:hr>122</ns3:hr>
					</ns3:TrackPointExtension>
				</extensions>
			</trkpt>
			<trkpt lat="48.99867577" lon="2.32953391">
				<ele>162.47</ele>
				<time>2025-12-05T11:33:12Z</time>
				<extensions>
					<ns3:TrackPointExtension>
						<ns3:speed>1.68</ns3:speed>
						<ns3:cad>61.0</ns3:cad>
						<ns3:hr>121</ns3:hr>
					</ns3:TrackPointExtension>
				</extensions>
			</trkpt>
			<trkpt lat="48.9986901" lon="2.32953857">
				<ele>162.45</ele>
				<time>2025-12-05T11:33:13Z</time>
				<extensions>
					<ns3:TrackPointExtension>
						<ns3:speed>1.68</ns3:speed>
						<ns3:cad>61.0</ns3:cad>
						<ns3:hr>120</ns3:hr>
					</ns3:TrackPointExtension>
				</extensions>
			</trkpt>
			<trkpt lat="48.99870476" lon="2.32954357">
				<ele>162.41</ele>
				<time>2025-12-05T11:33:14Z</time>
				<extensions>
					<ns3:TrackPointExtension>
						<ns3:speed>1.68</ns3:speed>
						<ns3:cad>61.0</ns3:cad>
						<ns3:hr>119</ns3:hr>
					</ns3:TrackPointExtension>
				</extensions>
			</trkpt>
			<trkpt lat="48.99871942" lon="2.32954923">
				<ele>162.37</ele>
				<time>2025-12-05T11:33:15Z</time>
				<extensions>
					<ns3:TrackPointExtension>
						<ns3:speed>1.68</ns3:speed>
						<ns3:cad>61.0</ns3:cad>
						<ns3:hr>119</ns3:hr>
					</ns3:TrackPointExtension>
				</extensions>
			</trkpt>
			<trkpt lat="48.99873442" lon="2.32955389">
				<ele>162.31</ele>
				<time>2025-12-05T11:33:16Z</time>
				<extensions>
					<ns3:TrackPointExtension>
						<ns3:speed>1.68</ns3:speed>
						<ns3:cad>60.0</ns3:cad>
						<ns3:hr>120</ns3:hr>
					</ns3:TrackPointExtension>
				</extensions>
			</trkpt>
			<trkpt lat="48.99874908" lon="2.32955788">
				<ele>162.23</ele>
				<time>2025-12-05T11:33:17Z</time>
				<extensions>
					<ns3:TrackPointExtension>
						<ns3:speed>1.68</ns3:speed>
						<ns3:cad>60.0</ns3:cad>
						<ns3:hr>121</ns3:hr>
					</ns3:TrackPointExtension>
				</extensions>
			</trkpt>
			<trkpt lat="48.99876341" lon="2.32956188">
				<ele>162.19</ele>
				<time>2025-12-05T11:33:18Z</time>
				<extensions>
					<ns3:TrackPointExtension>
						<ns3:speed>1.68</ns3:speed>
						<ns3:cad>60.0</ns3:cad>
						<ns3:hr>121</ns3:hr>
					</ns3:TrackPointExtension>
				</extensions>
			</trkpt>
			<trkpt lat="48.99877741" lon="2.32956621">
				<ele>162.16</ele>
				<time>2025-12-05T11:33:19Z</time>
				<extensions>
					<ns3:TrackPointExtension>
						<ns3:speed>1.68</ns3:speed>
						<ns3:cad>60.0</ns3:cad>
						<ns3:hr>120</ns3:hr>
					</ns3:TrackPointExtension>
				</extensions>
			</trkpt>
			<trkpt lat="48.99879107" lon="2.3295712">
				<ele>162.14</ele>
				<time>2025-12-05T11:33:20Z</time>
				<extensions>
					<ns3:TrackPointExtension>
						<ns3:speed>1.68</ns3:speed>
						<ns3:cad>60.0</ns3:cad>
						<ns3:hr>119</ns3:hr>
					</ns3:TrackPointExtension>
				</extensions>
			</trkpt>
			<trkpt lat="48.99880173" lon="2.32957386">
				<ele>162.14</ele>
				<time>2025-12-05T11:33:21Z</time>
				<extensions>
					<ns3:TrackPointExtension>
						<ns3:speed>1.68</ns3:speed>
						<ns3:cad>60.0</ns3:cad>
						<ns3:hr>119</ns3:hr>
					</ns3:TrackPointExtension>
				</extensions>
			</trkpt>
			<trkpt lat="48.99880772" lon="2.32957253">
				<ele>162.14</ele>
				<time>2025-12-05T11:33:22Z</time>
				<extensions>
					<ns3:TrackPointExtension>
						<ns3:speed>1.67</ns3:speed>
						<ns3:cad>61.0</ns3:cad>
						<ns3:hr>119</ns3:hr>
					</ns3:TrackPointExtension>
				</extensions>
			</trkpt>
			<trkpt lat="48.99881071" lon="2.32957053">
				<ele>162.16</ele>
				<time>2025-12-05T11:33:23Z</time>
				<extensions>
					<ns3:TrackPointExtension>
						<ns3:speed>0.0</ns3:speed>
						<ns3:cad>0.0</ns3:cad>
						<ns3:hr>118</ns3:hr>
					</ns3:TrackPointExtension>
				</extensions>
			</trkpt>
			<trkpt lat="48.9988117" lon="2.3295662">
				<ele>162.16</ele>
				<time>2025-12-05T11:33:24Z</time>
				<extensions>
					<ns3:TrackPointExtension>
						<ns3:speed>0.0</ns3:speed>
						<ns3:cad>0.0</ns3:cad>
						<ns3:hr>117</ns3:hr>
					</ns3:TrackPointExtension>
				</extensions>
			</trkpt>
			<trkpt lat="48.99881137" lon="2.32956354">
				<ele>162.14</ele>
				<time>2025-12-05T11:33:25Z</time>
				<extensions>
					<ns3:TrackPointExtension>
						<ns3:speed>0.0</ns3:speed>
						<ns3:cad>0.0</ns3:cad>
						<ns3:hr>117</ns3:hr>
					</ns3:TrackPointExtension>
				</extensions>
			</trkpt>
			<trkpt lat="48.99881137" lon="2.32956121">
				<ele>162.12</ele>
				<time>2025-12-05T11:33:26Z</time>
				<extensions>
					<ns3:TrackPointExtension>
						<ns3:speed>0.0</ns3:speed>
						<ns3:cad>0.0</ns3:cad>
						<ns3:hr>116</ns3:hr>
					</ns3:TrackPointExtension>
				</extensions>
			</trkpt>
		</trkseg>
	</trk>
</gpx>
